市縣名稱,"區域名稱","學校名稱","供餐日期","菜色名稱"
"臺中市","豐原區","臺中市豐原區豐原國中","2026/08/31","台式大雞腿"
"臺中市","豐原區","臺中市豐原區豐原國中","2026/08/31","有機莧菜"
"臺中市","豐原區","臺中市豐原區豐原國中","2026/08/31","砂鍋魚"
"臺中市","豐原區","臺中市豐原區豐原國中","2026/08/31","糙米飯"
"臺中市","豐原區","臺中市豐原區豐原國中","2026/08/31","蘿蔔排骨湯"
"臺中市","豐原區","臺中市豐原區豐原國中","2026/08/31","調味料"
"臺中市","豐原區","臺中市豐原區豐原國中","2026/08/31","麻婆豆腐"
"臺中市","豐原區","臺中市豐原區豐原國中","2026/08/31","台式大雞腿"
"臺中市","豐原區","臺中市豐原區豐原國中","2026/08/31","有機小松菜"
"臺中市","豐原區","臺中市豐原區豐原國中","2026/08/31","砂鍋魚"
"臺中市","豐原區","臺中市豐原區豐原國中","2026/08/31","蘿蔔排骨湯"
"臺中市","豐原區","臺中市豐原區豐原國中","2026/08/31","調味料"
"臺中市","豐原區","臺中市豐原區豐原國中","2026/08/31","麥片飯"
"臺中市","豐原區","臺中市豐原區豐原國中","2026/08/31","麻婆豆腐"
"臺中市","豐原區","臺中市豐原區豐東國中","2026/08/31","台式大雞腿"
"臺中市","豐原區","臺中市豐原區豐東國中","2026/08/31","有機莧菜"
"臺中市","豐原區","臺中市豐原區豐東國中","2026/08/31","砂鍋魚"
"臺中市","豐原區","臺中市豐原區豐東國中","2026/08/31","糙米飯"
"臺中市","豐原區","臺中市豐原區豐東國中","2026/08/31","蘿蔔排骨湯"
"臺中市","豐原區","臺中市豐原區豐東國中","2026/08/31","調味料"
"臺中市","豐原區","臺中市豐原區豐東國中","2026/08/31","麻婆豆腐"
"臺中市","豐原區","臺中市豐原區豐東國中","2026/08/31","台式大雞腿A"
"臺中市","豐原區","臺中市豐原區豐東國中","2026/08/31","燕麥飯"
"臺中市","豐原區","臺中市豐原區豐東國中","2026/08/31","砂鍋魚"
"臺中市","豐原區","臺中市豐原區豐東國中","2026/08/31","肉燥空心菜"
"臺中市","豐原區","臺中市豐原區豐東國中","2026/08/31","蘿蔔排骨湯"
"臺中市","豐原區","臺中市豐原區豐東國中","2026/08/31","調味料"
"臺中市","豐原區","臺中市豐原區豐東國中","2026/08/31","麻婆豆腐"
"臺中市","豐原區","臺中市豐原區豐東國中","2026/08/31","台式大雞腿"
"臺中市","豐原區","臺中市豐原區豐東國中","2026/08/31","炒油菜"
"臺中市","豐原區","臺中市豐原區豐東國中","2026/08/31","砂鍋魚"
"臺中市","豐原區","臺中市豐原區豐東國中","2026/08/31","胚芽飯"
"臺中市","豐原區","臺中市豐原區豐東國中","2026/08/31","蘿蔔排骨湯"
"臺中市","豐原區","臺中市豐原區豐東國中","2026/08/31","調味料"
"臺中市","豐原區","臺中市豐原區豐東國中","2026/08/31","麻婆豆腐"
"臺中市","豐原區","臺中市豐原區豐南國中","2026/08/31","台式大雞腿"
"臺中市","豐原區","臺中市豐原區豐南國中","2026/08/31","油菜"
"臺中市","豐原區","臺中市豐原區豐南國中","2026/08/31","白飯"
"臺中市","豐原區","臺中市豐原區豐南國中","2026/08/31","砂鍋魚"
"臺中市","豐原區","臺中市豐原區豐南國中","2026/08/31","蘿蔔排骨湯"
"臺中市","豐原區","臺中市豐原區豐南國中","2026/08/31","調味料"
"臺中市","豐原區","臺中市豐原區豐南國中","2026/08/31","麻婆豆腐"
"臺中市","豐原區","臺中市豐原區豐南國中","2026/08/31","台式大雞腿"
"臺中市","豐原區","臺中市豐原區豐南國中","2026/08/31","有機莧菜"
"臺中市","豐原區","臺中市豐原區豐南國中","2026/08/31","砂鍋魚"
"臺中市","豐原區","臺中市豐原區豐南國中","2026/08/31","糙米飯"
"臺中市","豐原區","臺中市豐原區豐南國中","2026/08/31","蘿蔔排骨湯"
"臺中市","豐原區","臺中市豐原區豐南國中","2026/08/31","調味料"
"臺中市","豐原區","臺中市豐原區豐南國中","2026/08/31","麻婆豆腐"
"臺中市","潭子區","臺中市潭子區潭子國中","2026/08/31","台式大雞腿"
"臺中市","潭子區","臺中市潭子區潭子國中","2026/08/31","炒油菜"
"臺中市","潭子區","臺中市潭子區潭子國中","2026/08/31","砂鍋魚"
"臺中市","潭子區","臺中市潭子區潭子國中","2026/08/31","胚芽飯"
"臺中市","潭子區","臺中市潭子區潭子國中","2026/08/31","蘿蔔排骨湯"
"臺中市","潭子區","臺中市潭子區潭子國中","2026/08/31","調味料"
"臺中市","潭子區","臺中市潭子區潭子國中","2026/08/31","麻婆豆腐"
"臺中市","潭子區","臺中市潭子區潭子國中","2026/08/31","台式大雞腿"
"臺中市","潭子區","臺中市潭子區潭子國中","2026/08/31","油菜"
"臺中市","潭子區","臺中市潭子區潭子國中","2026/08/31","砂鍋魚"
"臺中市","潭子區","臺中市潭子區潭子國中","2026/08/31","胚芽飯"
"臺中市","潭子區","臺中市潭子區潭子國中","2026/08/31","蘿蔔排骨湯"
"臺中市","潭子區","臺中市潭子區潭子國中","2026/08/31","調味料"
"臺中市","潭子區","臺中市潭子區潭子國中","2026/08/31","麻婆豆腐"
"臺中市","大雅區","臺中市大雅區大雅國中","2026/08/31","台式大雞腿"
"臺中市","大雅區","臺中市大雅區大雅國中","2026/08/31","有機莧菜"
"臺中市","大雅區","臺中市大雅區大雅國中","2026/08/31","砂鍋魚"
"臺中市","大雅區","臺中市大雅區大雅國中","2026/08/31","糙米飯"
"臺中市","大雅區","臺中市大雅區大雅國中","2026/08/31","蘿蔔排骨湯"
"臺中市","大雅區","臺中市大雅區大雅國中","2026/08/31","調味料"
"臺中市","大雅區","臺中市大雅區大雅國中","2026/08/31","麻婆豆腐"
"臺中市","大雅區","臺中市大雅區大雅國中","2026/08/31","台式大雞腿"
"臺中市","大雅區","臺中市大雅區大雅國中","2026/08/31","炒油菜"
"臺中市","大雅區","臺中市大雅區大雅國中","2026/08/31","砂鍋魚"
"臺中市","大雅區","臺中市大雅區大雅國中","2026/08/31","胚芽飯"
"臺中市","大雅區","臺中市大雅區大雅國中","2026/08/31","蘿蔔排骨湯"
"臺中市","大雅區","臺中市大雅區大雅國中","2026/08/31","調味料"
"臺中市","大雅區","臺中市大雅區大雅國中","2026/08/31","麻婆豆腐"
"臺中市","大雅區","臺中市大雅區大雅國中","2026/08/31","台式大雞腿"
"臺中市","大雅區","臺中市大雅區大雅國中","2026/08/31","油菜"
"臺中市","大雅區","臺中市大雅區大雅國中","2026/08/31","砂鍋魚"
"臺中市","大雅區","臺中市大雅區大雅國中","2026/08/31","胚芽飯"
"臺中市","大雅區","臺中市大雅區大雅國中","2026/08/31","蘿蔔排骨湯"
"臺中市","大雅區","臺中市大雅區大雅國中","2026/08/31","調味料"
"臺中市","大雅區","臺中市大雅區大雅國中","2026/08/31","麻婆豆腐"
"臺中市","后里區","臺中市后里區后里國中","2026/08/31","保久乳"
"臺中市","后里區","臺中市后里區后里國中","2026/08/31","台式大雞腿"
"臺中市","后里區","臺中市后里區后里國中","2026/08/31","白米飯"
"臺中市","后里區","臺中市后里區后里國中","2026/08/31","白菜什錦(素)"
"臺中市","后里區","臺中市后里區后里國中","2026/08/31","砂鍋魚"
"臺中市","后里區","臺中市后里區后里國中","2026/08/31","素雲菜捲(素)"
"臺中市","后里區","臺中市后里區后里國中","2026/08/31","蘿蔔排骨湯"
"臺中市","后里區","臺中市后里區后里國中","2026/08/31","蘿蔔湯(素)"
"臺中市","后里區","臺中市后里區后里國中","2026/08/31","調味料"
"臺中市","后里區","臺中市后里區后里國中","2026/08/31","豆瓣紫茄(素)"
"臺中市","后里區","臺中市后里區后里國中","2026/08/31","青江菜"
"臺中市","后里區","臺中市后里區后里國中","2026/08/31","鮮菇豆腐(素)"
"臺中市","后里區","臺中市后里區后里國中","2026/08/31","麻婆豆腐"
"臺中市","外埔區","臺中市外埔區外埔國中","2026/08/31","加菜燒台式大骨腿1150831"
"臺中市","外埔區","臺中市外埔區外埔國中","2026/08/31","小白菜1150831"
"臺中市","外埔區","臺中市外埔區外埔國中","2026/08/31","砂鍋魚1150831"
"臺中市","外埔區","臺中市外埔區外埔國中","2026/08/31","糙米飯1150831"
"臺中市","外埔區","臺中市外埔區外埔國中","2026/08/31","蘿蔔排骨湯1150831"
"臺中市","外埔區","臺中市外埔區外埔國中","2026/08/31","調味料"
"臺中市","外埔區","臺中市外埔區外埔國中","2026/08/31","麻婆豆腐1150831"
"臺中市","外埔區","臺中市外埔區外埔國中","2026/08/31","台式大雞腿1150831"
"臺中市","外埔區","臺中市外埔區外埔國中","2026/08/31","產銷履歷油菜1150831"
"臺中市","外埔區","臺中市外埔區外埔國中","2026/08/31","砂鍋魚1150831"
"臺中市","外埔區","臺中市外埔區外埔國中","2026/08/31","蘿蔔排骨湯1150831"
"臺中市","外埔區","臺中市外埔區外埔國中","2026/08/31","調味料"
"臺中市","外埔區","臺中市外埔區外埔國中","2026/08/31","麥片飯1150831"
"臺中市","外埔區","臺中市外埔區外埔國中","2026/08/31","麻婆豆腐1150831"
"臺中市","大甲區","臺中市大甲區大甲國中","2026/08/31","台式大雞腿1150831"
"臺中市","大甲區","臺中市大甲區大甲國中","2026/08/31","白米飯1150831"
"臺中市","大甲區","臺中市大甲區大甲國中","2026/08/31","砂鍋魚1150831"
"臺中市","大甲區","臺中市大甲區大甲國中","2026/08/31","美味鵝白菜1150831"
"臺中市","大甲區","臺中市大甲區大甲國中","2026/08/31","蘿蔔排骨湯1150831"
"臺中市","大甲區","臺中市大甲區大甲國中","2026/08/31","調味料"
"臺中市","大甲區","臺中市大甲區大甲國中","2026/08/31","麻婆豆腐1150831"
"臺中市","大甲區","臺中市大甲區大甲國中","2026/08/31","加菜台式大骨腿1150831"
"臺中市","大甲區","臺中市大甲區大甲國中","2026/08/31","小白菜1150831"
"臺中市","大甲區","臺中市大甲區大甲國中","2026/08/31","砂鍋魚1150831"
"臺中市","大甲區","臺中市大甲區大甲國中","2026/08/31","糙米飯1150831"
"臺中市","大甲區","臺中市大甲區大甲國中","2026/08/31","蘿蔔排骨湯1150831"
"臺中市","大甲區","臺中市大甲區大甲國中","2026/08/31","調味料"
"臺中市","大甲區","臺中市大甲區大甲國中","2026/08/31","麻婆豆腐1150831"
"臺中市","大甲區","臺中市大甲區大甲國中","2026/08/31","台式大雞腿1150831"
"臺中市","大甲區","臺中市大甲區大甲國中","2026/08/31","產銷履歷油菜1150831"
"臺中市","大甲區","臺中市大甲區大甲國中","2026/08/31","砂鍋魚1150831"
"臺中市","大甲區","臺中市大甲區大甲國中","2026/08/31","蘿蔔排骨湯1150831"
"臺中市","大甲區","臺中市大甲區大甲國中","2026/08/31","調味料"
"臺中市","大甲區","臺中市大甲區大甲國中","2026/08/31","麥片飯1150831"
"臺中市","大甲區","臺中市大甲區大甲國中","2026/08/31","麻婆豆腐1150831"
"臺中市","大甲區","臺中市大甲區大甲國中","2026/08/31","台式大雞腿"
"臺中市","大甲區","臺中市大甲區大甲國中","2026/08/31","有機小松菜"
"臺中市","大甲區","臺中市大甲區大甲國中","2026/08/31","砂鍋魚"
"臺中市","大甲區","臺中市大甲區大甲國中","2026/08/31","蘿蔔排骨湯"
"臺中市","大甲區","臺中市大甲區大甲國中","2026/08/31","調味料"
"臺中市","大甲區","臺中市大甲區大甲國中","2026/08/31","麥片飯"
"臺中市","大甲區","臺中市大甲區大甲國中","2026/08/31","麻婆豆腐"
"臺中市","大甲區","臺中市大甲區日南國中","2026/08/31","加菜台式大骨腿1150831"
"臺中市","大甲區","臺中市大甲區日南國中","2026/08/31","小白菜1150831"
"臺中市","大甲區","臺中市大甲區日南國中","2026/08/31","砂鍋魚1150831"
"臺中市","大甲區","臺中市大甲區日南國中","2026/08/31","糙米飯1150831"
"臺中市","大甲區","臺中市大甲區日南國中","2026/08/31","蘿蔔排骨湯1150831"
"臺中市","大甲區","臺中市大甲區日南國中","2026/08/31","調味料"
"臺中市","大甲區","臺中市大甲區日南國中","2026/08/31","麻婆豆腐1150831"
"臺中市","大甲區","臺中市大甲區日南國中","2026/08/31","台式大雞腿1150831"
"臺中市","大甲區","臺中市大甲區日南國中","2026/08/31","產銷履歷油菜1150831"
"臺中市","大甲區","臺中市大甲區日南國中","2026/08/31","砂鍋魚1150831"
"臺中市","大甲區","臺中市大甲區日南國中","2026/08/31","蘿蔔排骨湯1150831"
"臺中市","大甲區","臺中市大甲區日南國中","2026/08/31","調味料"
"臺中市","大甲區","臺中市大甲區日南國中","2026/08/31","麥片飯1150831"
"臺中市","大甲區","臺中市大甲區日南國中","2026/08/31","麻婆豆腐1150831"
"臺中市","大甲區","臺中市大甲區日南國中","2026/08/31","健康飯"
"臺中市","大甲區","臺中市大甲區日南國中","2026/08/31","台式大雞腿"
"臺中市","大甲區","臺中市大甲區日南國中","2026/08/31","油菜"
"臺中市","大甲區","臺中市大甲區日南國中","2026/08/31","砂鍋魚"
"臺中市","大甲區","臺中市大甲區日南國中","2026/08/31","蘿蔔排骨湯"
"臺中市","大甲區","臺中市大甲區日南國中","2026/08/31","調味料"
"臺中市","大甲區","臺中市大甲區日南國中","2026/08/31","麻婆豆腐"
"臺中市","大安區","臺中市大安區大安國中","2026/08/31","加菜燒台式大骨腿1150831"
"臺中市","大安區","臺中市大安區大安國中","2026/08/31","有機蚵白菜1150831"
"臺中市","大安區","臺中市大安區大安國中","2026/08/31","砂鍋魚1150831"
"臺中市","大安區","臺中市大安區大安國中","2026/08/31","糙米飯1150831"
"臺中市","大安區","臺中市大安區大安國中","2026/08/31","蘿蔔排骨湯1150831"
"臺中市","大安區","臺中市大安區大安國中","2026/08/31","調味料"
"臺中市","大安區","臺中市大安區大安國中","2026/08/31","麻婆豆腐1150831"
"臺中市","大安區","臺中市大安區大安國中","2026/08/31","黑椒毛豆莢1150831"
"臺中市","清水區","臺中市清水區清水國中","2026/08/31","台式大雞腿1150831"
"臺中市","清水區","臺中市清水區清水國中","2026/08/31","白米飯1150831"
"臺中市","清水區","臺中市清水區清水國中","2026/08/31","砂鍋魚1150831"
"臺中市","清水區","臺中市清水區清水國中","2026/08/31","美味鵝白菜1150831"
"臺中市","清水區","臺中市清水區清水國中","2026/08/31","蘿蔔排骨湯1150831"
"臺中市","清水區","臺中市清水區清水國中","2026/08/31","調味料"
"臺中市","清水區","臺中市清水區清水國中","2026/08/31","麻婆豆腐1150831"
"臺中市","清水區","臺中市清水區清水國中","2026/08/31","加菜台式大骨腿A1150831"
"臺中市","清水區","臺中市清水區清水國中","2026/08/31","小白菜1150831"
"臺中市","清水區","臺中市清水區清水國中","2026/08/31","砂鍋魚1150831"
"臺中市","清水區","臺中市清水區清水國中","2026/08/31","糙米飯1150831"
"臺中市","清水區","臺中市清水區清水國中","2026/08/31","蘿蔔排骨湯1150831"
"臺中市","清水區","臺中市清水區清水國中","2026/08/31","調味料"
"臺中市","清水區","臺中市清水區清水國中","2026/08/31","麻婆豆腐1150831"
"臺中市","清水區","臺中市清水區清水國中","2026/08/31","台式大雞腿1150831"
"臺中市","清水區","臺中市清水區清水國中","2026/08/31","產銷履歷油菜1150831"
"臺中市","清水區","臺中市清水區清水國中","2026/08/31","砂鍋魚1150831"
"臺中市","清水區","臺中市清水區清水國中","2026/08/31","蘿蔔排骨湯1150831"
"臺中市","清水區","臺中市清水區清水國中","2026/08/31","調味料"
"臺中市","清水區","臺中市清水區清水國中","2026/08/31","麥片飯1150831"
"臺中市","清水區","臺中市清水區清水國中","2026/08/31","麻婆豆腐1150831"
"臺中市","清水區","臺中市清水區清水國中","2026/08/31","台式大雞腿"
"臺中市","清水區","臺中市清水區清水國中","2026/08/31","有機小松菜"
"臺中市","清水區","臺中市清水區清水國中","2026/08/31","砂鍋魚"
"臺中市","清水區","臺中市清水區清水國中","2026/08/31","蘿蔔排骨湯"
"臺中市","清水區","臺中市清水區清水國中","2026/08/31","調味料"
"臺中市","清水區","臺中市清水區清水國中","2026/08/31","麥片飯"
"臺中市","清水區","臺中市清水區清水國中","2026/08/31","麻婆豆腐"
"臺中市","清水區","臺中市清水區清泉國中","2026/08/31","台式大雞腿1150831"
"臺中市","清水區","臺中市清水區清泉國中","2026/08/31","白米飯1150831"
"臺中市","清水區","臺中市清水區清泉國中","2026/08/31","砂鍋魚1150831"
"臺中市","清水區","臺中市清水區清泉國中","2026/08/31","美味鵝白菜1150831"
"臺中市","清水區","臺中市清水區清泉國中","2026/08/31","蘿蔔排骨湯1150831"
"臺中市","清水區","臺中市清水區清泉國中","2026/08/31","調味料"
"臺中市","清水區","臺中市清水區清泉國中","2026/08/31","麻婆豆腐1150831"
"臺中市","清水區","臺中市清水區清泉國中","2026/08/31","台式大雞腿"
"臺中市","清水區","臺中市清水區清泉國中","2026/08/31","有機小松菜"
"臺中市","清水區","臺中市清水區清泉國中","2026/08/31","砂鍋魚"
"臺中市","清水區","臺中市清水區清泉國中","2026/08/31","蘿蔔排骨湯"
"臺中市","清水區","臺中市清水區清泉國中","2026/08/31","調味料"
"臺中市","清水區","臺中市清水區清泉國中","2026/08/31","麥片飯"
"臺中市","清水區","臺中市清水區清泉國中","2026/08/31","麻婆豆腐"
"臺中市","沙鹿區","臺中市沙鹿區沙鹿國中","2026/08/31","台式大雞腿1150831"
"臺中市","沙鹿區","臺中市沙鹿區沙鹿國中","2026/08/31","白米飯1150831"
"臺中市","沙鹿區","臺中市沙鹿區沙鹿國中","2026/08/31","砂鍋魚1150831"
"臺中市","沙鹿區","臺中市沙鹿區沙鹿國中","2026/08/31","美味鵝白菜1150831"
"臺中市","沙鹿區","臺中市沙鹿區沙鹿國中","2026/08/31","蘿蔔排骨湯1150831"
"臺中市","沙鹿區","臺中市沙鹿區沙鹿國中","2026/08/31","調味料"
"臺中市","沙鹿區","臺中市沙鹿區沙鹿國中","2026/08/31","麻婆豆腐1150831"
"臺中市","沙鹿區","臺中市沙鹿區沙鹿國中","2026/08/31","台式大雞腿1150831"
"臺中市","沙鹿區","臺中市沙鹿區沙鹿國中","2026/08/31","產銷履歷油菜1150831"
"臺中市","沙鹿區","臺中市沙鹿區沙鹿國中","2026/08/31","砂鍋魚1150831"
"臺中市","沙鹿區","臺中市沙鹿區沙鹿國中","2026/08/31","蘿蔔排骨湯1150831"
"臺中市","沙鹿區","臺中市沙鹿區沙鹿國中","2026/08/31","調味料"
"臺中市","沙鹿區","臺中市沙鹿區沙鹿國中","2026/08/31","麥片飯1150831"
"臺中市","沙鹿區","臺中市沙鹿區沙鹿國中","2026/08/31","麻婆豆腐1150831"
"臺中市","沙鹿區","臺中市沙鹿區沙鹿國中","2026/08/31","健康飯"
"臺中市","沙鹿區","臺中市沙鹿區沙鹿國中","2026/08/31","台式大雞腿"
"臺中市","沙鹿區","臺中市沙鹿區沙鹿國中","2026/08/31","小白菜"
"臺中市","沙鹿區","臺中市沙鹿區沙鹿國中","2026/08/31","砂鍋魚"
"臺中市","沙鹿區","臺中市沙鹿區沙鹿國中","2026/08/31","蘿蔔排骨湯"
"臺中市","沙鹿區","臺中市沙鹿區沙鹿國中","2026/08/31","調味料"
"臺中市","沙鹿區","臺中市沙鹿區沙鹿國中","2026/08/31","麻婆豆腐"
"臺中市","梧棲區","臺中市梧棲區梧棲國中","2026/08/31","台式大雞腿"
"臺中市","梧棲區","臺中市梧棲區梧棲國中","2026/08/31","小米飯"
"臺中市","梧棲區","臺中市梧棲區梧棲國中","2026/08/31","砂鍋魚"
"臺中市","梧棲區","臺中市梧棲區梧棲國中","2026/08/31","蘿蔔排骨湯"
"臺中市","梧棲區","臺中市梧棲區梧棲國中","2026/08/31","調味料"
"臺中市","梧棲區","臺中市梧棲區梧棲國中","2026/08/31","青花菜"
"臺中市","梧棲區","臺中市梧棲區梧棲國中","2026/08/31","麻婆豆腐"
"臺中市","梧棲區","臺中市梧棲區梧棲國中","2026/08/31","台式大雞腿1150831"
"臺中市","梧棲區","臺中市梧棲區梧棲國中","2026/08/31","白米飯1150831"
"臺中市","梧棲區","臺中市梧棲區梧棲國中","2026/08/31","砂鍋魚1150831"
"臺中市","梧棲區","臺中市梧棲區梧棲國中","2026/08/31","美味鵝白菜1150831"
"臺中市","梧棲區","臺中市梧棲區梧棲國中","2026/08/31","蘿蔔排骨湯1150831"
"臺中市","梧棲區","臺中市梧棲區梧棲國中","2026/08/31","調味料"
"臺中市","梧棲區","臺中市梧棲區梧棲國中","2026/08/31","麻婆豆腐1150831"
"臺中市","梧棲區","臺中市梧棲區梧棲國中","2026/08/31","加菜燒台式大骨腿1150831"
"臺中市","梧棲區","臺中市梧棲區梧棲國中","2026/08/31","小白菜1150831"
"臺中市","梧棲區","臺中市梧棲區梧棲國中","2026/08/31","砂鍋魚1150831"
"臺中市","梧棲區","臺中市梧棲區梧棲國中","2026/08/31","糙米飯1150831"
"臺中市","梧棲區","臺中市梧棲區梧棲國中","2026/08/31","蘿蔔排骨湯1150831"
"臺中市","梧棲區","臺中市梧棲區梧棲國中","2026/08/31","調味料"
"臺中市","梧棲區","臺中市梧棲區梧棲國中","2026/08/31","麻婆豆腐1150831"
"臺中市","龍井區","臺中市龍井區龍井國中","2026/08/31","台式大雞腿1150831"
"臺中市","龍井區","臺中市龍井區龍井國中","2026/08/31","白米飯1150831"
"臺中市","龍井區","臺中市龍井區龍井國中","2026/08/31","砂鍋魚1150831"
"臺中市","龍井區","臺中市龍井區龍井國中","2026/08/31","美味鵝白菜1150831"
"臺中市","龍井區","臺中市龍井區龍井國中","2026/08/31","蘿蔔排骨湯1150831"
"臺中市","龍井區","臺中市龍井區龍井國中","2026/08/31","調味料"
"臺中市","龍井區","臺中市龍井區龍井國中","2026/08/31","麻婆豆腐1150831"
"臺中市","龍井區","臺中市龍井區龍井國中","2026/08/31","台式大雞腿"
"臺中市","龍井區","臺中市龍井區龍井國中","2026/08/31","有機小松菜"
"臺中市","龍井區","臺中市龍井區龍井國中","2026/08/31","砂鍋魚"
"臺中市","龍井區","臺中市龍井區龍井國中","2026/08/31","蘿蔔排骨湯"
"臺中市","龍井區","臺中市龍井區龍井國中","2026/08/31","調味料"
"臺中市","龍井區","臺中市龍井區龍井國中","2026/08/31","麥片飯"
"臺中市","龍井區","臺中市龍井區龍井國中","2026/08/31","麻婆豆腐"
"臺中市","龍井區","臺中市龍井區四箴國中","2026/08/31","什錦燒(素)"
"臺中市","龍井區","臺中市龍井區四箴國中","2026/08/31","冬瓜燒麵筋(素)"
"臺中市","龍井區","臺中市龍井區四箴國中","2026/08/31","小米飯"
"臺中市","龍井區","臺中市龍井區四箴國中","2026/08/31","沙茶油豆腐(素)"
"臺中市","龍井區","臺中市龍井區四箴國中","2026/08/31","砂鍋魚丁"
"臺中市","龍井區","臺中市龍井區四箴國中","2026/08/31","翠綠油菜"
"臺中市","龍井區","臺中市龍井區四箴國中","2026/08/31","翠綠油菜(素)"
"臺中市","龍井區","臺中市龍井區四箴國中","2026/08/31","蘿蔔排骨湯"
"臺中市","龍井區","臺中市龍井區四箴國中","2026/08/31","蘿蔔湯(素)"
"臺中市","龍井區","臺中市龍井區四箴國中","2026/08/31","調味料"
"臺中市","龍井區","臺中市龍井區四箴國中","2026/08/31","霸王雞腿"
"臺中市","龍井區","臺中市龍井區四箴國中","2026/08/31","麻婆豆腐"
"臺中市","龍井區","臺中市龍井區四箴國中","2026/08/31","麻婆豆腐(素)"
"臺中市","大肚區","臺中市大肚區大道國中","2026/08/31","台式大雞腿"
"臺中市","大肚區","臺中市大肚區大道國中","2026/08/31","燕麥飯"
"臺中市","大肚區","臺中市大肚區大道國中","2026/08/31","砂鍋魚"
"臺中市","大肚區","臺中市大肚區大道國中","2026/08/31","肉燥空心菜"
"臺中市","大肚區","臺中市大肚區大道國中","2026/08/31","蘿蔔排骨湯"
"臺中市","大肚區","臺中市大肚區大道國中","2026/08/31","調味料"
"臺中市","大肚區","臺中市大肚區大道國中","2026/08/31","麻婆豆腐"
"臺中市","大肚區","臺中市大肚區大道國中","2026/08/31","台式大雞腿D"
"臺中市","大肚區","臺中市大肚區大道國中","2026/08/31","炒油菜B"
"臺中市","大肚區","臺中市大肚區大道國中","2026/08/31","砂鍋魚"
"臺中市","大肚區","臺中市大肚區大道國中","2026/08/31","紫米飯"
"臺中市","大肚區","臺中市大肚區大道國中","2026/08/31","蘿蔔排骨湯"
"臺中市","大肚區","臺中市大肚區大道國中","2026/08/31","調味料"
"臺中市","大肚區","臺中市大肚區大道國中","2026/08/31","麻婆豆腐"
"臺中市","大肚區","臺中市大肚區大道國中","2026/08/31","台式大雞腿"
"臺中市","大肚區","臺中市大肚區大道國中","2026/08/31","砂鍋魚"
"臺中市","大肚區","臺中市大肚區大道國中","2026/08/31","胚芽飯"
"臺中市","大肚區","臺中市大肚區大道國中","2026/08/31","蘿蔔排骨湯"
"臺中市","大肚區","臺中市大肚區大道國中","2026/08/31","調味料"
"臺中市","大肚區","臺中市大肚區大道國中","2026/08/31","青江菜"
"臺中市","大肚區","臺中市大肚區大道國中","2026/08/31","麻婆豆腐"
"臺中市","烏日區","臺中市烏日區烏日國中","2026/08/31","台式大雞腿"
"臺中市","烏日區","臺中市烏日區烏日國中","2026/08/31","砂鍋魚"
"臺中市","烏日區","臺中市烏日區烏日國中","2026/08/31","薏仁飯"
"臺中市","烏日區","臺中市烏日區烏日國中","2026/08/31","蘿蔔排骨湯"
"臺中市","烏日區","臺中市烏日區烏日國中","2026/08/31","調味料"
"臺中市","烏日區","臺中市烏日區烏日國中","2026/08/31","青江菜"
"臺中市","烏日區","臺中市烏日區烏日國中","2026/08/31","麻婆豆腐"
"臺中市","烏日區","臺中市烏日區烏日國中","2026/08/31","台式大雞腿"
"臺中市","烏日區","臺中市烏日區烏日國中","2026/08/31","油菜"
"臺中市","烏日區","臺中市烏日區烏日國中","2026/08/31","砂鍋魚"
"臺中市","烏日區","臺中市烏日區烏日國中","2026/08/31","蘿蔔排骨湯"
"臺中市","烏日區","臺中市烏日區烏日國中","2026/08/31","調味料"
"臺中市","烏日區","臺中市烏日區烏日國中","2026/08/31","麥片飯"
"臺中市","烏日區","臺中市烏日區烏日國中","2026/08/31","麻婆豆腐"
"臺中市","烏日區","臺中市烏日區溪南國中","2026/08/31","五穀飯"
"臺中市","烏日區","臺中市烏日區溪南國中","2026/08/31","滷台式大雞腿"
"臺中市","烏日區","臺中市烏日區溪南國中","2026/08/31","砂鍋魚"
"臺中市","烏日區","臺中市烏日區溪南國中","2026/08/31","蘿蔔排骨湯"
"臺中市","烏日區","臺中市烏日區溪南國中","2026/08/31","豆漿"
"臺中市","烏日區","臺中市烏日區溪南國中","2026/08/31","青花菜"
"臺中市","烏日區","臺中市烏日區溪南國中","2026/08/31","麻婆豆腐"
"臺中市","霧峰區","臺中市霧峰區霧峰國中","2026/08/31","台式大雞腿"
"臺中市","霧峰區","臺中市霧峰區霧峰國中","2026/08/31","砂鍋魚"
"臺中市","霧峰區","臺中市霧峰區霧峰國中","2026/08/31","薏仁飯"
"臺中市","霧峰區","臺中市霧峰區霧峰國中","2026/08/31","蘿蔔排骨湯"
"臺中市","霧峰區","臺中市霧峰區霧峰國中","2026/08/31","調味料"
"臺中市","霧峰區","臺中市霧峰區霧峰國中","2026/08/31","青江菜"
"臺中市","霧峰區","臺中市霧峰區霧峰國中","2026/08/31","麻婆豆腐"
"臺中市","霧峰區","臺中市霧峰區光復國中(小)","2026/08/31","台式大雞腿"
"臺中市","霧峰區","臺中市霧峰區光復國中(小)","2026/08/31","砂鍋魚"
"臺中市","霧峰區","臺中市霧峰區光復國中(小)","2026/08/31","薏仁飯"
"臺中市","霧峰區","臺中市霧峰區光復國中(小)","2026/08/31","蘿蔔排骨湯"
"臺中市","霧峰區","臺中市霧峰區光復國中(小)","2026/08/31","調味料"
"臺中市","霧峰區","臺中市霧峰區光復國中(小)","2026/08/31","青江菜"
"臺中市","霧峰區","臺中市霧峰區光復國中(小)","2026/08/31","麻婆豆腐"
"臺中市","霧峰區","臺中市霧峰區光復國中(小)","2026/08/31","台式大雞腿D"
"臺中市","霧峰區","臺中市霧峰區光復國中(小)","2026/08/31","炒油菜B"
"臺中市","霧峰區","臺中市霧峰區光復國中(小)","2026/08/31","砂鍋魚"
"臺中市","霧峰區","臺中市霧峰區光復國中(小)","2026/08/31","紫米飯"
"臺中市","霧峰區","臺中市霧峰區光復國中(小)","2026/08/31","蘿蔔排骨湯"
"臺中市","霧峰區","臺中市霧峰區光復國中(小)","2026/08/31","調味料"
"臺中市","霧峰區","臺中市霧峰區光復國中(小)","2026/08/31","麻婆豆腐"
"臺中市","太平區","臺中市太平區太平國中","2026/08/31","台式大雞腿"
"臺中市","太平區","臺中市太平區太平國中","2026/08/31","炒油菜"
"臺中市","太平區","臺中市太平區太平國中","2026/08/31","砂鍋魚"
"臺中市","太平區","臺中市太平區太平國中","2026/08/31","胚芽飯"
"臺中市","太平區","臺中市太平區太平國中","2026/08/31","蘿蔔排骨湯"
"臺中市","太平區","臺中市太平區太平國中","2026/08/31","調味料"
"臺中市","太平區","臺中市太平區太平國中","2026/08/31","麻婆豆腐"
"臺中市","太平區","臺中市太平區太平國中","2026/08/31","台式大雞腿"
"臺中市","太平區","臺中市太平區太平國中","2026/08/31","油菜"
"臺中市","太平區","臺中市太平區太平國中","2026/08/31","砂鍋魚"
"臺中市","太平區","臺中市太平區太平國中","2026/08/31","胚芽飯"
"臺中市","太平區","臺中市太平區太平國中","2026/08/31","蘿蔔排骨湯"
"臺中市","太平區","臺中市太平區太平國中","2026/08/31","調味料"
"臺中市","太平區","臺中市太平區太平國中","2026/08/31","香蕉"
"臺中市","太平區","臺中市太平區太平國中","2026/08/31","麻婆豆腐"
"臺中市","太平區","臺中市太平區中平國中","2026/08/31","台式大雞腿"
"臺中市","太平區","臺中市太平區中平國中","2026/08/31","炒油菜"
"臺中市","太平區","臺中市太平區中平國中","2026/08/31","砂鍋魚"
"臺中市","太平區","臺中市太平區中平國中","2026/08/31","胚芽飯"
"臺中市","太平區","臺中市太平區中平國中","2026/08/31","蘿蔔排骨湯"
"臺中市","太平區","臺中市太平區中平國中","2026/08/31","調味料"
"臺中市","太平區","臺中市太平區中平國中","2026/08/31","麻婆豆腐"
"臺中市","太平區","臺中市太平區中平國中","2026/08/31","台式大雞腿"
"臺中市","太平區","臺中市太平區中平國中","2026/08/31","油菜"
"臺中市","太平區","臺中市太平區中平國中","2026/08/31","砂鍋魚"
"臺中市","太平區","臺中市太平區中平國中","2026/08/31","胚芽飯"
"臺中市","太平區","臺中市太平區中平國中","2026/08/31","蘿蔔排骨湯"
"臺中市","太平區","臺中市太平區中平國中","2026/08/31","調味料"
"臺中市","太平區","臺中市太平區中平國中","2026/08/31","麻婆豆腐"
"臺中市","石岡區","臺中市石岡區石岡國中","2026/08/31","台式大雞腿"
"臺中市","石岡區","臺中市石岡區石岡國中","2026/08/31","有機小松菜"
"臺中市","石岡區","臺中市石岡區石岡國中","2026/08/31","海苔片"
"臺中市","石岡區","臺中市石岡區石岡國中","2026/08/31","白飯"
"臺中市","石岡區","臺中市石岡區石岡國中","2026/08/31","砂鍋魚丁"
"臺中市","石岡區","臺中市石岡區石岡國中","2026/08/31","素有機小松菜"
"臺中市","石岡區","臺中市石岡區石岡國中","2026/08/31","素砂鍋獅子頭"
"臺中市","石岡區","臺中市石岡區石岡國中","2026/08/31","素蘿蔔玉米湯"
"臺中市","石岡區","臺中市石岡區石岡國中","2026/08/31","素金沙筊白筍"
"臺中市","石岡區","臺中市石岡區石岡國中","2026/08/31","素麻婆豆腐"
"臺中市","石岡區","臺中市石岡區石岡國中","2026/08/31","蘿蔔排骨湯"
"臺中市","石岡區","臺中市石岡區石岡國中","2026/08/31","調味料"
"臺中市","石岡區","臺中市石岡區石岡國中","2026/08/31","麻婆豆腐"
"臺中市","東勢區","臺中市東勢區東勢國中","2026/08/31","台式大雞腿"
"臺中市","東勢區","臺中市東勢區東勢國中","2026/08/31","有機莧菜"
"臺中市","東勢區","臺中市東勢區東勢國中","2026/08/31","砂鍋魚"
"臺中市","東勢區","臺中市東勢區東勢國中","2026/08/31","糙米飯"
"臺中市","東勢區","臺中市東勢區東勢國中","2026/08/31","蘋果"
"臺中市","東勢區","臺中市東勢區東勢國中","2026/08/31","蘿蔔排骨湯"
"臺中市","東勢區","臺中市東勢區東勢國中","2026/08/31","調味料"
"臺中市","東勢區","臺中市東勢區東勢國中","2026/08/31","麻婆豆腐"
"臺中市","東勢區","臺中市東勢區東勢國中","2026/08/31","台式大雞腿A"
"臺中市","東勢區","臺中市東勢區東勢國中","2026/08/31","燕麥飯"
"臺中市","東勢區","臺中市東勢區東勢國中","2026/08/31","砂鍋魚"
"臺中市","東勢區","臺中市東勢區東勢國中","2026/08/31","肉燥空心菜"
"臺中市","東勢區","臺中市東勢區東勢國中","2026/08/31","蘋果"
"臺中市","東勢區","臺中市東勢區東勢國中","2026/08/31","蘿蔔排骨湯"
"臺中市","東勢區","臺中市東勢區東勢國中","2026/08/31","調味料"
"臺中市","東勢區","臺中市東勢區東勢國中","2026/08/31","麻婆豆腐"
"臺中市","東勢區","臺中市東勢區東華國中","2026/08/31","小米飯"
"臺中市","東勢區","臺中市東勢區東華國中","2026/08/31","有機空心菜"
"臺中市","東勢區","臺中市東勢區東華國中","2026/08/31","砂鍋魚丁"
"臺中市","東勢區","臺中市東勢區東華國中","2026/08/31","蘿蔔排骨湯"
"臺中市","東勢區","臺中市東勢區東華國中","2026/08/31","調味料"
"臺中市","東勢區","臺中市東勢區東華國中","2026/08/31","霸王雞腿"
"臺中市","東勢區","臺中市東勢區東華國中","2026/08/31","麻婆豆腐"
"臺中市","東勢區","臺中市東勢區東華國中","2026/08/31","龍眼"
"臺中市","東勢區","臺中市東勢區東新國中","2026/08/31","小米飯"
"臺中市","東勢區","臺中市東勢區東新國中","2026/08/31","小米飯(素)"
"臺中市","東勢區","臺中市東勢區東新國中","2026/08/31","有機空心菜"
"臺中市","東勢區","臺中市東勢區東新國中","2026/08/31","有機空心菜(素)"
"臺中市","東勢區","臺中市東勢區東新國中","2026/08/31","牛蒡揚(素)"
"臺中市","東勢區","臺中市東勢區東新國中","2026/08/31","砂鍋大白菜(素)"
"臺中市","東勢區","臺中市東勢區東新國中","2026/08/31","砂鍋魚"
"臺中市","東勢區","臺中市東勢區東新國中","2026/08/31","菜捲(素)"
"臺中市","東勢區","臺中市東勢區東新國中","2026/08/31","蘿蔔排骨湯"
"臺中市","東勢區","臺中市東勢區東新國中","2026/08/31","蘿蔔湯(素)"
"臺中市","東勢區","臺中市東勢區東新國中","2026/08/31","調味料"
"臺中市","東勢區","臺中市東勢區東新國中","2026/08/31","霸王雞腿"
"臺中市","東勢區","臺中市東勢區東新國中","2026/08/31","麻婆豆腐"
"臺中市","東勢區","臺中市東勢區東新國中","2026/08/31","麻婆豆腐(素)"
"臺中市","大里區","臺中市大里區成功國中","2026/08/31","台式大雞腿"
"臺中市","大里區","臺中市大里區成功國中","2026/08/31","砂鍋魚"
"臺中市","大里區","臺中市大里區成功國中","2026/08/31","薏仁飯"
"臺中市","大里區","臺中市大里區成功國中","2026/08/31","蘿蔔排骨湯"
"臺中市","大里區","臺中市大里區成功國中","2026/08/31","調味料"
"臺中市","大里區","臺中市大里區成功國中","2026/08/31","青江菜"
"臺中市","大里區","臺中市大里區成功國中","2026/08/31","麻婆豆腐"
"臺中市","大里區","臺中市大里區成功國中","2026/08/31","台式大雞腿D"
"臺中市","大里區","臺中市大里區成功國中","2026/08/31","炒油菜B"
"臺中市","大里區","臺中市大里區成功國中","2026/08/31","砂鍋魚"
"臺中市","大里區","臺中市大里區成功國中","2026/08/31","紫米飯"
"臺中市","大里區","臺中市大里區成功國中","2026/08/31","蘿蔔排骨湯"
"臺中市","大里區","臺中市大里區成功國中","2026/08/31","調味料"
"臺中市","大里區","臺中市大里區成功國中","2026/08/31","麻婆豆腐"
"臺中市","大里區","臺中市大里區成功國中","2026/08/31","台式大雞腿"
"臺中市","大里區","臺中市大里區成功國中","2026/08/31","砂鍋魚"
"臺中市","大里區","臺中市大里區成功國中","2026/08/31","胚米飯"
"臺中市","大里區","臺中市大里區成功國中","2026/08/31","蘿蔔排骨湯"
"臺中市","大里區","臺中市大里區成功國中","2026/08/31","調味料"
"臺中市","大里區","臺中市大里區成功國中","2026/08/31","青江菜"
"臺中市","大里區","臺中市大里區成功國中","2026/08/31","麻婆豆腐"
"臺中市","大里區","臺中市大里區成功國中","2026/08/31","台式大雞腿"
"臺中市","大里區","臺中市大里區成功國中","2026/08/31","砂鍋魚"
"臺中市","大里區","臺中市大里區成功國中","2026/08/31","胚芽飯"
"臺中市","大里區","臺中市大里區成功國中","2026/08/31","蘿蔔排骨湯"
"臺中市","大里區","臺中市大里區成功國中","2026/08/31","調味料"
"臺中市","大里區","臺中市大里區成功國中","2026/08/31","青江菜"
"臺中市","大里區","臺中市大里區成功國中","2026/08/31","麻婆豆腐"
"臺中市","和平區","臺中市和平區和平國中","2026/08/31","有機空心菜"
"臺中市","和平區","臺中市和平區和平國中","2026/08/31","砂糖橘"
"臺中市","和平區","臺中市和平區和平國中","2026/08/31","砂鍋魚丁"
"臺中市","和平區","臺中市和平區和平國中","2026/08/31","糙米飯"
"臺中市","和平區","臺中市和平區和平國中","2026/08/31","蘿蔔排骨湯"
"臺中市","和平區","臺中市和平區和平國中","2026/08/31","調味料"
"臺中市","和平區","臺中市和平區和平國中","2026/08/31","霸王雞腿"
"臺中市","和平區","臺中市和平區和平國中","2026/08/31","麻婆豆腐"
"臺中市","沙鹿區","臺中市沙鹿區北勢國中","2026/08/31","台式大雞腿"
"臺中市","沙鹿區","臺中市沙鹿區北勢國中","2026/08/31","白米飯"
"臺中市","沙鹿區","臺中市沙鹿區北勢國中","2026/08/31","砂鍋魚"
"臺中市","沙鹿區","臺中市沙鹿區北勢國中","2026/08/31","蘿蔔排骨湯"
"臺中市","沙鹿區","臺中市沙鹿區北勢國中","2026/08/31","調味料"
"臺中市","沙鹿區","臺中市沙鹿區北勢國中","2026/08/31","青江菜"
"臺中市","沙鹿區","臺中市沙鹿區北勢國中","2026/08/31","麻婆豆腐"
"臺中市","沙鹿區","臺中市沙鹿區鹿寮國中","2026/08/31","台式大雞腿"
"臺中市","沙鹿區","臺中市沙鹿區鹿寮國中","2026/08/31","履歷青江菜"
"臺中市","沙鹿區","臺中市沙鹿區鹿寮國中","2026/08/31","砂鍋豆腸"
"臺中市","沙鹿區","臺中市沙鹿區鹿寮國中","2026/08/31","砂鍋魚丁"
"臺中市","沙鹿區","臺中市沙鹿區鹿寮國中","2026/08/31","素麻婆豆腐"
"臺中市","沙鹿區","臺中市沙鹿區鹿寮國中","2026/08/31","蘿蔔排骨湯"
"臺中市","沙鹿區","臺中市沙鹿區鹿寮國中","2026/08/31","蘿蔔湯"
"臺中市","沙鹿區","臺中市沙鹿區鹿寮國中","2026/08/31","調味料"
"臺中市","沙鹿區","臺中市沙鹿區鹿寮國中","2026/08/31","雲菜捲"
"臺中市","沙鹿區","臺中市沙鹿區鹿寮國中","2026/08/31","養樂多鮮奶"
"臺中市","沙鹿區","臺中市沙鹿區鹿寮國中","2026/08/31","麥片飯"
"臺中市","沙鹿區","臺中市沙鹿區鹿寮國中","2026/08/31","麻婆豆腐"
"臺中市","大里區","臺中市大里區光榮國中","2026/08/31","台式大雞腿D"
"臺中市","大里區","臺中市大里區光榮國中","2026/08/31","炒油菜B"
"臺中市","大里區","臺中市大里區光榮國中","2026/08/31","砂鍋魚"
"臺中市","大里區","臺中市大里區光榮國中","2026/08/31","紫米飯"
"臺中市","大里區","臺中市大里區光榮國中","2026/08/31","蘿蔔排骨湯"
"臺中市","大里區","臺中市大里區光榮國中","2026/08/31","調味料"
"臺中市","大里區","臺中市大里區光榮國中","2026/08/31","麻婆豆腐"
"臺中市","大里區","臺中市大里區光榮國中","2026/08/31","台式大雞腿"
"臺中市","大里區","臺中市大里區光榮國中","2026/08/31","炒油菜"
"臺中市","大里區","臺中市大里區光榮國中","2026/08/31","砂鍋魚"
"臺中市","大里區","臺中市大里區光榮國中","2026/08/31","胚芽飯"
"臺中市","大里區","臺中市大里區光榮國中","2026/08/31","蘿蔔排骨湯"
"臺中市","大里區","臺中市大里區光榮國中","2026/08/31","調味料"
"臺中市","大里區","臺中市大里區光榮國中","2026/08/31","麻婆豆腐"
"臺中市","大里區","臺中市大里區光榮國中","2026/08/31","台式大雞腿"
"臺中市","大里區","臺中市大里區光榮國中","2026/08/31","砂鍋魚"
"臺中市","大里區","臺中市大里區光榮國中","2026/08/31","胚米飯"
"臺中市","大里區","臺中市大里區光榮國中","2026/08/31","蘿蔔排骨湯"
"臺中市","大里區","臺中市大里區光榮國中","2026/08/31","調味料"
"臺中市","大里區","臺中市大里區光榮國中","2026/08/31","青江菜"
"臺中市","大里區","臺中市大里區光榮國中","2026/08/31","麻婆豆腐"
"臺中市","潭子區","臺中市潭子區潭秀國中","2026/08/25","冬瓜粉圓湯"
"臺中市","潭子區","臺中市潭子區潭秀國中","2026/08/25","和風炒手(素)"
"臺中市","潭子區","臺中市潭子區潭秀國中","2026/08/25","咖哩雞"
"臺中市","潭子區","臺中市潭子區潭秀國中","2026/08/25","白米飯"
"臺中市","潭子區","臺中市潭子區潭秀國中","2026/08/25","翠綠青花菜"
"臺中市","潭子區","臺中市潭子區潭秀國中","2026/08/25","翠綠青花菜(素)"
"臺中市","潭子區","臺中市潭子區潭秀國中","2026/08/25","花枝丸"
"臺中市","潭子區","臺中市潭子區潭秀國中","2026/08/25","調味料"
"臺中市","潭子區","臺中市潭子區潭秀國中","2026/08/25","金黃豆腐(素)"
"臺中市","潭子區","臺中市潭子區潭秀國中","2026/08/31","白米飯"
"臺中市","潭子區","臺中市潭子區潭秀國中","2026/08/31","砂鍋魚丁"
"臺中市","潭子區","臺中市潭子區潭秀國中","2026/08/31","砂鍋魚丁(素)"
"臺中市","潭子區","臺中市潭子區潭秀國中","2026/08/31","翠綠青江菜"
"臺中市","潭子區","臺中市潭子區潭秀國中","2026/08/31","蘿蔔排骨湯"
"臺中市","潭子區","臺中市潭子區潭秀國中","2026/08/31","蘿蔔魚丸湯(素)"
"臺中市","潭子區","臺中市潭子區潭秀國中","2026/08/31","調味料"
"臺中市","潭子區","臺中市潭子區潭秀國中","2026/08/31","霸王雞腿"
"臺中市","潭子區","臺中市潭子區潭秀國中","2026/08/31","青江(素)"
"臺中市","潭子區","臺中市潭子區潭秀國中","2026/08/31","麻婆豆腐"
"臺中市","潭子區","臺中市潭子區潭秀國中","2026/08/31","麻婆豆腐(素)"
"臺中市","潭子區","臺中市潭子區潭秀國中","2026/08/31","龍鳳腿(素)"
"臺中市","大甲區","臺中市大甲區順天國中","2026/08/31","台式大雞腿1150831"
"臺中市","大甲區","臺中市大甲區順天國中","2026/08/31","白米飯1150831"
"臺中市","大甲區","臺中市大甲區順天國中","2026/08/31","砂鍋魚1150831"
"臺中市","大甲區","臺中市大甲區順天國中","2026/08/31","美味鵝白菜1150831"
"臺中市","大甲區","臺中市大甲區順天國中","2026/08/31","蘿蔔排骨湯1150831"
"臺中市","大甲區","臺中市大甲區順天國中","2026/08/31","調味料"
"臺中市","大甲區","臺中市大甲區順天國中","2026/08/31","麻婆豆腐1150831"
"臺中市","大甲區","臺中市大甲區順天國中","2026/08/31","加菜燒台式大骨腿1150831"
"臺中市","大甲區","臺中市大甲區順天國中","2026/08/31","小白菜1150831"
"臺中市","大甲區","臺中市大甲區順天國中","2026/08/31","砂鍋魚1150831"
"臺中市","大甲區","臺中市大甲區順天國中","2026/08/31","糙米飯1150831"
"臺中市","大甲區","臺中市大甲區順天國中","2026/08/31","蘿蔔排骨湯1150831"
"臺中市","大甲區","臺中市大甲區順天國中","2026/08/31","調味料"
"臺中市","大甲區","臺中市大甲區順天國中","2026/08/31","麻婆豆腐1150831"
"臺中市","大甲區","臺中市大甲區順天國中","2026/08/31","台式大雞腿1150831"
"臺中市","大甲區","臺中市大甲區順天國中","2026/08/31","產銷履歷油菜1150831"
"臺中市","大甲區","臺中市大甲區順天國中","2026/08/31","砂鍋魚1150831"
"臺中市","大甲區","臺中市大甲區順天國中","2026/08/31","蘿蔔排骨湯1150831"
"臺中市","大甲區","臺中市大甲區順天國中","2026/08/31","調味料"
"臺中市","大甲區","臺中市大甲區順天國中","2026/08/31","麥片飯1150831"
"臺中市","大甲區","臺中市大甲區順天國中","2026/08/31","麻婆豆腐1150831"
"臺中市","清水區","臺中市清水區清海國中","2026/08/31","什錦燒(素)"
"臺中市","清水區","臺中市清水區清海國中","2026/08/31","冬瓜燒麵筋(素)"
"臺中市","清水區","臺中市清水區清海國中","2026/08/31","小米飯"
"臺中市","清水區","臺中市清水區清海國中","2026/08/31","沙茶油豆腐(素)"
"臺中市","清水區","臺中市清水區清海國中","2026/08/31","砂鍋魚丁"
"臺中市","清水區","臺中市清水區清海國中","2026/08/31","翠綠油菜"
"臺中市","清水區","臺中市清水區清海國中","2026/08/31","翠綠油菜(素)"
"臺中市","清水區","臺中市清水區清海國中","2026/08/31","蘿蔔排骨湯"
"臺中市","清水區","臺中市清水區清海國中","2026/08/31","蘿蔔湯(素)"
"臺中市","清水區","臺中市清水區清海國中","2026/08/31","調味料"
"臺中市","清水區","臺中市清水區清海國中","2026/08/31","霸王雞腿"
"臺中市","清水區","臺中市清水區清海國中","2026/08/31","麻婆豆腐"
"臺中市","清水區","臺中市清水區清海國中","2026/08/31","麻婆豆腐(素)"
"臺中市","大雅區","臺中市大雅區大華國中","2026/08/31","台式大雞腿"
"臺中市","大雅區","臺中市大雅區大華國中","2026/08/31","有機莧菜"
"臺中市","大雅區","臺中市大雅區大華國中","2026/08/31","砂鍋魚"
"臺中市","大雅區","臺中市大雅區大華國中","2026/08/31","糙米飯"
"臺中市","大雅區","臺中市大雅區大華國中","2026/08/31","蘿蔔排骨湯"
"臺中市","大雅區","臺中市大雅區大華國中","2026/08/31","調味料"
"臺中市","大雅區","臺中市大雅區大華國中","2026/08/31","麻婆豆腐"
"臺中市","大雅區","臺中市大雅區大華國中","2026/08/31","台式大雞腿"
"臺中市","大雅區","臺中市大雅區大華國中","2026/08/31","炒油菜"
"臺中市","大雅區","臺中市大雅區大華國中","2026/08/31","砂鍋魚"
"臺中市","大雅區","臺中市大雅區大華國中","2026/08/31","胚芽飯"
"臺中市","大雅區","臺中市大雅區大華國中","2026/08/31","蘿蔔排骨湯"
"臺中市","大雅區","臺中市大雅區大華國中","2026/08/31","調味料"
"臺中市","大雅區","臺中市大雅區大華國中","2026/08/31","麻婆豆腐"
"臺中市","大雅區","臺中市大雅區大華國中","2026/08/31","台式大雞腿"
"臺中市","大雅區","臺中市大雅區大華國中","2026/08/31","油菜"
"臺中市","大雅區","臺中市大雅區大華國中","2026/08/31","砂鍋魚"
"臺中市","大雅區","臺中市大雅區大華國中","2026/08/31","胚芽飯"
"臺中市","大雅區","臺中市大雅區大華國中","2026/08/31","蘿蔔排骨湯"
"臺中市","大雅區","臺中市大雅區大華國中","2026/08/31","調味料"
"臺中市","大雅區","臺中市大雅區大華國中","2026/08/31","麻婆豆腐"
"臺中市","太平區","臺中市太平區新光國中","2026/08/31","(素)煙燻豆包"
"臺中市","太平區","臺中市太平區新光國中","2026/08/31","(素)砂鍋白菜"
"臺中市","太平區","臺中市太平區新光國中","2026/08/31","(素)蘿蔔湯"
"臺中市","太平區","臺中市太平區新光國中","2026/08/31","(素)麻婆豆腐"
"臺中市","太平區","臺中市太平區新光國中","2026/08/31","有機小松菜"
"臺中市","太平區","臺中市太平區新光國中","2026/08/31","砂鍋魚丁"
"臺中市","太平區","臺中市太平區新光國中","2026/08/31","蘿蔔排骨湯"
"臺中市","太平區","臺中市太平區新光國中","2026/08/31","調味料"
"臺中市","太平區","臺中市太平區新光國中","2026/08/31","霸王雞腿"
"臺中市","太平區","臺中市太平區新光國中","2026/08/31","飯"
"臺中市","太平區","臺中市太平區新光國中","2026/08/31","麻婆豆腐"
"臺中市","大里區","臺中市大里區光正國中","2026/08/31","台式大雞腿"
"臺中市","大里區","臺中市大里區光正國中","2026/08/31","砂鍋魚"
"臺中市","大里區","臺中市大里區光正國中","2026/08/31","薏仁飯"
"臺中市","大里區","臺中市大里區光正國中","2026/08/31","蘿蔔排骨湯"
"臺中市","大里區","臺中市大里區光正國中","2026/08/31","調味料"
"臺中市","大里區","臺中市大里區光正國中","2026/08/31","青江菜"
"臺中市","大里區","臺中市大里區光正國中","2026/08/31","麻婆豆腐"
"臺中市","大里區","臺中市大里區光正國中","2026/08/31","台式大雞腿"
"臺中市","大里區","臺中市大里區光正國中","2026/08/31","油菜"
"臺中市","大里區","臺中市大里區光正國中","2026/08/31","砂鍋魚"
"臺中市","大里區","臺中市大里區光正國中","2026/08/31","胚芽飯"
"臺中市","大里區","臺中市大里區光正國中","2026/08/31","蘿蔔排骨湯"
"臺中市","大里區","臺中市大里區光正國中","2026/08/31","調味料"
"臺中市","大里區","臺中市大里區光正國中","2026/08/31","麻婆豆腐"
"臺中市","豐原區","臺中市豐原區豐陽國中","2026/08/31","台式大雞腿"
"臺中市","豐原區","臺中市豐原區豐陽國中","2026/08/31","有機莧菜"
"臺中市","豐原區","臺中市豐原區豐陽國中","2026/08/31","甜橙"
"臺中市","豐原區","臺中市豐原區豐陽國中","2026/08/31","砂鍋魚"
"臺中市","豐原區","臺中市豐原區豐陽國中","2026/08/31","糙米飯"
"臺中市","豐原區","臺中市豐原區豐陽國中","2026/08/31","蘿蔔排骨湯"
"臺中市","豐原區","臺中市豐原區豐陽國中","2026/08/31","調味料"
"臺中市","豐原區","臺中市豐原區豐陽國中","2026/08/31","麻婆豆腐"
"臺中市","烏日區","臺中市烏日區光德國中","2026/08/31","台式大雞腿"
"臺中市","烏日區","臺中市烏日區光德國中","2026/08/31","燕麥飯"
"臺中市","烏日區","臺中市烏日區光德國中","2026/08/31","砂鍋魚"
"臺中市","烏日區","臺中市烏日區光德國中","2026/08/31","肉燥空心菜"
"臺中市","烏日區","臺中市烏日區光德國中","2026/08/31","蘿蔔排骨湯"
"臺中市","烏日區","臺中市烏日區光德國中","2026/08/31","調味料"
"臺中市","烏日區","臺中市烏日區光德國中","2026/08/31","麻婆豆腐"
"臺中市","烏日區","臺中市烏日區光德國中","2026/08/31","台式大雞腿"
"臺中市","烏日區","臺中市烏日區光德國中","2026/08/31","砂鍋魚"
"臺中市","烏日區","臺中市烏日區光德國中","2026/08/31","薏仁飯"
"臺中市","烏日區","臺中市烏日區光德國中","2026/08/31","蘿蔔排骨湯"
"臺中市","烏日區","臺中市烏日區光德國中","2026/08/31","調味料"
"臺中市","烏日區","臺中市烏日區光德國中","2026/08/31","青江菜"
"臺中市","烏日區","臺中市烏日區光德國中","2026/08/31","麻婆豆腐"
"臺中市","烏日區","臺中市烏日區光德國中","2026/08/31","台式大雞腿D"
"臺中市","烏日區","臺中市烏日區光德國中","2026/08/31","炒油菜B"
"臺中市","烏日區","臺中市烏日區光德國中","2026/08/31","砂鍋魚"
"臺中市","烏日區","臺中市烏日區光德國中","2026/08/31","紫米飯"
"臺中市","烏日區","臺中市烏日區光德國中","2026/08/31","蘿蔔排骨湯"
"臺中市","烏日區","臺中市烏日區光德國中","2026/08/31","調味料"
"臺中市","烏日區","臺中市烏日區光德國中","2026/08/31","麻婆豆腐"
"臺中市","大里區","臺中市大里區立新國中","2026/08/31","台式大雞腿D"
"臺中市","大里區","臺中市大里區立新國中","2026/08/31","炒油菜B"
"臺中市","大里區","臺中市大里區立新國中","2026/08/31","砂鍋魚"
"臺中市","大里區","臺中市大里區立新國中","2026/08/31","紫米飯"
"臺中市","大里區","臺中市大里區立新國中","2026/08/31","蘿蔔排骨湯"
"臺中市","大里區","臺中市大里區立新國中","2026/08/31","調味料"
"臺中市","大里區","臺中市大里區立新國中","2026/08/31","麻婆豆腐"
"臺中市","大里區","臺中市大里區立新國中","2026/08/31","台式大雞腿"
"臺中市","大里區","臺中市大里區立新國中","2026/08/31","砂鍋魚"
"臺中市","大里區","臺中市大里區立新國中","2026/08/31","胚米飯"
"臺中市","大里區","臺中市大里區立新國中","2026/08/31","蘿蔔排骨湯"
"臺中市","大里區","臺中市大里區立新國中","2026/08/31","調味料"
"臺中市","大里區","臺中市大里區立新國中","2026/08/31","青江菜"
"臺中市","大里區","臺中市大里區立新國中","2026/08/31","麻婆豆腐"
"臺中市","大里區","臺中市大里區立新國中","2026/08/31","台式大雞腿"
"臺中市","大里區","臺中市大里區立新國中","2026/08/31","油菜"
"臺中市","大里區","臺中市大里區立新國中","2026/08/31","砂鍋魚"
"臺中市","大里區","臺中市大里區立新國中","2026/08/31","胚芽飯"
"臺中市","大里區","臺中市大里區立新國中","2026/08/31","蘿蔔排骨湯"
"臺中市","大里區","臺中市大里區立新國中","2026/08/31","調味料"
"臺中市","大里區","臺中市大里區立新國中","2026/08/31","麻婆豆腐"
"臺中市","大里區","臺中市大里區爽文國中","2026/08/31","台式大雞腿"
"臺中市","大里區","臺中市大里區爽文國中","2026/08/31","砂鍋魚"
"臺中市","大里區","臺中市大里區爽文國中","2026/08/31","薏仁飯"
"臺中市","大里區","臺中市大里區爽文國中","2026/08/31","蘿蔔排骨湯"
"臺中市","大里區","臺中市大里區爽文國中","2026/08/31","調味料"
"臺中市","大里區","臺中市大里區爽文國中","2026/08/31","青江菜"
"臺中市","大里區","臺中市大里區爽文國中","2026/08/31","麻婆豆腐"
"臺中市","大里區","臺中市大里區爽文國中","2026/08/31","台式大雞腿"
"臺中市","大里區","臺中市大里區爽文國中","2026/08/31","炒油菜"
"臺中市","大里區","臺中市大里區爽文國中","2026/08/31","砂鍋魚"
"臺中市","大里區","臺中市大里區爽文國中","2026/08/31","胚芽飯"
"臺中市","大里區","臺中市大里區爽文國中","2026/08/31","蘿蔔排骨湯"
"臺中市","大里區","臺中市大里區爽文國中","2026/08/31","調味料"
"臺中市","大里區","臺中市大里區爽文國中","2026/08/31","麻婆豆腐"
"臺中市","大里區","臺中市大里區爽文國中","2026/08/31","台式大雞腿"
"臺中市","大里區","臺中市大里區爽文國中","2026/08/31","砂鍋魚"
"臺中市","大里區","臺中市大里區爽文國中","2026/08/31","胚芽飯"
"臺中市","大里區","臺中市大里區爽文國中","2026/08/31","蘿蔔排骨湯"
"臺中市","大里區","臺中市大里區爽文國中","2026/08/31","調味料"
"臺中市","大里區","臺中市大里區爽文國中","2026/08/31","青江菜"
"臺中市","大里區","臺中市大里區爽文國中","2026/08/31","麻婆豆腐"
"臺中市","沙鹿區","臺中市沙鹿區公明國中","2026/08/31","台式大雞腿"
"臺中市","沙鹿區","臺中市沙鹿區公明國中","2026/08/31","小米飯"
"臺中市","沙鹿區","臺中市沙鹿區公明國中","2026/08/31","砂鍋魚"
"臺中市","沙鹿區","臺中市沙鹿區公明國中","2026/08/31","蘿蔔排骨湯"
"臺中市","沙鹿區","臺中市沙鹿區公明國中","2026/08/31","調味料"
"臺中市","沙鹿區","臺中市沙鹿區公明國中","2026/08/31","青花菜"
"臺中市","沙鹿區","臺中市沙鹿區公明國中","2026/08/31","麻婆豆腐"
"臺中市","神岡區","臺中市神岡區神圳國中","2026/08/31","台式大雞腿"
"臺中市","神岡區","臺中市神岡區神圳國中","2026/08/31","小米飯"
"臺中市","神岡區","臺中市神岡區神圳國中","2026/08/31","火龍果"
"臺中市","神岡區","臺中市神岡區神圳國中","2026/08/31","砂鍋魚"
"臺中市","神岡區","臺中市神岡區神圳國中","2026/08/31","蘿蔔排骨湯"
"臺中市","神岡區","臺中市神岡區神圳國中","2026/08/31","調味料"
"臺中市","神岡區","臺中市神岡區神圳國中","2026/08/31","青花菜"
"臺中市","神岡區","臺中市神岡區神圳國中","2026/08/31","麻婆豆腐"
"臺中市","神岡區","臺中市神岡區神圳國中","2026/08/31","台式大雞腿"
"臺中市","神岡區","臺中市神岡區神圳國中","2026/08/31","有機莧菜"
"臺中市","神岡區","臺中市神岡區神圳國中","2026/08/31","火龍果"
"臺中市","神岡區","臺中市神岡區神圳國中","2026/08/31","砂鍋魚"
"臺中市","神岡區","臺中市神岡區神圳國中","2026/08/31","糙米飯"
"臺中市","神岡區","臺中市神岡區神圳國中","2026/08/31","蘿蔔排骨湯"
"臺中市","神岡區","臺中市神岡區神圳國中","2026/08/31","調味料"
"臺中市","神岡區","臺中市神岡區神圳國中","2026/08/31","麻婆豆腐"
"臺中市","神岡區","臺中市神岡區神圳國中","2026/08/31","台式大雞腿"
"臺中市","神岡區","臺中市神岡區神圳國中","2026/08/31","有機小松菜"
"臺中市","神岡區","臺中市神岡區神圳國中","2026/08/31","火龍果"
"臺中市","神岡區","臺中市神岡區神圳國中","2026/08/31","砂鍋魚"
"臺中市","神岡區","臺中市神岡區神圳國中","2026/08/31","蘿蔔排骨湯"
"臺中市","神岡區","臺中市神岡區神圳國中","2026/08/31","調味料"
"臺中市","神岡區","臺中市神岡區神圳國中","2026/08/31","麥片飯"
"臺中市","神岡區","臺中市神岡區神圳國中","2026/08/31","麻婆豆腐"
"臺中市","豐原區","臺中市豐原區豐原國小","2026/08/31","台式大雞腿"
"臺中市","豐原區","臺中市豐原區豐原國小","2026/08/31","燕麥飯"
"臺中市","豐原區","臺中市豐原區豐原國小","2026/08/31","砂鍋魚"
"臺中市","豐原區","臺中市豐原區豐原國小","2026/08/31","肉燥空心菜"
"臺中市","豐原區","臺中市豐原區豐原國小","2026/08/31","蘿蔔排骨湯"
"臺中市","豐原區","臺中市豐原區豐原國小","2026/08/31","調味料"
"臺中市","豐原區","臺中市豐原區豐原國小","2026/08/31","麻婆豆腐"
"臺中市","豐原區","臺中市豐原區瑞穗國小","2026/08/31","台式大雞腿"
"臺中市","豐原區","臺中市豐原區瑞穗國小","2026/08/31","有機莧菜"
"臺中市","豐原區","臺中市豐原區瑞穗國小","2026/08/31","砂鍋魚"
"臺中市","豐原區","臺中市豐原區瑞穗國小","2026/08/31","糙米飯"
"臺中市","豐原區","臺中市豐原區瑞穗國小","2026/08/31","蘿蔔排骨湯"
"臺中市","豐原區","臺中市豐原區瑞穗國小","2026/08/31","調味料"
"臺中市","豐原區","臺中市豐原區瑞穗國小","2026/08/31","麻婆豆腐"
"臺中市","豐原區","臺中市豐原區瑞穗國小","2026/08/31","台式大雞腿"
"臺中市","豐原區","臺中市豐原區瑞穗國小","2026/08/31","燕麥飯"
"臺中市","豐原區","臺中市豐原區瑞穗國小","2026/08/31","砂鍋魚"
"臺中市","豐原區","臺中市豐原區瑞穗國小","2026/08/31","肉燥空心菜"
"臺中市","豐原區","臺中市豐原區瑞穗國小","2026/08/31","蘿蔔排骨湯"
"臺中市","豐原區","臺中市豐原區瑞穗國小","2026/08/31","調味料"
"臺中市","豐原區","臺中市豐原區瑞穗國小","2026/08/31","麻婆豆腐"
"臺中市","豐原區","臺中市豐原區瑞穗國小","2026/08/31","台式大雞腿"
"臺中市","豐原區","臺中市豐原區瑞穗國小","2026/08/31","油菜"
"臺中市","豐原區","臺中市豐原區瑞穗國小","2026/08/31","砂鍋魚"
"臺中市","豐原區","臺中市豐原區瑞穗國小","2026/08/31","胚芽飯"
"臺中市","豐原區","臺中市豐原區瑞穗國小","2026/08/31","蘿蔔排骨湯"
"臺中市","豐原區","臺中市豐原區瑞穗國小","2026/08/31","調味料"
"臺中市","豐原區","臺中市豐原區瑞穗國小","2026/08/31","麻婆豆腐"
"臺中市","豐原區","臺中市豐原區南陽國小","2026/08/31","(素)家常豆腐"
"臺中市","豐原區","臺中市豐原區南陽國小","2026/08/31","(素)有機小松菜"
"臺中市","豐原區","臺中市豐原區南陽國小","2026/08/31","(素)砂鍋白菜"
"臺中市","豐原區","臺中市豐原區南陽國小","2026/08/31","(素)素煙燻豆包"
"臺中市","豐原區","臺中市豐原區南陽國小","2026/08/31","(素)蘿蔔湯"
"臺中市","豐原區","臺中市豐原區南陽國小","2026/08/31","有機小松菜"
"臺中市","豐原區","臺中市豐原區南陽國小","2026/08/31","砂鍋魚丁"
"臺中市","豐原區","臺中市豐原區南陽國小","2026/08/31","糙米飯"
"臺中市","豐原區","臺中市豐原區南陽國小","2026/08/31","蘿蔔排骨湯"
"臺中市","豐原區","臺中市豐原區南陽國小","2026/08/31","調味料"
"臺中市","豐原區","臺中市豐原區南陽國小","2026/08/31","霸王雞腿"
"臺中市","豐原區","臺中市豐原區南陽國小","2026/08/31","麻婆豆腐"
"臺中市","豐原區","臺中市豐原區富春國小","2026/08/31","台式大雞腿"
"臺中市","豐原區","臺中市豐原區富春國小","2026/08/31","小米飯"
"臺中市","豐原區","臺中市豐原區富春國小","2026/08/31","砂鍋魚"
"臺中市","豐原區","臺中市豐原區富春國小","2026/08/31","素砂鍋菜"
"臺中市","豐原區","臺中市豐原區富春國小","2026/08/31","素胡麻秋葵"
"臺中市","豐原區","臺中市豐原區富春國小","2026/08/31","素芹香蘿蔔湯"
"臺中市","豐原區","臺中市豐原區富春國小","2026/08/31","素青江菜"
"臺中市","豐原區","臺中市豐原區富春國小","2026/08/31","素麻婆豆腐"
"臺中市","豐原區","臺中市豐原區富春國小","2026/08/31","蘿蔔排骨湯"
"臺中市","豐原區","臺中市豐原區富春國小","2026/08/31","青江菜"
"臺中市","豐原區","臺中市豐原區富春國小","2026/08/31","香蕉"
"臺中市","豐原區","臺中市豐原區富春國小","2026/08/31","麻婆豆腐"
"臺中市","豐原區","臺中市豐原區豐村國小","2026/08/31","台式大雞腿"
"臺中市","豐原區","臺中市豐原區豐村國小","2026/08/31","炒油菜"
"臺中市","豐原區","臺中市豐原區豐村國小","2026/08/31","砂鍋魚"
"臺中市","豐原區","臺中市豐原區豐村國小","2026/08/31","胚芽飯"
"臺中市","豐原區","臺中市豐原區豐村國小","2026/08/31","蘿蔔排骨湯"
"臺中市","豐原區","臺中市豐原區豐村國小","2026/08/31","調味料"
"臺中市","豐原區","臺中市豐原區豐村國小","2026/08/31","麻婆豆腐"
"臺中市","豐原區","臺中市豐原區翁子國小","2026/08/31","台式大雞腿"
"臺中市","豐原區","臺中市豐原區翁子國小","2026/08/31","有機小松菜"
"臺中市","豐原區","臺中市豐原區翁子國小","2026/08/31","海苔片"
"臺中市","豐原區","臺中市豐原區翁子國小","2026/08/31","白飯"
"臺中市","豐原區","臺中市豐原區翁子國小","2026/08/31","砂鍋魚丁"
"臺中市","豐原區","臺中市豐原區翁子國小","2026/08/31","素有機小松菜"
"臺中市","豐原區","臺中市豐原區翁子國小","2026/08/31","素砂鍋獅子頭"
"臺中市","豐原區","臺中市豐原區翁子國小","2026/08/31","素蘿蔔玉米湯"
"臺中市","豐原區","臺中市豐原區翁子國小","2026/08/31","素金沙筊白筍"
"臺中市","豐原區","臺中市豐原區翁子國小","2026/08/31","素麻婆豆腐"
"臺中市","豐原區","臺中市豐原區翁子國小","2026/08/31","蘿蔔排骨湯"
"臺中市","豐原區","臺中市豐原區翁子國小","2026/08/31","調味料"
"臺中市","豐原區","臺中市豐原區翁子國小","2026/08/31","麻婆豆腐"
"臺中市","豐原區","臺中市豐原區豐田國小","2026/08/31","台式大雞腿"
"臺中市","豐原區","臺中市豐原區豐田國小","2026/08/31","小米飯"
"臺中市","豐原區","臺中市豐原區豐田國小","2026/08/31","砂鍋魚"
"臺中市","豐原區","臺中市豐原區豐田國小","2026/08/31","素砂鍋菜"
"臺中市","豐原區","臺中市豐原區豐田國小","2026/08/31","素胡麻秋葵"
"臺中市","豐原區","臺中市豐原區豐田國小","2026/08/31","素芹香蘿蔔湯"
"臺中市","豐原區","臺中市豐原區豐田國小","2026/08/31","素青江菜"
"臺中市","豐原區","臺中市豐原區豐田國小","2026/08/31","素麻婆豆腐"
"臺中市","豐原區","臺中市豐原區豐田國小","2026/08/31","蘿蔔排骨湯"
"臺中市","豐原區","臺中市豐原區豐田國小","2026/08/31","青江菜"
"臺中市","豐原區","臺中市豐原區豐田國小","2026/08/31","香蕉"
"臺中市","豐原區","臺中市豐原區豐田國小","2026/08/31","麻婆豆腐"
"臺中市","豐原區","臺中市豐原區合作國小","2026/08/31","台式大雞腿"
"臺中市","豐原區","臺中市豐原區合作國小","2026/08/31","有機莧菜"
"臺中市","豐原區","臺中市豐原區合作國小","2026/08/31","砂鍋魚"
"臺中市","豐原區","臺中市豐原區合作國小","2026/08/31","糙米飯"
"臺中市","豐原區","臺中市豐原區合作國小","2026/08/31","蘿蔔排骨湯"
"臺中市","豐原區","臺中市豐原區合作國小","2026/08/31","調味料"
"臺中市","豐原區","臺中市豐原區合作國小","2026/08/31","麻婆豆腐"
"臺中市","后里區","臺中市后里區內埔國小","2026/08/31","台式大雞腿"
"臺中市","后里區","臺中市后里區內埔國小","2026/08/31","砂鍋魚丁"
"臺中市","后里區","臺中市后里區內埔國小","2026/08/31","糙米飯"
"臺中市","后里區","臺中市后里區內埔國小","2026/08/31","蘿蔔排骨湯"
"臺中市","后里區","臺中市后里區內埔國小","2026/08/31","調味料"
"臺中市","后里區","臺中市后里區內埔國小","2026/08/31","豆芽菜"
"臺中市","后里區","臺中市后里區內埔國小","2026/08/31","麻婆豆腐"
"臺中市","后里區","臺中市后里區后里國小","2026/08/31","健康飯"
"臺中市","后里區","臺中市后里區后里國小","2026/08/31","台式大雞腿"
"臺中市","后里區","臺中市后里區后里國小","2026/08/31","小白菜"
"臺中市","后里區","臺中市后里區后里國小","2026/08/31","砂鍋魚"
"臺中市","后里區","臺中市后里區后里國小","2026/08/31","蘿蔔排骨湯"
"臺中市","后里區","臺中市后里區后里國小","2026/08/31","調味料"
"臺中市","后里區","臺中市后里區后里國小","2026/08/31","麻婆豆腐"
"臺中市","后里區","臺中市后里區月眉國小","2026/08/31","保久乳"
"臺中市","后里區","臺中市后里區月眉國小","2026/08/31","台式大雞腿"
"臺中市","后里區","臺中市后里區月眉國小","2026/08/31","白米飯"
"臺中市","后里區","臺中市后里區月眉國小","2026/08/31","白菜什錦(素)"
"臺中市","后里區","臺中市后里區月眉國小","2026/08/31","砂鍋魚"
"臺中市","后里區","臺中市后里區月眉國小","2026/08/31","素雲菜捲(素)"
"臺中市","后里區","臺中市后里區月眉國小","2026/08/31","蘿蔔排骨湯"
"臺中市","后里區","臺中市后里區月眉國小","2026/08/31","蘿蔔湯(素)"
"臺中市","后里區","臺中市后里區月眉國小","2026/08/31","調味料"
"臺中市","后里區","臺中市后里區月眉國小","2026/08/31","豆瓣紫茄(素)"
"臺中市","后里區","臺中市后里區月眉國小","2026/08/31","青江菜"
"臺中市","后里區","臺中市后里區月眉國小","2026/08/31","鮮菇豆腐(素)"
"臺中市","后里區","臺中市后里區月眉國小","2026/08/31","麻婆豆腐"
"臺中市","后里區","臺中市后里區七星國小","2026/08/31","台式大雞腿"
"臺中市","后里區","臺中市后里區七星國小","2026/08/31","有機小松菜"
"臺中市","后里區","臺中市后里區七星國小","2026/08/31","砂鍋魚"
"臺中市","后里區","臺中市后里區七星國小","2026/08/31","蘿蔔排骨湯"
"臺中市","后里區","臺中市后里區七星國小","2026/08/31","調味料"
"臺中市","后里區","臺中市后里區七星國小","2026/08/31","麥片飯"
"臺中市","后里區","臺中市后里區七星國小","2026/08/31","麻婆豆腐"
"臺中市","后里區","臺中市后里區育英國小","2026/08/31","保久乳"
"臺中市","后里區","臺中市后里區育英國小","2026/08/31","台式大雞腿"
"臺中市","后里區","臺中市后里區育英國小","2026/08/31","白米飯"
"臺中市","后里區","臺中市后里區育英國小","2026/08/31","白菜什錦(素)"
"臺中市","后里區","臺中市后里區育英國小","2026/08/31","砂鍋魚"
"臺中市","后里區","臺中市后里區育英國小","2026/08/31","素雲菜捲(素)"
"臺中市","后里區","臺中市后里區育英國小","2026/08/31","蘿蔔排骨湯"
"臺中市","后里區","臺中市后里區育英國小","2026/08/31","蘿蔔湯(素)"
"臺中市","后里區","臺中市后里區育英國小","2026/08/31","調味料"
"臺中市","后里區","臺中市后里區育英國小","2026/08/31","豆瓣紫茄(素)"
"臺中市","后里區","臺中市后里區育英國小","2026/08/31","青江菜"
"臺中市","后里區","臺中市后里區育英國小","2026/08/31","鮮菇豆腐(素)"
"臺中市","后里區","臺中市后里區育英國小","2026/08/31","麻婆豆腐"
"臺中市","后里區","臺中市后里區泰安國小","2026/08/31","保久乳"
"臺中市","后里區","臺中市后里區泰安國小","2026/08/31","台式大雞腿"
"臺中市","后里區","臺中市后里區泰安國小","2026/08/31","白米飯"
"臺中市","后里區","臺中市后里區泰安國小","2026/08/31","白菜什錦(素)"
"臺中市","后里區","臺中市后里區泰安國小","2026/08/31","砂鍋魚"
"臺中市","后里區","臺中市后里區泰安國小","2026/08/31","素雲菜捲(素)"
"臺中市","后里區","臺中市后里區泰安國小","2026/08/31","蘿蔔排骨湯"
"臺中市","后里區","臺中市后里區泰安國小","2026/08/31","蘿蔔湯(素)"
"臺中市","后里區","臺中市后里區泰安國小","2026/08/31","調味料"
"臺中市","后里區","臺中市后里區泰安國小","2026/08/31","豆瓣紫茄(素)"
"臺中市","后里區","臺中市后里區泰安國小","2026/08/31","青江菜"
"臺中市","后里區","臺中市后里區泰安國小","2026/08/31","鮮菇豆腐(素)"
"臺中市","后里區","臺中市后里區泰安國小","2026/08/31","麻婆豆腐"
"臺中市","神岡區","臺中市神岡區神岡國小","2026/08/31","1150831三杯黑干(素)"
"臺中市","神岡區","臺中市神岡區神岡國小","2026/08/31","1150831有機空心菜"
"臺中市","神岡區","臺中市神岡區神岡國小","2026/08/31","1150831砂鍋白菜(素)"
"臺中市","神岡區","臺中市神岡區神岡國小","2026/08/31","1150831砂鍋魚丁"
"臺中市","神岡區","臺中市神岡區神岡國小","2026/08/31","1150831蘿蔔排骨湯"
"臺中市","神岡區","臺中市神岡區神岡國小","2026/08/31","1150831蘿蔔湯(素)"
"臺中市","神岡區","臺中市神岡區神岡國小","2026/08/31","1150831霸王雞腿"
"臺中市","神岡區","臺中市神岡區神岡國小","2026/08/31","1150831麥片飯"
"臺中市","神岡區","臺中市神岡區神岡國小","2026/08/31","1150831麻婆豆腐"
"臺中市","神岡區","臺中市神岡區神岡國小","2026/08/31","1150831麻婆豆腐(素)"
"臺中市","神岡區","臺中市神岡區神岡國小","2026/08/31","調味料"
"臺中市","神岡區","臺中市神岡區豐洲國小","2026/08/31","1150831三杯黑干(素)"
"臺中市","神岡區","臺中市神岡區豐洲國小","2026/08/31","1150831有機空心菜"
"臺中市","神岡區","臺中市神岡區豐洲國小","2026/08/31","1150831砂鍋白菜(素)"
"臺中市","神岡區","臺中市神岡區豐洲國小","2026/08/31","1150831砂鍋魚丁"
"臺中市","神岡區","臺中市神岡區豐洲國小","2026/08/31","1150831蘿蔔排骨湯"
"臺中市","神岡區","臺中市神岡區豐洲國小","2026/08/31","1150831蘿蔔湯(素)"
"臺中市","神岡區","臺中市神岡區豐洲國小","2026/08/31","1150831霸王雞腿"
"臺中市","神岡區","臺中市神岡區豐洲國小","2026/08/31","1150831麥片飯"
"臺中市","神岡區","臺中市神岡區豐洲國小","2026/08/31","1150831麻婆豆腐"
"臺中市","神岡區","臺中市神岡區豐洲國小","2026/08/31","1150831麻婆豆腐(素)"
"臺中市","神岡區","臺中市神岡區豐洲國小","2026/08/31","調味料"
"臺中市","神岡區","臺中市神岡區社口國小","2026/08/31","1150831三杯黑干(素)"
"臺中市","神岡區","臺中市神岡區社口國小","2026/08/31","1150831有機空心菜"
"臺中市","神岡區","臺中市神岡區社口國小","2026/08/31","1150831砂鍋白菜(素)"
"臺中市","神岡區","臺中市神岡區社口國小","2026/08/31","1150831砂鍋魚丁"
"臺中市","神岡區","臺中市神岡區社口國小","2026/08/31","1150831蘿蔔排骨湯"
"臺中市","神岡區","臺中市神岡區社口國小","2026/08/31","1150831蘿蔔湯(素)"
"臺中市","神岡區","臺中市神岡區社口國小","2026/08/31","1150831霸王雞腿"
"臺中市","神岡區","臺中市神岡區社口國小","2026/08/31","1150831麥片飯"
"臺中市","神岡區","臺中市神岡區社口國小","2026/08/31","1150831麻婆豆腐"
"臺中市","神岡區","臺中市神岡區社口國小","2026/08/31","1150831麻婆豆腐(素)"
"臺中市","神岡區","臺中市神岡區社口國小","2026/08/31","調味料"
"臺中市","神岡區","臺中市神岡區圳堵國小","2026/08/31","1150831三杯黑干(素)"
"臺中市","神岡區","臺中市神岡區圳堵國小","2026/08/31","1150831有機空心菜"
"臺中市","神岡區","臺中市神岡區圳堵國小","2026/08/31","1150831砂鍋白菜(素)"
"臺中市","神岡區","臺中市神岡區圳堵國小","2026/08/31","1150831砂鍋魚丁"
"臺中市","神岡區","臺中市神岡區圳堵國小","2026/08/31","1150831蘿蔔排骨湯"
"臺中市","神岡區","臺中市神岡區圳堵國小","2026/08/31","1150831蘿蔔湯(素)"
"臺中市","神岡區","臺中市神岡區圳堵國小","2026/08/31","1150831霸王雞腿"
"臺中市","神岡區","臺中市神岡區圳堵國小","2026/08/31","1150831麥片飯"
"臺中市","神岡區","臺中市神岡區圳堵國小","2026/08/31","1150831麻婆豆腐"
"臺中市","神岡區","臺中市神岡區圳堵國小","2026/08/31","1150831麻婆豆腐(素)"
"臺中市","神岡區","臺中市神岡區圳堵國小","2026/08/31","調味料"
"臺中市","神岡區","臺中市神岡區岸裡國小","2026/08/31","1150831三杯黑干(素)"
"臺中市","神岡區","臺中市神岡區岸裡國小","2026/08/31","1150831有機空心菜"
"臺中市","神岡區","臺中市神岡區岸裡國小","2026/08/31","1150831砂鍋白菜(素)"
"臺中市","神岡區","臺中市神岡區岸裡國小","2026/08/31","1150831砂鍋魚丁"
"臺中市","神岡區","臺中市神岡區岸裡國小","2026/08/31","1150831蘿蔔排骨湯"
"臺中市","神岡區","臺中市神岡區岸裡國小","2026/08/31","1150831蘿蔔湯(素)"
"臺中市","神岡區","臺中市神岡區岸裡國小","2026/08/31","1150831霸王雞腿"
"臺中市","神岡區","臺中市神岡區岸裡國小","2026/08/31","1150831麥片飯"
"臺中市","神岡區","臺中市神岡區岸裡國小","2026/08/31","1150831麻婆豆腐"
"臺中市","神岡區","臺中市神岡區岸裡國小","2026/08/31","1150831麻婆豆腐(素)"
"臺中市","神岡區","臺中市神岡區岸裡國小","2026/08/31","調味料"
"臺中市","大雅區","臺中市大雅區大雅國小","2026/08/31","砂鍋魚丁"
"臺中市","大雅區","臺中市大雅區大雅國小","2026/08/31","糙米飯"
"臺中市","大雅區","臺中市大雅區大雅國小","2026/08/31","翠綠油菜"
"臺中市","大雅區","臺中市大雅區大雅國小","2026/08/31","蘿蔔排骨湯"
"臺中市","大雅區","臺中市大雅區大雅國小","2026/08/31","調味料"
"臺中市","大雅區","臺中市大雅區大雅國小","2026/08/31","霸王雞腿"
"臺中市","大雅區","臺中市大雅區大雅國小","2026/08/31","麻婆豆腐"
"臺中市","大雅區","臺中市大雅區三和國小","2026/08/31","健康飯"
"臺中市","大雅區","臺中市大雅區三和國小","2026/08/31","台式大雞腿"
"臺中市","大雅區","臺中市大雅區三和國小","2026/08/31","小白菜"
"臺中市","大雅區","臺中市大雅區三和國小","2026/08/31","砂鍋魚"
"臺中市","大雅區","臺中市大雅區三和國小","2026/08/31","蘿蔔排骨湯"
"臺中市","大雅區","臺中市大雅區三和國小","2026/08/31","調味料"
"臺中市","大雅區","臺中市大雅區三和國小","2026/08/31","麻婆豆腐"
"臺中市","大雅區","臺中市大雅區大明國小","2026/08/31","台式大雞腿"
"臺中市","大雅區","臺中市大雅區大明國小","2026/08/31","小米飯"
"臺中市","大雅區","臺中市大雅區大明國小","2026/08/31","砂鍋魚"
"臺中市","大雅區","臺中市大雅區大明國小","2026/08/31","蘿蔔排骨湯"
"臺中市","大雅區","臺中市大雅區大明國小","2026/08/31","調味料"
"臺中市","大雅區","臺中市大雅區大明國小","2026/08/31","青花菜"
"臺中市","大雅區","臺中市大雅區大明國小","2026/08/31","麻婆豆腐"
"臺中市","大雅區","臺中市大雅區大明國小","2026/08/31","健康飯"
"臺中市","大雅區","臺中市大雅區大明國小","2026/08/31","台式大雞腿"
"臺中市","大雅區","臺中市大雅區大明國小","2026/08/31","小白菜"
"臺中市","大雅區","臺中市大雅區大明國小","2026/08/31","砂鍋魚"
"臺中市","大雅區","臺中市大雅區大明國小","2026/08/31","蘿蔔排骨湯"
"臺中市","大雅區","臺中市大雅區大明國小","2026/08/31","調味料"
"臺中市","大雅區","臺中市大雅區大明國小","2026/08/31","麻婆豆腐"
"臺中市","大雅區","臺中市大雅區上楓國小","2026/08/31","台式大雞腿"
"臺中市","大雅區","臺中市大雅區上楓國小","2026/08/31","燕麥飯"
"臺中市","大雅區","臺中市大雅區上楓國小","2026/08/31","砂鍋魚"
"臺中市","大雅區","臺中市大雅區上楓國小","2026/08/31","肉燥空心菜"
"臺中市","大雅區","臺中市大雅區上楓國小","2026/08/31","蘿蔔排骨湯"
"臺中市","大雅區","臺中市大雅區上楓國小","2026/08/31","調味料"
"臺中市","大雅區","臺中市大雅區上楓國小","2026/08/31","麻婆豆腐"
"臺中市","大雅區","臺中市大雅區汝鎏國小","2026/08/31","五穀飯"
"臺中市","大雅區","臺中市大雅區汝鎏國小","2026/08/31","滷台式大雞腿"
"臺中市","大雅區","臺中市大雅區汝鎏國小","2026/08/31","砂鍋魚"
"臺中市","大雅區","臺中市大雅區汝鎏國小","2026/08/31","蘿蔔排骨湯"
"臺中市","大雅區","臺中市大雅區汝鎏國小","2026/08/31","青花菜"
"臺中市","大雅區","臺中市大雅區汝鎏國小","2026/08/31","麻婆豆腐"
"臺中市","大雅區","臺中市大雅區陽明國小","2026/08/03","歐姆蛋"
"臺中市","大雅區","臺中市大雅區陽明國小","2026/08/03","白米飯"
"臺中市","大雅區","臺中市大雅區陽明國小","2026/08/03","空心菜"
"臺中市","大雅區","臺中市大雅區陽明國小","2026/08/03","調味料"
"臺中市","大雅區","臺中市大雅區陽明國小","2026/08/03","酸辣湯"
"臺中市","大雅區","臺中市大雅區陽明國小","2026/08/03","醬燒雞翅"
"臺中市","大雅區","臺中市大雅區陽明國小","2026/08/04","地瓜葉"
"臺中市","大雅區","臺中市大雅區陽明國小","2026/08/04","白米飯"
"臺中市","大雅區","臺中市大雅區陽明國小","2026/08/04","紅燒骰子豬"
"臺中市","大雅區","臺中市大雅區陽明國小","2026/08/04","紫菜素丸湯"
"臺中市","大雅區","臺中市大雅區陽明國小","2026/08/04","芹香干片"
"臺中市","大雅區","臺中市大雅區陽明國小","2026/08/04","調味料"
"臺中市","大雅區","臺中市大雅區陽明國小","2026/08/05","冬瓜山粉圓"
"臺中市","大雅區","臺中市大雅區陽明國小","2026/08/05","客家炒粄條"
"臺中市","大雅區","臺中市大雅區陽明國小","2026/08/05","木須炒蛋"
"臺中市","大雅區","臺中市大雅區陽明國小","2026/08/05","油菜"
"臺中市","大雅區","臺中市大雅區陽明國小","2026/08/05","調味料"
"臺中市","大雅區","臺中市大雅區陽明國小","2026/08/05","香酥魚排"
"臺中市","大雅區","臺中市大雅區陽明國小","2026/08/06","白米飯"
"臺中市","大雅區","臺中市大雅區陽明國小","2026/08/06","糖醋雞丁"
"臺中市","大雅區","臺中市大雅區陽明國小","2026/08/06","調味料"
"臺中市","大雅區","臺中市大雅區陽明國小","2026/08/06","豆薯什錦湯"
"臺中市","大雅區","臺中市大雅區陽明國小","2026/08/06","雙薯什錦"
"臺中市","大雅區","臺中市大雅區陽明國小","2026/08/06","青江菜"
"臺中市","大雅區","臺中市大雅區陽明國小","2026/08/07","海芽金菇湯"
"臺中市","大雅區","臺中市大雅區陽明國小","2026/08/07","白米飯"
"臺中市","大雅區","臺中市大雅區陽明國小","2026/08/07","空心菜"
"臺中市","大雅區","臺中市大雅區陽明國小","2026/08/07","米血什錦"
"臺中市","大雅區","臺中市大雅區陽明國小","2026/08/07","調味料"
"臺中市","大雅區","臺中市大雅區陽明國小","2026/08/07","香滷雞排"
"臺中市","大雅區","臺中市大雅區陽明國小","2026/08/10","南瓜濃湯"
"臺中市","大雅區","臺中市大雅區陽明國小","2026/08/10","白米飯"
"臺中市","大雅區","臺中市大雅區陽明國小","2026/08/10","蕃茄炒蛋"
"臺中市","大雅區","臺中市大雅區陽明國小","2026/08/10","調味料"
"臺中市","大雅區","臺中市大雅區陽明國小","2026/08/10","青花菜"
"臺中市","大雅區","臺中市大雅區陽明國小","2026/08/10","香滷雞翅"
"臺中市","大雅區","臺中市大雅區陽明國小","2026/08/11","壽喜燒肉"
"臺中市","大雅區","臺中市大雅區陽明國小","2026/08/11","客家小炒"
"臺中市","大雅區","臺中市大雅區陽明國小","2026/08/11","榨菜什錦湯"
"臺中市","大雅區","臺中市大雅區陽明國小","2026/08/11","白米飯"
"臺中市","大雅區","臺中市大雅區陽明國小","2026/08/11","調味料"
"臺中市","大雅區","臺中市大雅區陽明國小","2026/08/11","青江菜"
"臺中市","大雅區","臺中市大雅區陽明國小","2026/08/12","南瓜炒蛋"
"臺中市","大雅區","臺中市大雅區陽明國小","2026/08/12","古早味油飯"
"臺中市","大雅區","臺中市大雅區陽明國小","2026/08/12","油菜"
"臺中市","大雅區","臺中市大雅區陽明國小","2026/08/12","紅豆湯"
"臺中市","大雅區","臺中市大雅區陽明國小","2026/08/12","調味料"
"臺中市","大雅區","臺中市大雅區陽明國小","2026/08/12","香酥雞腿"
"臺中市","大雅區","臺中市大雅區陽明國小","2026/08/13","日式味噌湯"
"臺中市","大雅區","臺中市大雅區陽明國小","2026/08/13","白米飯"
"臺中市","大雅區","臺中市大雅區陽明國小","2026/08/13","肉燥筍丁"
"臺中市","大雅區","臺中市大雅區陽明國小","2026/08/13","蚵白菜"
"臺中市","大雅區","臺中市大雅區陽明國小","2026/08/13","調味料"
"臺中市","大雅區","臺中市大雅區陽明國小","2026/08/13","鹽酥雞"
"臺中市","大雅區","臺中市大雅區陽明國小","2026/08/14","咖哩肉片"
"臺中市","大雅區","臺中市大雅區陽明國小","2026/08/14","安平蝦捲"
"臺中市","大雅區","臺中市大雅區陽明國小","2026/08/14","白米飯"
"臺中市","大雅區","臺中市大雅區陽明國小","2026/08/14","空心菜"
"臺中市","大雅區","臺中市大雅區陽明國小","2026/08/14","調味料"
"臺中市","大雅區","臺中市大雅區陽明國小","2026/08/14","香菇白玉湯"
"臺中市","大雅區","臺中市大雅區陽明國小","2026/08/17","木須炒蛋"
"臺中市","大雅區","臺中市大雅區陽明國小","2026/08/17","油菜"
"臺中市","大雅區","臺中市大雅區陽明國小","2026/08/17","海味金菇湯"
"臺中市","大雅區","臺中市大雅區陽明國小","2026/08/17","白米飯"
"臺中市","大雅區","臺中市大雅區陽明國小","2026/08/17","調味料"
"臺中市","大雅區","臺中市大雅區陽明國小","2026/08/17","香噴花枝排"
"臺中市","大雅區","臺中市大雅區陽明國小","2026/08/18","三杯雞"
"臺中市","大雅區","臺中市大雅區陽明國小","2026/08/18","元氣蔬菜湯"
"臺中市","大雅區","臺中市大雅區陽明國小","2026/08/18","海帶三絲"
"臺中市","大雅區","臺中市大雅區陽明國小","2026/08/18","白米飯"
"臺中市","大雅區","臺中市大雅區陽明國小","2026/08/18","空心菜"
"臺中市","大雅區","臺中市大雅區陽明國小","2026/08/18","調味料"
"臺中市","大雅區","臺中市大雅區陽明國小","2026/08/19","波霸奶茶"
"臺中市","大雅區","臺中市大雅區陽明國小","2026/08/19","百頁燴杏菇"
"臺中市","大雅區","臺中市大雅區陽明國小","2026/08/19","義大利肉醬麵"
"臺中市","大雅區","臺中市大雅區陽明國小","2026/08/19","蔥燒里肌排"
"臺中市","大雅區","臺中市大雅區陽明國小","2026/08/19","調味料"
"臺中市","大雅區","臺中市大雅區陽明國小","2026/08/19","青江菜"
"臺中市","大雅區","臺中市大雅區陽明國小","2026/08/20","打拋干丁"
"臺中市","大雅區","臺中市大雅區陽明國小","2026/08/20","白米飯"
"臺中市","大雅區","臺中市大雅區陽明國小","2026/08/20","蚵白菜"
"臺中市","大雅區","臺中市大雅區陽明國小","2026/08/20","調味料"
"臺中市","大雅區","臺中市大雅區陽明國小","2026/08/20","醬燒雞翅"
"臺中市","大雅區","臺中市大雅區陽明國小","2026/08/20","高麗菜湯"
"臺中市","大雅區","臺中市大雅區陽明國小","2026/08/21","冬瓜薑絲湯"
"臺中市","大雅區","臺中市大雅區陽明國小","2026/08/21","四季豆"
"臺中市","大雅區","臺中市大雅區陽明國小","2026/08/21","彩繪雞塊"
"臺中市","大雅區","臺中市大雅區陽明國小","2026/08/21","白米飯"
"臺中市","大雅區","臺中市大雅區陽明國小","2026/08/21","紅燒豬柳"
"臺中市","大雅區","臺中市大雅區陽明國小","2026/08/21","調味料"
"臺中市","大雅區","臺中市大雅區陽明國小","2026/08/24","咖哩雞丁"
"臺中市","大雅區","臺中市大雅區陽明國小","2026/08/24","白米飯"
"臺中市","大雅區","臺中市大雅區陽明國小","2026/08/24","調味料"
"臺中市","大雅區","臺中市大雅區陽明國小","2026/08/24","酸辣湯"
"臺中市","大雅區","臺中市大雅區陽明國小","2026/08/24","青花菜"
"臺中市","大雅區","臺中市大雅區陽明國小","2026/08/24","香噴肉塊"
"臺中市","大雅區","臺中市大雅區陽明國小","2026/08/25","榨菜什錦湯"
"臺中市","大雅區","臺中市大雅區陽明國小","2026/08/25","油菜"
"臺中市","大雅區","臺中市大雅區陽明國小","2026/08/25","淋汁福州丸"
"臺中市","大雅區","臺中市大雅區陽明國小","2026/08/25","白米飯"
"臺中市","大雅區","臺中市大雅區陽明國小","2026/08/25","調味料"
"臺中市","大雅區","臺中市大雅區陽明國小","2026/08/25","香酥魚排"
"臺中市","大雅區","臺中市大雅區陽明國小","2026/08/26","嘉義雞肉飯"
"臺中市","大雅區","臺中市大雅區陽明國小","2026/08/26","海苔蒸蛋"
"臺中市","大雅區","臺中市大雅區陽明國小","2026/08/26","芋香西米露"
"臺中市","大雅區","臺中市大雅區陽明國小","2026/08/26","蚵白菜"
"臺中市","大雅區","臺中市大雅區陽明國小","2026/08/26","蜜汁雞翅"
"臺中市","大雅區","臺中市大雅區陽明國小","2026/08/26","調味料"
"臺中市","大雅區","臺中市大雅區陽明國小","2026/08/27","日式味噌湯"
"臺中市","大雅區","臺中市大雅區陽明國小","2026/08/27","日式章魚燒"
"臺中市","大雅區","臺中市大雅區陽明國小","2026/08/27","白米飯"
"臺中市","大雅區","臺中市大雅區陽明國小","2026/08/27","筍干豬腳"
"臺中市","大雅區","臺中市大雅區陽明國小","2026/08/27","調味料"
"臺中市","大雅區","臺中市大雅區陽明國小","2026/08/27","青江菜"
"臺中市","大雅區","臺中市大雅區陽明國小","2026/08/28","大陸妹"
"臺中市","大雅區","臺中市大雅區陽明國小","2026/08/28","白米飯"
"臺中市","大雅區","臺中市大雅區陽明國小","2026/08/28","菲力雞排"
"臺中市","大雅區","臺中市大雅區陽明國小","2026/08/28","蕃茄炒蛋"
"臺中市","大雅區","臺中市大雅區陽明國小","2026/08/28","蘿蔔什錦湯"
"臺中市","大雅區","臺中市大雅區陽明國小","2026/08/28","調味料"
"臺中市","大雅區","臺中市大雅區陽明國小","2026/08/31","五穀飯"
"臺中市","大雅區","臺中市大雅區陽明國小","2026/08/31","滷台式大雞腿"
"臺中市","大雅區","臺中市大雅區陽明國小","2026/08/31","砂鍋魚"
"臺中市","大雅區","臺中市大雅區陽明國小","2026/08/31","蘿蔔排骨湯"
"臺中市","大雅區","臺中市大雅區陽明國小","2026/08/31","青花菜"
"臺中市","大雅區","臺中市大雅區陽明國小","2026/08/31","麻婆豆腐"
"臺中市","潭子區","臺中市潭子區潭子國小","2026/08/31","台式大雞腿A"
"臺中市","潭子區","臺中市潭子區潭子國小","2026/08/31","燕麥飯"
"臺中市","潭子區","臺中市潭子區潭子國小","2026/08/31","砂鍋魚"
"臺中市","潭子區","臺中市潭子區潭子國小","2026/08/31","空心菜"
"臺中市","潭子區","臺中市潭子區潭子國小","2026/08/31","蘿蔔排骨湯"
"臺中市","潭子區","臺中市潭子區潭子國小","2026/08/31","調味料"
"臺中市","潭子區","臺中市潭子區潭子國小","2026/08/31","麻婆豆腐"
"臺中市","潭子區","臺中市潭子區潭子國小","2026/08/31","台式大雞腿滷"
"臺中市","潭子區","臺中市潭子區潭子國小","2026/08/31","炒油菜"
"臺中市","潭子區","臺中市潭子區潭子國小","2026/08/31","砂鍋魚"
"臺中市","潭子區","臺中市潭子區潭子國小","2026/08/31","胚芽飯"
"臺中市","潭子區","臺中市潭子區潭子國小","2026/08/31","蘿蔔排骨湯"
"臺中市","潭子區","臺中市潭子區潭子國小","2026/08/31","調味料"
"臺中市","潭子區","臺中市潭子區潭子國小","2026/08/31","麻婆豆腐"
"臺中市","潭子區","臺中市潭子區僑忠國小","2026/08/31","台式大雞腿"
"臺中市","潭子區","臺中市潭子區僑忠國小","2026/08/31","油菜"
"臺中市","潭子區","臺中市潭子區僑忠國小","2026/08/31","砂鍋魚"
"臺中市","潭子區","臺中市潭子區僑忠國小","2026/08/31","胚芽飯"
"臺中市","潭子區","臺中市潭子區僑忠國小","2026/08/31","蘿蔔排骨湯"
"臺中市","潭子區","臺中市潭子區僑忠國小","2026/08/31","調味料"
"臺中市","潭子區","臺中市潭子區僑忠國小","2026/08/31","麻婆豆腐"
"臺中市","潭子區","臺中市潭子區僑忠國小","2026/08/31","健康飯"
"臺中市","潭子區","臺中市潭子區僑忠國小","2026/08/31","台式大雞腿"
"臺中市","潭子區","臺中市潭子區僑忠國小","2026/08/31","小白菜"
"臺中市","潭子區","臺中市潭子區僑忠國小","2026/08/31","砂鍋魚"
"臺中市","潭子區","臺中市潭子區僑忠國小","2026/08/31","蘿蔔排骨湯"
"臺中市","潭子區","臺中市潭子區僑忠國小","2026/08/31","調味料"
"臺中市","潭子區","臺中市潭子區僑忠國小","2026/08/31","麻婆豆腐"
"臺中市","潭子區","臺中市潭子區東寶國小","2026/08/31","小米飯"
"臺中市","潭子區","臺中市潭子區東寶國小","2026/08/31","有機黑葉白菜"
"臺中市","潭子區","臺中市潭子區東寶國小","2026/08/31","沙茶白菜(素)"
"臺中市","潭子區","臺中市潭子區東寶國小","2026/08/31","牛蒡天婦羅(素)"
"臺中市","潭子區","臺中市潭子區東寶國小","2026/08/31","砂鍋魚丁"
"臺中市","潭子區","臺中市潭子區東寶國小","2026/08/31","蘿蔔排骨湯"
"臺中市","潭子區","臺中市潭子區東寶國小","2026/08/31","蘿蔔鮮湯(素)"
"臺中市","潭子區","臺中市潭子區東寶國小","2026/08/31","調味料"
"臺中市","潭子區","臺中市潭子區東寶國小","2026/08/31","霸王雞腿"
"臺中市","潭子區","臺中市潭子區東寶國小","2026/08/31","麻婆豆腐"
"臺中市","潭子區","臺中市潭子區東寶國小","2026/08/31","麻婆豆腐(素)"
"臺中市","潭子區","臺中市潭子區東寶國小","2026/08/31","黑葉白菜(素)"
"臺中市","潭子區","臺中市潭子區新興國小","2026/08/31","健康飯"
"臺中市","潭子區","臺中市潭子區新興國小","2026/08/31","台式大雞腿"
"臺中市","潭子區","臺中市潭子區新興國小","2026/08/31","小白菜"
"臺中市","潭子區","臺中市潭子區新興國小","2026/08/31","砂鍋魚"
"臺中市","潭子區","臺中市潭子區新興國小","2026/08/31","蘿蔔排骨湯"
"臺中市","潭子區","臺中市潭子區新興國小","2026/08/31","調味料"
"臺中市","潭子區","臺中市潭子區新興國小","2026/08/31","麻婆豆腐"
"臺中市","外埔區","臺中市外埔區外埔國小","2026/08/03","時蔬1150803"
"臺中市","外埔區","臺中市外埔區外埔國小","2026/08/03","玉米炒蛋1150803"
"臺中市","外埔區","臺中市外埔區外埔國小","2026/08/03","白飯1150803"
"臺中市","外埔區","臺中市外埔區外埔國小","2026/08/03","蘿蔔油腐湯1150803"
"臺中市","外埔區","臺中市外埔區外埔國小","2026/08/03","調味料"
"臺中市","外埔區","臺中市外埔區外埔國小","2026/08/03","醬烤雞排1150803"
"臺中市","外埔區","臺中市外埔區外埔國小","2026/08/03","醬香豆腐1150803"
"臺中市","外埔區","臺中市外埔區外埔國小","2026/08/04","時蔬1150804"
"臺中市","外埔區","臺中市外埔區外埔國小","2026/08/04","玉米濃湯1150804"
"臺中市","外埔區","臺中市外埔區外埔國小","2026/08/04","白飯1150804"
"臺中市","外埔區","臺中市外埔區外埔國小","2026/08/04","蘿蔔滷海結1150804"
"臺中市","外埔區","臺中市外埔區外埔國小","2026/08/04","調味料"
"臺中市","外埔區","臺中市外埔區外埔國小","2026/08/04","香滷大排1150804"
"臺中市","外埔區","臺中市外埔區外埔國小","2026/08/04","鮮瓜炒肉絲1150804"
"臺中市","外埔區","臺中市外埔區外埔國小","2026/08/05","時蔬1150805"
"臺中市","外埔區","臺中市外埔區外埔國小","2026/08/05","珍珠紅茶1150805"
"臺中市","外埔區","臺中市外埔區外埔國小","2026/08/05","白飯1150805"
"臺中市","外埔區","臺中市外埔區外埔國小","2026/08/05","菜脯蛋1150805"
"臺中市","外埔區","臺中市外埔區外埔國小","2026/08/05","螞蟻上樹1150805"
"臺中市","外埔區","臺中市外埔區外埔國小","2026/08/05","調味料"
"臺中市","外埔區","臺中市外埔區外埔國小","2026/08/05","鹽酥雞1150805"
"臺中市","外埔區","臺中市外埔區外埔國小","2026/08/06","時蔬1150806"
"臺中市","外埔區","臺中市外埔區外埔國小","2026/08/06","白飯1150806"
"臺中市","外埔區","臺中市外埔區外埔國小","2026/08/06","竹筍排骨湯1150806"
"臺中市","外埔區","臺中市外埔區外埔國小","2026/08/06","紅豆捲1150806"
"臺中市","外埔區","臺中市外埔區外埔國小","2026/08/06","調味料"
"臺中市","外埔區","臺中市外埔區外埔國小","2026/08/06","關東煮1150806"
"臺中市","外埔區","臺中市外埔區外埔國小","2026/08/06","香酥雞排1150806"
"臺中市","外埔區","臺中市外埔區外埔國小","2026/08/07","時蔬1150807"
"臺中市","外埔區","臺中市外埔區外埔國小","2026/08/07","海芽蛋花湯1150807"
"臺中市","外埔區","臺中市外埔區外埔國小","2026/08/07","田園四色1150807"
"臺中市","外埔區","臺中市外埔區外埔國小","2026/08/07","白飯1150807"
"臺中市","外埔區","臺中市外埔區外埔國小","2026/08/07","脆皮雞排1150807"
"臺中市","外埔區","臺中市外埔區外埔國小","2026/08/07","芳香水餃1150807"
"臺中市","外埔區","臺中市外埔區外埔國小","2026/08/07","調味料"
"臺中市","外埔區","臺中市外埔區外埔國小","2026/08/10","奶香洋芋1150810"
"臺中市","外埔區","臺中市外埔區外埔國小","2026/08/10","時蔬1150810"
"臺中市","外埔區","臺中市外埔區外埔國小","2026/08/10","櫛瓜炒肉絲1150810"
"臺中市","外埔區","臺中市外埔區外埔國小","2026/08/10","白飯1150810"
"臺中市","外埔區","臺中市外埔區外埔國小","2026/08/10","調味料"
"臺中市","外埔區","臺中市外埔區外埔國小","2026/08/10","酸辣湯1150810"
"臺中市","外埔區","臺中市外埔區外埔國小","2026/08/10","醬香雞翅1150810"
"臺中市","外埔區","臺中市外埔區外埔國小","2026/08/11","時蔬1150811"
"臺中市","外埔區","臺中市外埔區外埔國小","2026/08/11","玉米總匯1150811"
"臺中市","外埔區","臺中市外埔區外埔國小","2026/08/11","番茄炒蛋1150811"
"臺中市","外埔區","臺中市外埔區外埔國小","2026/08/11","白飯1150811"
"臺中市","外埔區","臺中市外埔區外埔國小","2026/08/11","調味料"
"臺中市","外埔區","臺中市外埔區外埔國小","2026/08/11","鮮瓜排骨湯1150811"
"臺中市","外埔區","臺中市外埔區外埔國小","2026/08/11","鹽酥雞1150811"
"臺中市","外埔區","臺中市外埔區外埔國小","2026/08/12","中式滷肉1150812"
"臺中市","外埔區","臺中市外埔區外埔國小","2026/08/12","客家米粉1150812"
"臺中市","外埔區","臺中市外埔區外埔國小","2026/08/12","時蔬1150812"
"臺中市","外埔區","臺中市外埔區外埔國小","2026/08/12","水餃1150812"
"臺中市","外埔區","臺中市外埔區外埔國小","2026/08/12","洋蔥黑輪1150812"
"臺中市","外埔區","臺中市外埔區外埔國小","2026/08/12","調味料"
"臺中市","外埔區","臺中市外埔區外埔國小","2026/08/12","銀耳甜湯1150812"
"臺中市","外埔區","臺中市外埔區外埔國小","2026/08/13","時蔬1150813"
"臺中市","外埔區","臺中市外埔區外埔國小","2026/08/13","清炒小黃瓜1150813"
"臺中市","外埔區","臺中市外埔區外埔國小","2026/08/13","番茄打拋豬1150813"
"臺中市","外埔區","臺中市外埔區外埔國小","2026/08/13","白飯1150813"
"臺中市","外埔區","臺中市外埔區外埔國小","2026/08/13","紫菜蛋花湯1150813"
"臺中市","外埔區","臺中市外埔區外埔國小","2026/08/13","調味料"
"臺中市","外埔區","臺中市外埔區外埔國小","2026/08/13","醬香雞丁1150813"
"臺中市","外埔區","臺中市外埔區外埔國小","2026/08/14","時蔬1150814"
"臺中市","外埔區","臺中市外埔區外埔國小","2026/08/14","清炒高麗菜1150814"
"臺中市","外埔區","臺中市外埔區外埔國小","2026/08/14","玉米湯1150814"
"臺中市","外埔區","臺中市外埔區外埔國小","2026/08/14","白飯1150814"
"臺中市","外埔區","臺中市外埔區外埔國小","2026/08/14","菜脯蛋1150814"
"臺中市","外埔區","臺中市外埔區外埔國小","2026/08/14","調味料"
"臺中市","外埔區","臺中市外埔區外埔國小","2026/08/14","鹽酥雞1150814"
"臺中市","外埔區","臺中市外埔區外埔國小","2026/08/17","冬瓜排骨湯1150817"
"臺中市","外埔區","臺中市外埔區外埔國小","2026/08/17","小黃瓜炒甜椒1150817"
"臺中市","外埔區","臺中市外埔區外埔國小","2026/08/17","時蔬1150817"
"臺中市","外埔區","臺中市外埔區外埔國小","2026/08/17","海帶干絲1150817"
"臺中市","外埔區","臺中市外埔區外埔國小","2026/08/17","白飯1150817"
"臺中市","外埔區","臺中市外埔區外埔國小","2026/08/17","調味料"
"臺中市","外埔區","臺中市外埔區外埔國小","2026/08/17","醬烤雞排1150817"
"臺中市","外埔區","臺中市外埔區外埔國小","2026/08/18","時蔬1150818"
"臺中市","外埔區","臺中市外埔區外埔國小","2026/08/18","白菜滷1150818"
"臺中市","外埔區","臺中市外埔區外埔國小","2026/08/18","白飯1150818"
"臺中市","外埔區","臺中市外埔區外埔國小","2026/08/18","調味料"
"臺中市","外埔區","臺中市外埔區外埔國小","2026/08/18","豆包捲1150818"
"臺中市","外埔區","臺中市外埔區外埔國小","2026/08/18","酥炸雞翅1150818"
"臺中市","外埔區","臺中市外埔區外埔國小","2026/08/18","麵線糊1150818"
"臺中市","外埔區","臺中市外埔區外埔國小","2026/08/19","山粉圓1150819"
"臺中市","外埔區","臺中市外埔區外埔國小","2026/08/19","時蔬1150819"
"臺中市","外埔區","臺中市外埔區外埔國小","2026/08/19","白飯1150819"
"臺中市","外埔區","臺中市外埔區外埔國小","2026/08/19","竹筍羹1150819"
"臺中市","外埔區","臺中市外埔區外埔國小","2026/08/19","紐奧良雞排1150819"
"臺中市","外埔區","臺中市外埔區外埔國小","2026/08/19","調味料"
"臺中市","外埔區","臺中市外埔區外埔國小","2026/08/19","鮮瓜炒肉絲1150819"
"臺中市","外埔區","臺中市外埔區外埔國小","2026/08/20","拌炒鮮瓜1150820"
"臺中市","外埔區","臺中市外埔區外埔國小","2026/08/20","時蔬1150820"
"臺中市","外埔區","臺中市外埔區外埔國小","2026/08/20","洋蔥炒蛋1150820"
"臺中市","外埔區","臺中市外埔區外埔國小","2026/08/20","白飯1150820"
"臺中市","外埔區","臺中市外埔區外埔國小","2026/08/20","蘿蔔排骨湯1150820"
"臺中市","外埔區","臺中市外埔區外埔國小","2026/08/20","調味料"
"臺中市","外埔區","臺中市外埔區外埔國小","2026/08/20","香滷雞翅1150820"
"臺中市","外埔區","臺中市外埔區外埔國小","2026/08/21","時蔬1150821"
"臺中市","外埔區","臺中市外埔區外埔國小","2026/08/21","白飯1150821"
"臺中市","外埔區","臺中市外埔區外埔國小","2026/08/21","絲瓜冬粉1150821"
"臺中市","外埔區","臺中市外埔區外埔國小","2026/08/21","調味料"
"臺中市","外埔區","臺中市外埔區外埔國小","2026/08/21","金針竹筍湯1150821"
"臺中市","外埔區","臺中市外埔區外埔國小","2026/08/21","鐵路排骨1150821"
"臺中市","外埔區","臺中市外埔區外埔國小","2026/08/21","高麗菜1150821"
"臺中市","外埔區","臺中市外埔區外埔國小","2026/08/24","時蔬1150824"
"臺中市","外埔區","臺中市外埔區外埔國小","2026/08/24","白飯1150824"
"臺中市","外埔區","臺中市外埔區外埔國小","2026/08/24","芳香滷蛋1150824"
"臺中市","外埔區","臺中市外埔區外埔國小","2026/08/24","薯餅1150824"
"臺中市","外埔區","臺中市外埔區外埔國小","2026/08/24","調味料"
"臺中市","外埔區","臺中市外埔區外埔國小","2026/08/24","酥炸雞排1150824"
"臺中市","外埔區","臺中市外埔區外埔國小","2026/08/24","鮮瓜排骨湯1150824"
"臺中市","外埔區","臺中市外埔區外埔國小","2026/08/25","時蔬1150825"
"臺中市","外埔區","臺中市外埔區外埔國小","2026/08/25","海帶結滷筍干1150825"
"臺中市","外埔區","臺中市外埔區外埔國小","2026/08/25","玉米炒蛋1150825"
"臺中市","外埔區","臺中市外埔區外埔國小","2026/08/25","珍珠奶茶1150825"
"臺中市","外埔區","臺中市外埔區外埔國小","2026/08/25","白飯1150825"
"臺中市","外埔區","臺中市外埔區外埔國小","2026/08/25","調味料"
"臺中市","外埔區","臺中市外埔區外埔國小","2026/08/25","鐵路豬排1150825"
"臺中市","外埔區","臺中市外埔區外埔國小","2026/08/26","仙草1150826"
"臺中市","外埔區","臺中市外埔區外埔國小","2026/08/26","時蔬1150826"
"臺中市","外埔區","臺中市外埔區外埔國小","2026/08/26","白飯1150826"
"臺中市","外埔區","臺中市外埔區外埔國小","2026/08/26","螞蟻上樹1150826"
"臺中市","外埔區","臺中市外埔區外埔國小","2026/08/26","調味料"
"臺中市","外埔區","臺中市外埔區外埔國小","2026/08/26","豆干炒毛豆1150826"
"臺中市","外埔區","臺中市外埔區外埔國小","2026/08/26","酥炸雞排1150826"
"臺中市","外埔區","臺中市外埔區外埔國小","2026/08/27","味噌豆腐湯1150827"
"臺中市","外埔區","臺中市外埔區外埔國小","2026/08/27","時蔬1150827"
"臺中市","外埔區","臺中市外埔區外埔國小","2026/08/27","椒鹽薯條1150827"
"臺中市","外埔區","臺中市外埔區外埔國小","2026/08/27","清炒海茸1150827"
"臺中市","外埔區","臺中市外埔區外埔國小","2026/08/27","白飯1150827"
"臺中市","外埔區","臺中市外埔區外埔國小","2026/08/27","筍乾滷肉1150827"
"臺中市","外埔區","臺中市外埔區外埔國小","2026/08/27","調味料"
"臺中市","外埔區","臺中市外埔區外埔國小","2026/08/28","時蔬1150828"
"臺中市","外埔區","臺中市外埔區外埔國小","2026/08/28","清炒高麗菜1150828"
"臺中市","外埔區","臺中市外埔區外埔國小","2026/08/28","白飯1150828"
"臺中市","外埔區","臺中市外埔區外埔國小","2026/08/28","竹筍排骨湯1150828"
"臺中市","外埔區","臺中市外埔區外埔國小","2026/08/28","調味料"
"臺中市","外埔區","臺中市外埔區外埔國小","2026/08/28","酥炸雞翅1150828"
"臺中市","外埔區","臺中市外埔區外埔國小","2026/08/28","鮮瓜炒豆皮絲1150828"
"臺中市","外埔區","臺中市外埔區外埔國小","2026/08/31","加菜燒台式大骨腿1150831"
"臺中市","外埔區","臺中市外埔區外埔國小","2026/08/31","小白菜1150831"
"臺中市","外埔區","臺中市外埔區外埔國小","2026/08/31","砂鍋魚1150831"
"臺中市","外埔區","臺中市外埔區外埔國小","2026/08/31","糙米飯1150831"
"臺中市","外埔區","臺中市外埔區外埔國小","2026/08/31","蘿蔔排骨湯1150831"
"臺中市","外埔區","臺中市外埔區外埔國小","2026/08/31","調味料"
"臺中市","外埔區","臺中市外埔區外埔國小","2026/08/31","麻婆豆腐1150831"
"臺中市","外埔區","臺中市外埔區外埔國小","2026/08/31","台式大雞腿1150831"
"臺中市","外埔區","臺中市外埔區外埔國小","2026/08/31","產銷履歷油菜1150831"
"臺中市","外埔區","臺中市外埔區外埔國小","2026/08/31","砂鍋魚1150831"
"臺中市","外埔區","臺中市外埔區外埔國小","2026/08/31","蘿蔔排骨湯1150831"
"臺中市","外埔區","臺中市外埔區外埔國小","2026/08/31","調味料"
"臺中市","外埔區","臺中市外埔區外埔國小","2026/08/31","麥片飯1150831"
"臺中市","外埔區","臺中市外埔區外埔國小","2026/08/31","麻婆豆腐1150831"
"臺中市","外埔區","臺中市外埔區安定國小","2026/08/31","保久乳"
"臺中市","外埔區","臺中市外埔區安定國小","2026/08/31","台式大雞腿"
"臺中市","外埔區","臺中市外埔區安定國小","2026/08/31","白米飯"
"臺中市","外埔區","臺中市外埔區安定國小","2026/08/31","白菜什錦(素)"
"臺中市","外埔區","臺中市外埔區安定國小","2026/08/31","砂鍋魚"
"臺中市","外埔區","臺中市外埔區安定國小","2026/08/31","素雲菜捲(素)"
"臺中市","外埔區","臺中市外埔區安定國小","2026/08/31","蘿蔔排骨湯"
"臺中市","外埔區","臺中市外埔區安定國小","2026/08/31","蘿蔔湯(素)"
"臺中市","外埔區","臺中市外埔區安定國小","2026/08/31","調味料"
"臺中市","外埔區","臺中市外埔區安定國小","2026/08/31","豆瓣紫茄(素)"
"臺中市","外埔區","臺中市外埔區安定國小","2026/08/31","青江菜"
"臺中市","外埔區","臺中市外埔區安定國小","2026/08/31","鮮菇豆腐(素)"
"臺中市","外埔區","臺中市外埔區安定國小","2026/08/31","麻婆豆腐"
"臺中市","外埔區","臺中市外埔區鐵山國小","2026/08/31","保久乳"
"臺中市","外埔區","臺中市外埔區鐵山國小","2026/08/31","台式大雞腿"
"臺中市","外埔區","臺中市外埔區鐵山國小","2026/08/31","白米飯"
"臺中市","外埔區","臺中市外埔區鐵山國小","2026/08/31","白菜什錦(素)"
"臺中市","外埔區","臺中市外埔區鐵山國小","2026/08/31","砂鍋魚"
"臺中市","外埔區","臺中市外埔區鐵山國小","2026/08/31","素雲菜捲(素)"
"臺中市","外埔區","臺中市外埔區鐵山國小","2026/08/31","蘿蔔排骨湯"
"臺中市","外埔區","臺中市外埔區鐵山國小","2026/08/31","蘿蔔湯(素)"
"臺中市","外埔區","臺中市外埔區鐵山國小","2026/08/31","調味料"
"臺中市","外埔區","臺中市外埔區鐵山國小","2026/08/31","豆瓣紫茄(素)"
"臺中市","外埔區","臺中市外埔區鐵山國小","2026/08/31","青江菜"
"臺中市","外埔區","臺中市外埔區鐵山國小","2026/08/31","鮮菇豆腐(素)"
"臺中市","外埔區","臺中市外埔區鐵山國小","2026/08/31","麻婆豆腐"
"臺中市","外埔區","臺中市外埔區馬鳴國小","2026/08/31","台式大雞腿(首周加菜)"
"臺中市","外埔區","臺中市外埔區馬鳴國小","2026/08/31","砂鍋魚"
"臺中市","外埔區","臺中市外埔區馬鳴國小","2026/08/31","綜合堅果隨身包"
"臺中市","外埔區","臺中市外埔區馬鳴國小","2026/08/31","芝麻飯"
"臺中市","外埔區","臺中市外埔區馬鳴國小","2026/08/31","蘿蔔排骨湯"
"臺中市","外埔區","臺中市外埔區馬鳴國小","2026/08/31","調味料"
"臺中市","外埔區","臺中市外埔區馬鳴國小","2026/08/31","青江菜"
"臺中市","外埔區","臺中市外埔區馬鳴國小","2026/08/31","麻婆豆腐"
"臺中市","外埔區","臺中市外埔區水美國小","2026/08/31","台式大雞腿"
"臺中市","外埔區","臺中市外埔區水美國小","2026/08/31","砂鍋魚"
"臺中市","外埔區","臺中市外埔區水美國小","2026/08/31","芝麻飯"
"臺中市","外埔區","臺中市外埔區水美國小","2026/08/31","蘿蔔排骨湯"
"臺中市","外埔區","臺中市外埔區水美國小","2026/08/31","調味料"
"臺中市","外埔區","臺中市外埔區水美國小","2026/08/31","豆漿"
"臺中市","外埔區","臺中市外埔區水美國小","2026/08/31","鵝白菜"
"臺中市","外埔區","臺中市外埔區水美國小","2026/08/31","麻婆豆腐"
"臺中市","東勢區","臺中市東勢區東勢國小","2026/08/31","小米飯"
"臺中市","東勢區","臺中市東勢區東勢國小","2026/08/31","小米飯(素)"
"臺中市","東勢區","臺中市東勢區東勢國小","2026/08/31","有機空心菜"
"臺中市","東勢區","臺中市東勢區東勢國小","2026/08/31","有機空心菜(素)"
"臺中市","東勢區","臺中市東勢區東勢國小","2026/08/31","牛蒡揚(素)"
"臺中市","東勢區","臺中市東勢區東勢國小","2026/08/31","砂鍋大白菜(素)"
"臺中市","東勢區","臺中市東勢區東勢國小","2026/08/31","砂鍋魚"
"臺中市","東勢區","臺中市東勢區東勢國小","2026/08/31","菜捲(素)"
"臺中市","東勢區","臺中市東勢區東勢國小","2026/08/31","蘿蔔排骨湯"
"臺中市","東勢區","臺中市東勢區東勢國小","2026/08/31","蘿蔔湯(素)"
"臺中市","東勢區","臺中市東勢區東勢國小","2026/08/31","調味料"
"臺中市","東勢區","臺中市東勢區東勢國小","2026/08/31","霸王雞腿"
"臺中市","東勢區","臺中市東勢區東勢國小","2026/08/31","麻婆豆腐"
"臺中市","東勢區","臺中市東勢區東勢國小","2026/08/31","麻婆豆腐(素)"
"臺中市","東勢區","臺中市東勢區中山國小","2026/08/31","小米飯"
"臺中市","東勢區","臺中市東勢區中山國小","2026/08/31","小米飯(素)"
"臺中市","東勢區","臺中市東勢區中山國小","2026/08/31","有機空心菜"
"臺中市","東勢區","臺中市東勢區中山國小","2026/08/31","有機空心菜(素)"
"臺中市","東勢區","臺中市東勢區中山國小","2026/08/31","牛蒡揚(素)"
"臺中市","東勢區","臺中市東勢區中山國小","2026/08/31","砂鍋大白菜(素)"
"臺中市","東勢區","臺中市東勢區中山國小","2026/08/31","砂鍋魚"
"臺中市","東勢區","臺中市東勢區中山國小","2026/08/31","菜捲(素)"
"臺中市","東勢區","臺中市東勢區中山國小","2026/08/31","蘿蔔排骨湯"
"臺中市","東勢區","臺中市東勢區中山國小","2026/08/31","蘿蔔湯(素)"
"臺中市","東勢區","臺中市東勢區中山國小","2026/08/31","調味料"
"臺中市","東勢區","臺中市東勢區中山國小","2026/08/31","霸王雞腿"
"臺中市","東勢區","臺中市東勢區中山國小","2026/08/31","麻婆豆腐"
"臺中市","東勢區","臺中市東勢區中山國小","2026/08/31","麻婆豆腐(素)"
"臺中市","東勢區","臺中市東勢區石城國小","2026/08/31","小米飯"
"臺中市","東勢區","臺中市東勢區石城國小","2026/08/31","小米飯(素)"
"臺中市","東勢區","臺中市東勢區石城國小","2026/08/31","有機空心菜"
"臺中市","東勢區","臺中市東勢區石城國小","2026/08/31","有機空心菜(素)"
"臺中市","東勢區","臺中市東勢區石城國小","2026/08/31","牛蒡揚(素)"
"臺中市","東勢區","臺中市東勢區石城國小","2026/08/31","砂鍋大白菜(素)"
"臺中市","東勢區","臺中市東勢區石城國小","2026/08/31","砂鍋魚"
"臺中市","東勢區","臺中市東勢區石城國小","2026/08/31","菜捲(素)"
"臺中市","東勢區","臺中市東勢區石城國小","2026/08/31","蘿蔔排骨湯"
"臺中市","東勢區","臺中市東勢區石城國小","2026/08/31","蘿蔔湯(素)"
"臺中市","東勢區","臺中市東勢區石城國小","2026/08/31","調味料"
"臺中市","東勢區","臺中市東勢區石城國小","2026/08/31","霸王雞腿"
"臺中市","東勢區","臺中市東勢區石城國小","2026/08/31","麻婆豆腐"
"臺中市","東勢區","臺中市東勢區石城國小","2026/08/31","麻婆豆腐(素)"
"臺中市","東勢區","臺中市東勢區成功國小","2026/08/31","小米飯"
"臺中市","東勢區","臺中市東勢區成功國小","2026/08/31","有機空心菜"
"臺中市","東勢區","臺中市東勢區成功國小","2026/08/31","砂鍋魚丁"
"臺中市","東勢區","臺中市東勢區成功國小","2026/08/31","蘿蔔排骨湯"
"臺中市","東勢區","臺中市東勢區成功國小","2026/08/31","調味料"
"臺中市","東勢區","臺中市東勢區成功國小","2026/08/31","霸王雞腿"
"臺中市","東勢區","臺中市東勢區成功國小","2026/08/31","麻婆豆腐"
"臺中市","東勢區","臺中市東勢區成功國小","2026/08/31","龍眼"
"臺中市","東勢區","臺中市東勢區石角國小","2026/08/31","地瓜飯"
"臺中市","東勢區","臺中市東勢區石角國小","2026/08/31","有機小松菜"
"臺中市","東勢區","臺中市東勢區石角國小","2026/08/31","砂鍋魚丁"
"臺中市","東勢區","臺中市東勢區石角國小","2026/08/31","蘿蔔排骨湯"
"臺中市","東勢區","臺中市東勢區石角國小","2026/08/31","調味料"
"臺中市","東勢區","臺中市東勢區石角國小","2026/08/31","霸王雞腿"
"臺中市","東勢區","臺中市東勢區石角國小","2026/08/31","麻婆豆腐"
"臺中市","東勢區","臺中市東勢區石角國小","2026/08/31","龍眼(僅供國小部使用)"
"臺中市","東勢區","臺中市東勢區中科國小","2026/08/31","小米飯"
"臺中市","東勢區","臺中市東勢區中科國小","2026/08/31","小米飯(素)"
"臺中市","東勢區","臺中市東勢區中科國小","2026/08/31","有機空心菜"
"臺中市","東勢區","臺中市東勢區中科國小","2026/08/31","有機空心菜(素)"
"臺中市","東勢區","臺中市東勢區中科國小","2026/08/31","牛蒡揚(素)"
"臺中市","東勢區","臺中市東勢區中科國小","2026/08/31","砂鍋大白菜(素)"
"臺中市","東勢區","臺中市東勢區中科國小","2026/08/31","砂鍋魚"
"臺中市","東勢區","臺中市東勢區中科國小","2026/08/31","菜捲(素)"
"臺中市","東勢區","臺中市東勢區中科國小","2026/08/31","蘿蔔排骨湯"
"臺中市","東勢區","臺中市東勢區中科國小","2026/08/31","蘿蔔湯(素)"
"臺中市","東勢區","臺中市東勢區中科國小","2026/08/31","調味料"
"臺中市","東勢區","臺中市東勢區中科國小","2026/08/31","霸王雞腿"
"臺中市","東勢區","臺中市東勢區中科國小","2026/08/31","麻婆豆腐"
"臺中市","東勢區","臺中市東勢區中科國小","2026/08/31","麻婆豆腐(素)"
"臺中市","東勢區","臺中市東勢區新成國小","2026/08/31","有機空心菜"
"臺中市","東勢區","臺中市東勢區新成國小","2026/08/31","白米飯"
"臺中市","東勢區","臺中市東勢區新成國小","2026/08/31","砂糖橘(僅供國小部使用)"
"臺中市","東勢區","臺中市東勢區新成國小","2026/08/31","砂鍋魚丁"
"臺中市","東勢區","臺中市東勢區新成國小","2026/08/31","蘋果(僅供幼兒園使用)"
"臺中市","東勢區","臺中市東勢區新成國小","2026/08/31","蘿蔔排骨湯"
"臺中市","東勢區","臺中市東勢區新成國小","2026/08/31","調味料"
"臺中市","東勢區","臺中市東勢區新成國小","2026/08/31","霸王雞腿"
"臺中市","東勢區","臺中市東勢區新成國小","2026/08/31","麻婆豆腐"
"臺中市","東勢區","臺中市東勢區明正國小","2026/08/31","有機小松菜"
"臺中市","東勢區","臺中市東勢區明正國小","2026/08/31","白米飯"
"臺中市","東勢區","臺中市東勢區明正國小","2026/08/31","砂糖橘"
"臺中市","東勢區","臺中市東勢區明正國小","2026/08/31","砂鍋魚丁"
"臺中市","東勢區","臺中市東勢區明正國小","2026/08/31","蘿蔔排骨湯"
"臺中市","東勢區","臺中市東勢區明正國小","2026/08/31","調味料"
"臺中市","東勢區","臺中市東勢區明正國小","2026/08/31","霸王雞腿"
"臺中市","東勢區","臺中市東勢區明正國小","2026/08/31","麻婆豆腐"
"臺中市","石岡區","臺中市石岡區石岡國小","2026/08/31","台式大雞腿"
"臺中市","石岡區","臺中市石岡區石岡國小","2026/08/31","有機小松菜"
"臺中市","石岡區","臺中市石岡區石岡國小","2026/08/31","海苔片"
"臺中市","石岡區","臺中市石岡區石岡國小","2026/08/31","白飯"
"臺中市","石岡區","臺中市石岡區石岡國小","2026/08/31","砂鍋魚丁"
"臺中市","石岡區","臺中市石岡區石岡國小","2026/08/31","素有機小松菜"
"臺中市","石岡區","臺中市石岡區石岡國小","2026/08/31","素砂鍋獅子頭"
"臺中市","石岡區","臺中市石岡區石岡國小","2026/08/31","素蘿蔔玉米湯"
"臺中市","石岡區","臺中市石岡區石岡國小","2026/08/31","素金沙筊白筍"
"臺中市","石岡區","臺中市石岡區石岡國小","2026/08/31","素麻婆豆腐"
"臺中市","石岡區","臺中市石岡區石岡國小","2026/08/31","蘿蔔排骨湯"
"臺中市","石岡區","臺中市石岡區石岡國小","2026/08/31","調味料"
"臺中市","石岡區","臺中市石岡區石岡國小","2026/08/31","麻婆豆腐"
"臺中市","石岡區","臺中市石岡區土牛國小","2026/08/31","台式大雞腿"
"臺中市","石岡區","臺中市石岡區土牛國小","2026/08/31","有機小松菜"
"臺中市","石岡區","臺中市石岡區土牛國小","2026/08/31","海苔片"
"臺中市","石岡區","臺中市石岡區土牛國小","2026/08/31","白飯"
"臺中市","石岡區","臺中市石岡區土牛國小","2026/08/31","砂鍋魚丁"
"臺中市","石岡區","臺中市石岡區土牛國小","2026/08/31","素有機小松菜"
"臺中市","石岡區","臺中市石岡區土牛國小","2026/08/31","素砂鍋獅子頭"
"臺中市","石岡區","臺中市石岡區土牛國小","2026/08/31","素蘿蔔玉米湯"
"臺中市","石岡區","臺中市石岡區土牛國小","2026/08/31","素金沙筊白筍"
"臺中市","石岡區","臺中市石岡區土牛國小","2026/08/31","素麻婆豆腐"
"臺中市","石岡區","臺中市石岡區土牛國小","2026/08/31","蘿蔔排骨湯"
"臺中市","石岡區","臺中市石岡區土牛國小","2026/08/31","調味料"
"臺中市","石岡區","臺中市石岡區土牛國小","2026/08/31","麻婆豆腐"
"臺中市","新社區","臺中市新社區新社國小","2026/08/31","有機小白菜"
"臺中市","新社區","臺中市新社區新社國小","2026/08/31","砂鍋魚丁"
"臺中市","新社區","臺中市新社區新社國小","2026/08/31","紅藜飯"
"臺中市","新社區","臺中市新社區新社國小","2026/08/31","綜合堅果"
"臺中市","新社區","臺中市新社區新社國小","2026/08/31","蘿蔔排骨湯"
"臺中市","新社區","臺中市新社區新社國小","2026/08/31","調味料"
"臺中市","新社區","臺中市新社區新社國小","2026/08/31","霸王雞腿"
"臺中市","新社區","臺中市新社區新社國小","2026/08/31","麻婆豆腐"
"臺中市","新社區","臺中市新社區東興國小","2026/08/31","台式大雞腿"
"臺中市","新社區","臺中市新社區東興國小","2026/08/31","砂鍋魚丁"
"臺中市","新社區","臺中市新社區東興國小","2026/08/31","蘿蔔排骨湯"
"臺中市","新社區","臺中市新社區東興國小","2026/08/31","調味料"
"臺中市","新社區","臺中市新社區東興國小","2026/08/31","青江菜"
"臺中市","新社區","臺中市新社區東興國小","2026/08/31","鮮奶"
"臺中市","新社區","臺中市新社區東興國小","2026/08/31","麥片飯"
"臺中市","新社區","臺中市新社區東興國小","2026/08/31","麻婆豆腐"
"臺中市","新社區","臺中市新社區大南國小","2026/08/31","台式大雞腿"
"臺中市","新社區","臺中市新社區大南國小","2026/08/31","砂鍋魚丁"
"臺中市","新社區","臺中市新社區大南國小","2026/08/31","蘿蔔排骨湯"
"臺中市","新社區","臺中市新社區大南國小","2026/08/31","調味料"
"臺中市","新社區","臺中市新社區大南國小","2026/08/31","青江菜"
"臺中市","新社區","臺中市新社區大南國小","2026/08/31","鮮奶"
"臺中市","新社區","臺中市新社區大南國小","2026/08/31","麥片飯"
"臺中市","新社區","臺中市新社區大南國小","2026/08/31","麻婆豆腐"
"臺中市","新社區","臺中市新社區協成國小","2026/08/31","台式大雞腿"
"臺中市","新社區","臺中市新社區協成國小","2026/08/31","砂鍋魚丁"
"臺中市","新社區","臺中市新社區協成國小","2026/08/31","蘿蔔排骨湯"
"臺中市","新社區","臺中市新社區協成國小","2026/08/31","調味料"
"臺中市","新社區","臺中市新社區協成國小","2026/08/31","青江菜"
"臺中市","新社區","臺中市新社區協成國小","2026/08/31","鮮奶"
"臺中市","新社區","臺中市新社區協成國小","2026/08/31","麥片飯"
"臺中市","新社區","臺中市新社區協成國小","2026/08/31","麻婆豆腐"
"臺中市","新社區","臺中市新社區大林國小","2026/08/31","台式大雞腿"
"臺中市","新社區","臺中市新社區大林國小","2026/08/31","砂鍋魚丁"
"臺中市","新社區","臺中市新社區大林國小","2026/08/31","蘿蔔排骨湯"
"臺中市","新社區","臺中市新社區大林國小","2026/08/31","調味料"
"臺中市","新社區","臺中市新社區大林國小","2026/08/31","青江菜"
"臺中市","新社區","臺中市新社區大林國小","2026/08/31","鮮奶"
"臺中市","新社區","臺中市新社區大林國小","2026/08/31","麥片飯"
"臺中市","新社區","臺中市新社區大林國小","2026/08/31","麻婆豆腐"
"臺中市","新社區","臺中市新社區崑山國小","2026/08/31","台式大雞腿"
"臺中市","新社區","臺中市新社區崑山國小","2026/08/31","砂鍋魚丁"
"臺中市","新社區","臺中市新社區崑山國小","2026/08/31","蘿蔔排骨湯"
"臺中市","新社區","臺中市新社區崑山國小","2026/08/31","調味料"
"臺中市","新社區","臺中市新社區崑山國小","2026/08/31","青江菜"
"臺中市","新社區","臺中市新社區崑山國小","2026/08/31","鮮奶"
"臺中市","新社區","臺中市新社區崑山國小","2026/08/31","麥片飯"
"臺中市","新社區","臺中市新社區崑山國小","2026/08/31","麻婆豆腐"
"臺中市","新社區","臺中市新社區中和國小","2026/08/31","台式大雞腿"
"臺中市","新社區","臺中市新社區中和國小","2026/08/31","砂鍋魚丁"
"臺中市","新社區","臺中市新社區中和國小","2026/08/31","蘿蔔排骨湯"
"臺中市","新社區","臺中市新社區中和國小","2026/08/31","調味料"
"臺中市","新社區","臺中市新社區中和國小","2026/08/31","青江菜"
"臺中市","新社區","臺中市新社區中和國小","2026/08/31","鮮奶"
"臺中市","新社區","臺中市新社區中和國小","2026/08/31","麥片飯"
"臺中市","新社區","臺中市新社區中和國小","2026/08/31","麻婆豆腐"
"臺中市","清水區","臺中市清水區清水國小","2026/08/31","台式大雞腿"
"臺中市","清水區","臺中市清水區清水國小","2026/08/31","砂鍋寬粉(素)"
"臺中市","清水區","臺中市清水區清水國小","2026/08/31","砂鍋魚"
"臺中市","清水區","臺中市清水區清水國小","2026/08/31","翠綠油菜"
"臺中市","清水區","臺中市清水區清水國小","2026/08/31","芋見地瓜飯"
"臺中市","清水區","臺中市清水區清水國小","2026/08/31","蘿蔔排骨湯"
"臺中市","清水區","臺中市清水區清水國小","2026/08/31","調味料"
"臺中市","清水區","臺中市清水區清水國小","2026/08/31","香滷豆包(素)"
"臺中市","清水區","臺中市清水區清水國小","2026/08/31","香菇海苔燒(素)"
"臺中市","清水區","臺中市清水區清水國小","2026/08/31","麻婆豆腐"
"臺中市","清水區","臺中市清水區清水國小","2026/08/31","麻婆豆腐(素)"
"臺中市","清水區","臺中市清水區西寧國小","2026/08/31","港式拼盤(素)"
"臺中市","清水區","臺中市清水區西寧國小","2026/08/31","白卜鮮菇湯(素)"
"臺中市","清水區","臺中市清水區西寧國小","2026/08/31","砂鍋粉絲(素)"
"臺中市","清水區","臺中市清水區西寧國小","2026/08/31","砂鍋魚丁"
"臺中市","清水區","臺中市清水區西寧國小","2026/08/31","蘿蔔排骨湯"
"臺中市","清水區","臺中市清水區西寧國小","2026/08/31","調味料"
"臺中市","清水區","臺中市清水區西寧國小","2026/08/31","霸王雞腿"
"臺中市","清水區","臺中市清水區西寧國小","2026/08/31","鮮菇蚵白菜"
"臺中市","清水區","臺中市清水區西寧國小","2026/08/31","鮮菇蚵白菜(素)"
"臺中市","清水區","臺中市清水區西寧國小","2026/08/31","麥片飯"
"臺中市","清水區","臺中市清水區西寧國小","2026/08/31","麻婆豆腐"
"臺中市","清水區","臺中市清水區西寧國小","2026/08/31","麻婆豆腐(素)"
"臺中市","清水區","臺中市清水區建國國小","2026/08/31","炒桂竹筍(素)"
"臺中市","清水區","臺中市清水區建國國小","2026/08/31","翠綠青江菜"
"臺中市","清水區","臺中市清水區建國國小","2026/08/31","蘿蔔排骨湯"
"臺中市","清水區","臺中市清水區建國國小","2026/08/31","酸菜豆包(素)"
"臺中市","清水區","臺中市清水區建國國小","2026/08/31","酸菜魚"
"臺中市","清水區","臺中市清水區建國國小","2026/08/31","霸王雞腿"
"臺中市","清水區","臺中市清水區建國國小","2026/08/31","飯1150831"
"臺中市","清水區","臺中市清水區建國國小","2026/08/31","麻婆豆腐"
"臺中市","清水區","臺中市清水區大秀國小","2026/08/31","椒鹽四色(素)"
"臺中市","清水區","臺中市清水區大秀國小","2026/08/31","砂鍋魚丁"
"臺中市","清水區","臺中市清水區大秀國小","2026/08/31","糙米飯"
"臺中市","清水區","臺中市清水區大秀國小","2026/08/31","素冬粉菜捲(素)"
"臺中市","清水區","臺中市清水區大秀國小","2026/08/31","素粿粉熱狗(素)"
"臺中市","清水區","臺中市清水區大秀國小","2026/08/31","翠綠油菜"
"臺中市","清水區","臺中市清水區大秀國小","2026/08/31","翠綠油菜(素)"
"臺中市","清水區","臺中市清水區大秀國小","2026/08/31","蘿蔔排骨湯"
"臺中市","清水區","臺中市清水區大秀國小","2026/08/31","蘿蔔金針湯(素)"
"臺中市","清水區","臺中市清水區大秀國小","2026/08/31","霸王雞腿"
"臺中市","清水區","臺中市清水區大秀國小","2026/08/31","鮮筍滷豆干(素)"
"臺中市","清水區","臺中市清水區大秀國小","2026/08/31","麻婆豆腐"
"臺中市","清水區","臺中市清水區三田國小","2026/08/31","什錦燒(素)"
"臺中市","清水區","臺中市清水區三田國小","2026/08/31","冬瓜燒麵筋(素)"
"臺中市","清水區","臺中市清水區三田國小","2026/08/31","小米飯"
"臺中市","清水區","臺中市清水區三田國小","2026/08/31","沙茶油豆腐(素)"
"臺中市","清水區","臺中市清水區三田國小","2026/08/31","砂鍋魚丁"
"臺中市","清水區","臺中市清水區三田國小","2026/08/31","翠綠油菜"
"臺中市","清水區","臺中市清水區三田國小","2026/08/31","翠綠油菜(素)"
"臺中市","清水區","臺中市清水區三田國小","2026/08/31","蘿蔔排骨湯"
"臺中市","清水區","臺中市清水區三田國小","2026/08/31","蘿蔔湯(素)"
"臺中市","清水區","臺中市清水區三田國小","2026/08/31","調味料"
"臺中市","清水區","臺中市清水區三田國小","2026/08/31","霸王雞腿"
"臺中市","清水區","臺中市清水區三田國小","2026/08/31","麻婆豆腐"
"臺中市","清水區","臺中市清水區三田國小","2026/08/31","麻婆豆腐(素)"
"臺中市","清水區","臺中市清水區甲南國小","2026/08/31","台式大雞腿1150831"
"臺中市","清水區","臺中市清水區甲南國小","2026/08/31","白米飯1150831"
"臺中市","清水區","臺中市清水區甲南國小","2026/08/31","砂鍋魚1150831"
"臺中市","清水區","臺中市清水區甲南國小","2026/08/31","美味鵝白菜1150831"
"臺中市","清水區","臺中市清水區甲南國小","2026/08/31","蘿蔔排骨湯1150831"
"臺中市","清水區","臺中市清水區甲南國小","2026/08/31","調味料"
"臺中市","清水區","臺中市清水區甲南國小","2026/08/31","麻婆豆腐1150831"
"臺中市","清水區","臺中市清水區高美國小","2026/08/31","台式大雞腿1150831"
"臺中市","清水區","臺中市清水區高美國小","2026/08/31","白米飯1150831"
"臺中市","清水區","臺中市清水區高美國小","2026/08/31","砂鍋魚1150831"
"臺中市","清水區","臺中市清水區高美國小","2026/08/31","美味鵝白菜1150831"
"臺中市","清水區","臺中市清水區高美國小","2026/08/31","蘿蔔排骨湯1150831"
"臺中市","清水區","臺中市清水區高美國小","2026/08/31","調味料"
"臺中市","清水區","臺中市清水區高美國小","2026/08/31","麻婆豆腐1150831"
"臺中市","清水區","臺中市清水區大楊國小","2026/08/31","台式大雞腿"
"臺中市","清水區","臺中市清水區大楊國小","2026/08/31","履歷青江菜"
"臺中市","清水區","臺中市清水區大楊國小","2026/08/31","砂鍋豆腸"
"臺中市","清水區","臺中市清水區大楊國小","2026/08/31","砂鍋魚丁"
"臺中市","清水區","臺中市清水區大楊國小","2026/08/31","素麻婆豆腐"
"臺中市","清水區","臺中市清水區大楊國小","2026/08/31","蘿蔔排骨湯"
"臺中市","清水區","臺中市清水區大楊國小","2026/08/31","蘿蔔湯"
"臺中市","清水區","臺中市清水區大楊國小","2026/08/31","調味料"
"臺中市","清水區","臺中市清水區大楊國小","2026/08/31","雲菜捲"
"臺中市","清水區","臺中市清水區大楊國小","2026/08/31","養樂多鮮奶"
"臺中市","清水區","臺中市清水區大楊國小","2026/08/31","麥片飯"
"臺中市","清水區","臺中市清水區大楊國小","2026/08/31","麻婆豆腐"
"臺中市","清水區","臺中市清水區東山國小","2026/08/31","保久乳"
"臺中市","清水區","臺中市清水區東山國小","2026/08/31","台式大雞腿"
"臺中市","清水區","臺中市清水區東山國小","2026/08/31","白米飯"
"臺中市","清水區","臺中市清水區東山國小","2026/08/31","白菜什錦(素)"
"臺中市","清水區","臺中市清水區東山國小","2026/08/31","砂鍋魚"
"臺中市","清水區","臺中市清水區東山國小","2026/08/31","素雲菜捲(素)"
"臺中市","清水區","臺中市清水區東山國小","2026/08/31","蘿蔔排骨湯"
"臺中市","清水區","臺中市清水區東山國小","2026/08/31","蘿蔔湯(素)"
"臺中市","清水區","臺中市清水區東山國小","2026/08/31","調味料"
"臺中市","清水區","臺中市清水區東山國小","2026/08/31","豆瓣紫茄(素)"
"臺中市","清水區","臺中市清水區東山國小","2026/08/31","青江菜"
"臺中市","清水區","臺中市清水區東山國小","2026/08/31","鮮菇豆腐(素)"
"臺中市","清水區","臺中市清水區東山國小","2026/08/31","麻婆豆腐"
"臺中市","梧棲區","臺中市梧棲區梧棲國小","2026/08/31","炒桂竹筍(素)"
"臺中市","梧棲區","臺中市梧棲區梧棲國小","2026/08/31","翠綠青江菜"
"臺中市","梧棲區","臺中市梧棲區梧棲國小","2026/08/31","蘿蔔排骨湯"
"臺中市","梧棲區","臺中市梧棲區梧棲國小","2026/08/31","酸菜豆包(素)"
"臺中市","梧棲區","臺中市梧棲區梧棲國小","2026/08/31","酸菜魚"
"臺中市","梧棲區","臺中市梧棲區梧棲國小","2026/08/31","霸王雞腿"
"臺中市","梧棲區","臺中市梧棲區梧棲國小","2026/08/31","飯1150831"
"臺中市","梧棲區","臺中市梧棲區梧棲國小","2026/08/31","麻婆豆腐"
"臺中市","梧棲區","臺中市梧棲區梧南國小","2026/08/31","什錦燒(素)"
"臺中市","梧棲區","臺中市梧棲區梧南國小","2026/08/31","冬瓜燒麵筋(素)"
"臺中市","梧棲區","臺中市梧棲區梧南國小","2026/08/31","小米飯"
"臺中市","梧棲區","臺中市梧棲區梧南國小","2026/08/31","沙茶油豆腐(素)"
"臺中市","梧棲區","臺中市梧棲區梧南國小","2026/08/31","砂鍋魚丁"
"臺中市","梧棲區","臺中市梧棲區梧南國小","2026/08/31","翠綠油菜"
"臺中市","梧棲區","臺中市梧棲區梧南國小","2026/08/31","翠綠油菜(素)"
"臺中市","梧棲區","臺中市梧棲區梧南國小","2026/08/31","蘿蔔排骨湯"
"臺中市","梧棲區","臺中市梧棲區梧南國小","2026/08/31","蘿蔔湯(素)"
"臺中市","梧棲區","臺中市梧棲區梧南國小","2026/08/31","調味料"
"臺中市","梧棲區","臺中市梧棲區梧南國小","2026/08/31","霸王雞腿"
"臺中市","梧棲區","臺中市梧棲區梧南國小","2026/08/31","麻婆豆腐"
"臺中市","梧棲區","臺中市梧棲區梧南國小","2026/08/31","麻婆豆腐(素)"
"臺中市","梧棲區","臺中市梧棲區中正國小","2026/08/31","(素)堅果果乾包"
"臺中市","梧棲區","臺中市梧棲區中正國小","2026/08/31","(素)塔香茄子"
"臺中市","梧棲區","臺中市梧棲區中正國小","2026/08/31","(素)砂鍋豆包"
"臺中市","梧棲區","臺中市梧棲區中正國小","2026/08/31","(素)花生小瓜"
"臺中市","梧棲區","臺中市梧棲區中正國小","2026/08/31","(素)麻婆豆腐"
"臺中市","梧棲區","臺中市梧棲區中正國小","2026/08/31","台式大雞腿"
"臺中市","梧棲區","臺中市梧棲區中正國小","2026/08/31","油菜"
"臺中市","梧棲區","臺中市梧棲區中正國小","2026/08/31","砂鍋魚"
"臺中市","梧棲區","臺中市梧棲區中正國小","2026/08/31","芝麻飯"
"臺中市","梧棲區","臺中市梧棲區中正國小","2026/08/31","蘿蔔排骨湯"
"臺中市","梧棲區","臺中市梧棲區中正國小","2026/08/31","調味料"
"臺中市","梧棲區","臺中市梧棲區中正國小","2026/08/31","麻婆豆腐"
"臺中市","梧棲區","臺中市梧棲區永寧國小","2026/08/31","椒鹽四色(素)"
"臺中市","梧棲區","臺中市梧棲區永寧國小","2026/08/31","砂鍋魚丁"
"臺中市","梧棲區","臺中市梧棲區永寧國小","2026/08/31","糙米飯"
"臺中市","梧棲區","臺中市梧棲區永寧國小","2026/08/31","素冬粉菜捲(素)"
"臺中市","梧棲區","臺中市梧棲區永寧國小","2026/08/31","素粿粉熱狗(素)"
"臺中市","梧棲區","臺中市梧棲區永寧國小","2026/08/31","翠綠油菜"
"臺中市","梧棲區","臺中市梧棲區永寧國小","2026/08/31","翠綠油菜(素)"
"臺中市","梧棲區","臺中市梧棲區永寧國小","2026/08/31","蘿蔔排骨湯"
"臺中市","梧棲區","臺中市梧棲區永寧國小","2026/08/31","蘿蔔金針湯(素)"
"臺中市","梧棲區","臺中市梧棲區永寧國小","2026/08/31","霸王雞腿"
"臺中市","梧棲區","臺中市梧棲區永寧國小","2026/08/31","鮮筍滷豆干(素)"
"臺中市","梧棲區","臺中市梧棲區永寧國小","2026/08/31","麻婆豆腐"
"臺中市","大甲區","臺中市大甲區大甲國小","2026/08/03","時蔬1150803"
"臺中市","大甲區","臺中市大甲區大甲國小","2026/08/03","玉米炒蛋1150803"
"臺中市","大甲區","臺中市大甲區大甲國小","2026/08/03","白飯1150803"
"臺中市","大甲區","臺中市大甲區大甲國小","2026/08/03","蘿蔔油腐湯1150803"
"臺中市","大甲區","臺中市大甲區大甲國小","2026/08/03","調味料"
"臺中市","大甲區","臺中市大甲區大甲國小","2026/08/03","醬烤雞排1150803"
"臺中市","大甲區","臺中市大甲區大甲國小","2026/08/03","醬香豆腐1150803"
"臺中市","大甲區","臺中市大甲區大甲國小","2026/08/04","時蔬1150804"
"臺中市","大甲區","臺中市大甲區大甲國小","2026/08/04","玉米濃湯1150804"
"臺中市","大甲區","臺中市大甲區大甲國小","2026/08/04","白飯1150804"
"臺中市","大甲區","臺中市大甲區大甲國小","2026/08/04","蘿蔔滷海結1150804"
"臺中市","大甲區","臺中市大甲區大甲國小","2026/08/04","調味料"
"臺中市","大甲區","臺中市大甲區大甲國小","2026/08/04","香滷大排1150804"
"臺中市","大甲區","臺中市大甲區大甲國小","2026/08/04","鮮瓜炒肉絲1150804"
"臺中市","大甲區","臺中市大甲區大甲國小","2026/08/05","奶皇包1150805"
"臺中市","大甲區","臺中市大甲區大甲國小","2026/08/05","時蔬1150805"
"臺中市","大甲區","臺中市大甲區大甲國小","2026/08/05","珍珠紅茶1150805"
"臺中市","大甲區","臺中市大甲區大甲國小","2026/08/05","肉絲炒飯1150805"
"臺中市","大甲區","臺中市大甲區大甲國小","2026/08/05","菜脯蛋1150805"
"臺中市","大甲區","臺中市大甲區大甲國小","2026/08/05","調味料"
"臺中市","大甲區","臺中市大甲區大甲國小","2026/08/05","鹽酥雞1150805"
"臺中市","大甲區","臺中市大甲區大甲國小","2026/08/06","時蔬1150806"
"臺中市","大甲區","臺中市大甲區大甲國小","2026/08/06","白飯1150806"
"臺中市","大甲區","臺中市大甲區大甲國小","2026/08/06","竹筍排骨湯1150806"
"臺中市","大甲區","臺中市大甲區大甲國小","2026/08/06","紅豆捲1150806"
"臺中市","大甲區","臺中市大甲區大甲國小","2026/08/06","調味料"
"臺中市","大甲區","臺中市大甲區大甲國小","2026/08/06","關東煮1150806"
"臺中市","大甲區","臺中市大甲區大甲國小","2026/08/06","香酥雞排1150806"
"臺中市","大甲區","臺中市大甲區大甲國小","2026/08/07","時蔬1150807"
"臺中市","大甲區","臺中市大甲區大甲國小","2026/08/07","海芽蛋花湯1150807"
"臺中市","大甲區","臺中市大甲區大甲國小","2026/08/07","田園四色1150807"
"臺中市","大甲區","臺中市大甲區大甲國小","2026/08/07","白飯1150807"
"臺中市","大甲區","臺中市大甲區大甲國小","2026/08/07","脆皮雞排1150807"
"臺中市","大甲區","臺中市大甲區大甲國小","2026/08/07","芳香水餃1150807"
"臺中市","大甲區","臺中市大甲區大甲國小","2026/08/07","調味料"
"臺中市","大甲區","臺中市大甲區大甲國小","2026/08/10","奶香洋芋1150810"
"臺中市","大甲區","臺中市大甲區大甲國小","2026/08/10","時蔬1150810"
"臺中市","大甲區","臺中市大甲區大甲國小","2026/08/10","櫛瓜炒肉絲1150810"
"臺中市","大甲區","臺中市大甲區大甲國小","2026/08/10","白飯1150810"
"臺中市","大甲區","臺中市大甲區大甲國小","2026/08/10","調味料"
"臺中市","大甲區","臺中市大甲區大甲國小","2026/08/10","酸辣湯1150810"
"臺中市","大甲區","臺中市大甲區大甲國小","2026/08/10","醬香雞翅1150810"
"臺中市","大甲區","臺中市大甲區大甲國小","2026/08/11","時蔬1150811"
"臺中市","大甲區","臺中市大甲區大甲國小","2026/08/11","玉米總匯1150811"
"臺中市","大甲區","臺中市大甲區大甲國小","2026/08/11","番茄炒蛋1150811"
"臺中市","大甲區","臺中市大甲區大甲國小","2026/08/11","白飯1150811"
"臺中市","大甲區","臺中市大甲區大甲國小","2026/08/11","調味料"
"臺中市","大甲區","臺中市大甲區大甲國小","2026/08/11","鮮瓜排骨湯1150811"
"臺中市","大甲區","臺中市大甲區大甲國小","2026/08/11","鹽酥雞1150811"
"臺中市","大甲區","臺中市大甲區大甲國小","2026/08/12","中式滷肉1150812"
"臺中市","大甲區","臺中市大甲區大甲國小","2026/08/12","客家米粉1150812"
"臺中市","大甲區","臺中市大甲區大甲國小","2026/08/12","時蔬1150812"
"臺中市","大甲區","臺中市大甲區大甲國小","2026/08/12","水餃1150812"
"臺中市","大甲區","臺中市大甲區大甲國小","2026/08/12","洋蔥黑輪1150812"
"臺中市","大甲區","臺中市大甲區大甲國小","2026/08/12","調味料"
"臺中市","大甲區","臺中市大甲區大甲國小","2026/08/12","銀耳甜湯1150812"
"臺中市","大甲區","臺中市大甲區大甲國小","2026/08/13","時蔬1150813"
"臺中市","大甲區","臺中市大甲區大甲國小","2026/08/13","清炒小黃瓜1150813"
"臺中市","大甲區","臺中市大甲區大甲國小","2026/08/13","番茄打拋豬1150813"
"臺中市","大甲區","臺中市大甲區大甲國小","2026/08/13","白飯1150813"
"臺中市","大甲區","臺中市大甲區大甲國小","2026/08/13","紫菜蛋花湯1150813"
"臺中市","大甲區","臺中市大甲區大甲國小","2026/08/13","調味料"
"臺中市","大甲區","臺中市大甲區大甲國小","2026/08/13","醬香雞丁1150813"
"臺中市","大甲區","臺中市大甲區大甲國小","2026/08/14","時蔬1150814"
"臺中市","大甲區","臺中市大甲區大甲國小","2026/08/14","清炒高麗菜1150814"
"臺中市","大甲區","臺中市大甲區大甲國小","2026/08/14","玉米湯1150814"
"臺中市","大甲區","臺中市大甲區大甲國小","2026/08/14","白飯1150814"
"臺中市","大甲區","臺中市大甲區大甲國小","2026/08/14","菜脯蛋1150814"
"臺中市","大甲區","臺中市大甲區大甲國小","2026/08/14","調味料"
"臺中市","大甲區","臺中市大甲區大甲國小","2026/08/14","鹽酥雞1150814"
"臺中市","大甲區","臺中市大甲區大甲國小","2026/08/17","冬瓜排骨湯1150817"
"臺中市","大甲區","臺中市大甲區大甲國小","2026/08/17","小黃瓜炒甜椒1150817"
"臺中市","大甲區","臺中市大甲區大甲國小","2026/08/17","時蔬1150817"
"臺中市","大甲區","臺中市大甲區大甲國小","2026/08/17","海帶干絲1150817"
"臺中市","大甲區","臺中市大甲區大甲國小","2026/08/17","白飯1150817"
"臺中市","大甲區","臺中市大甲區大甲國小","2026/08/17","調味料"
"臺中市","大甲區","臺中市大甲區大甲國小","2026/08/17","醬烤雞排1150817"
"臺中市","大甲區","臺中市大甲區大甲國小","2026/08/18","時蔬1150818"
"臺中市","大甲區","臺中市大甲區大甲國小","2026/08/18","白菜滷1150818"
"臺中市","大甲區","臺中市大甲區大甲國小","2026/08/18","白飯1150818"
"臺中市","大甲區","臺中市大甲區大甲國小","2026/08/18","調味料"
"臺中市","大甲區","臺中市大甲區大甲國小","2026/08/18","豆包捲1150818"
"臺中市","大甲區","臺中市大甲區大甲國小","2026/08/18","香滷大排1150818"
"臺中市","大甲區","臺中市大甲區大甲國小","2026/08/18","麵線糊1150818"
"臺中市","大甲區","臺中市大甲區大甲國小","2026/08/19","山粉圓1150819"
"臺中市","大甲區","臺中市大甲區大甲國小","2026/08/19","時蔬1150819"
"臺中市","大甲區","臺中市大甲區大甲國小","2026/08/19","炒飯1150819"
"臺中市","大甲區","臺中市大甲區大甲國小","2026/08/19","竹筍羹1150819"
"臺中市","大甲區","臺中市大甲區大甲國小","2026/08/19","紐奧良雞排1150819"
"臺中市","大甲區","臺中市大甲區大甲國小","2026/08/19","調味料"
"臺中市","大甲區","臺中市大甲區大甲國小","2026/08/19","鮮瓜炒肉絲1150819"
"臺中市","大甲區","臺中市大甲區大甲國小","2026/08/20","卡拉雞翅1150820"
"臺中市","大甲區","臺中市大甲區大甲國小","2026/08/20","拌炒鮮瓜1150820"
"臺中市","大甲區","臺中市大甲區大甲國小","2026/08/20","時蔬1150820"
"臺中市","大甲區","臺中市大甲區大甲國小","2026/08/20","洋蔥炒蛋1150820"
"臺中市","大甲區","臺中市大甲區大甲國小","2026/08/20","白飯1150820"
"臺中市","大甲區","臺中市大甲區大甲國小","2026/08/20","蘿蔔排骨湯1150820"
"臺中市","大甲區","臺中市大甲區大甲國小","2026/08/20","調味料"
"臺中市","大甲區","臺中市大甲區大甲國小","2026/08/21","仙草奶茶1150821"
"臺中市","大甲區","臺中市大甲區大甲國小","2026/08/21","時蔬1150821"
"臺中市","大甲區","臺中市大甲區大甲國小","2026/08/21","漢堡1150821"
"臺中市","大甲區","臺中市大甲區大甲國小","2026/08/21","白飯1150821"
"臺中市","大甲區","臺中市大甲區大甲國小","2026/08/21","紐奧良雞排1150821"
"臺中市","大甲區","臺中市大甲區大甲國小","2026/08/21","花生麵筋1150821"
"臺中市","大甲區","臺中市大甲區大甲國小","2026/08/21","調味料"
"臺中市","大甲區","臺中市大甲區大甲國小","2026/08/24","時蔬1150824"
"臺中市","大甲區","臺中市大甲區大甲國小","2026/08/24","白飯1150824"
"臺中市","大甲區","臺中市大甲區大甲國小","2026/08/24","芳香滷蛋1150824"
"臺中市","大甲區","臺中市大甲區大甲國小","2026/08/24","薯餅1150824"
"臺中市","大甲區","臺中市大甲區大甲國小","2026/08/24","調味料"
"臺中市","大甲區","臺中市大甲區大甲國小","2026/08/24","酥炸雞排1150824"
"臺中市","大甲區","臺中市大甲區大甲國小","2026/08/24","鮮瓜排骨湯1150824"
"臺中市","大甲區","臺中市大甲區大甲國小","2026/08/25","壽司1150825"
"臺中市","大甲區","臺中市大甲區大甲國小","2026/08/25","珍珠奶茶1150825"
"臺中市","大甲區","臺中市大甲區大甲國小","2026/08/25","白飯1150825"
"臺中市","大甲區","臺中市大甲區大甲國小","2026/08/25","調味料"
"臺中市","大甲區","臺中市大甲區大甲國小","2026/08/25","鐵路豬排1150825"
"臺中市","大甲區","臺中市大甲區大甲國小","2026/08/31","台式大雞腿1150831"
"臺中市","大甲區","臺中市大甲區大甲國小","2026/08/31","白米飯1150831"
"臺中市","大甲區","臺中市大甲區大甲國小","2026/08/31","砂鍋魚1150831"
"臺中市","大甲區","臺中市大甲區大甲國小","2026/08/31","美味鵝白菜1150831"
"臺中市","大甲區","臺中市大甲區大甲國小","2026/08/31","蘿蔔排骨湯1150831"
"臺中市","大甲區","臺中市大甲區大甲國小","2026/08/31","調味料"
"臺中市","大甲區","臺中市大甲區大甲國小","2026/08/31","麻婆豆腐1150831"
"臺中市","大甲區","臺中市大甲區大甲國小","2026/08/31","加菜台式大骨腿1150831"
"臺中市","大甲區","臺中市大甲區大甲國小","2026/08/31","小白菜1150831"
"臺中市","大甲區","臺中市大甲區大甲國小","2026/08/31","砂鍋魚1150831"
"臺中市","大甲區","臺中市大甲區大甲國小","2026/08/31","糙米飯1150831"
"臺中市","大甲區","臺中市大甲區大甲國小","2026/08/31","蘿蔔排骨湯1150831"
"臺中市","大甲區","臺中市大甲區大甲國小","2026/08/31","調味料"
"臺中市","大甲區","臺中市大甲區大甲國小","2026/08/31","麻婆豆腐1150831"
"臺中市","大甲區","臺中市大甲區大甲國小","2026/08/31","台式大雞腿1150831"
"臺中市","大甲區","臺中市大甲區大甲國小","2026/08/31","產銷履歷油菜1150831"
"臺中市","大甲區","臺中市大甲區大甲國小","2026/08/31","砂鍋魚1150831"
"臺中市","大甲區","臺中市大甲區大甲國小","2026/08/31","蘿蔔排骨湯1150831"
"臺中市","大甲區","臺中市大甲區大甲國小","2026/08/31","調味料"
"臺中市","大甲區","臺中市大甲區大甲國小","2026/08/31","麥片飯1150831"
"臺中市","大甲區","臺中市大甲區大甲國小","2026/08/31","麻婆豆腐1150831"
"臺中市","大甲區","臺中市大甲區大甲國小","2026/08/31","台式大雞腿1150831"
"臺中市","大甲區","臺中市大甲區大甲國小","2026/08/31","有機小松菜1150831"
"臺中市","大甲區","臺中市大甲區大甲國小","2026/08/31","砂鍋魚1150831"
"臺中市","大甲區","臺中市大甲區大甲國小","2026/08/31","蘿蔔排骨湯1150831"
"臺中市","大甲區","臺中市大甲區大甲國小","2026/08/31","調味料"
"臺中市","大甲區","臺中市大甲區大甲國小","2026/08/31","麥片飯1150831"
"臺中市","大甲區","臺中市大甲區大甲國小","2026/08/31","麻婆豆腐1150831"
"臺中市","大甲區","臺中市大甲區德化國小","2026/08/31","堅果包"
"臺中市","大甲區","臺中市大甲區德化國小","2026/08/31","椒鹽四色(素)"
"臺中市","大甲區","臺中市大甲區德化國小","2026/08/31","砂鍋魚丁"
"臺中市","大甲區","臺中市大甲區德化國小","2026/08/31","糙米飯"
"臺中市","大甲區","臺中市大甲區德化國小","2026/08/31","素冬粉菜捲(素)"
"臺中市","大甲區","臺中市大甲區德化國小","2026/08/31","素粿粉熱狗(素)"
"臺中市","大甲區","臺中市大甲區德化國小","2026/08/31","翠綠油菜"
"臺中市","大甲區","臺中市大甲區德化國小","2026/08/31","翠綠油菜(素)"
"臺中市","大甲區","臺中市大甲區德化國小","2026/08/31","蘿蔔排骨湯"
"臺中市","大甲區","臺中市大甲區德化國小","2026/08/31","蘿蔔金針湯(素)"
"臺中市","大甲區","臺中市大甲區德化國小","2026/08/31","霸王雞腿"
"臺中市","大甲區","臺中市大甲區德化國小","2026/08/31","鮮筍滷豆干(素)"
"臺中市","大甲區","臺中市大甲區德化國小","2026/08/31","麻婆豆腐"
"臺中市","大甲區","臺中市大甲區文昌國小","2026/08/31","台式大雞腿1150831"
"臺中市","大甲區","臺中市大甲區文昌國小","2026/08/31","白米飯1150831"
"臺中市","大甲區","臺中市大甲區文昌國小","2026/08/31","砂鍋魚1150831"
"臺中市","大甲區","臺中市大甲區文昌國小","2026/08/31","美味鵝白菜1150831"
"臺中市","大甲區","臺中市大甲區文昌國小","2026/08/31","蘿蔔排骨湯1150831"
"臺中市","大甲區","臺中市大甲區文昌國小","2026/08/31","調味料"
"臺中市","大甲區","臺中市大甲區文昌國小","2026/08/31","麻婆豆腐1150831"
"臺中市","大甲區","臺中市大甲區文昌國小","2026/08/31","加菜台式大骨腿1150831"
"臺中市","大甲區","臺中市大甲區文昌國小","2026/08/31","小白菜1150831"
"臺中市","大甲區","臺中市大甲區文昌國小","2026/08/31","砂鍋魚1150831"
"臺中市","大甲區","臺中市大甲區文昌國小","2026/08/31","糙米飯1150831"
"臺中市","大甲區","臺中市大甲區文昌國小","2026/08/31","蘿蔔排骨湯1150831"
"臺中市","大甲區","臺中市大甲區文昌國小","2026/08/31","調味料"
"臺中市","大甲區","臺中市大甲區文昌國小","2026/08/31","麻婆豆腐1150831"
"臺中市","大甲區","臺中市大甲區文昌國小","2026/08/31","台式大雞腿1150831"
"臺中市","大甲區","臺中市大甲區文昌國小","2026/08/31","產銷履歷油菜1150831"
"臺中市","大甲區","臺中市大甲區文昌國小","2026/08/31","砂鍋魚1150831"
"臺中市","大甲區","臺中市大甲區文昌國小","2026/08/31","蘿蔔排骨湯1150831"
"臺中市","大甲區","臺中市大甲區文昌國小","2026/08/31","調味料"
"臺中市","大甲區","臺中市大甲區文昌國小","2026/08/31","麥片飯1150831"
"臺中市","大甲區","臺中市大甲區文昌國小","2026/08/31","麻婆豆腐1150831"
"臺中市","大甲區","臺中市大甲區文昌國小","2026/08/31","台式大雞腿1150831"
"臺中市","大甲區","臺中市大甲區文昌國小","2026/08/31","有機小松菜1150831"
"臺中市","大甲區","臺中市大甲區文昌國小","2026/08/31","砂鍋魚1150831"
"臺中市","大甲區","臺中市大甲區文昌國小","2026/08/31","蘿蔔排骨湯1150831"
"臺中市","大甲區","臺中市大甲區文昌國小","2026/08/31","調味料"
"臺中市","大甲區","臺中市大甲區文昌國小","2026/08/31","麥片飯1150831"
"臺中市","大甲區","臺中市大甲區文昌國小","2026/08/31","麻婆豆腐1150831"
"臺中市","大甲區","臺中市大甲區順天國小","2026/08/31","台式大雞腿1150831"
"臺中市","大甲區","臺中市大甲區順天國小","2026/08/31","白米飯1150831"
"臺中市","大甲區","臺中市大甲區順天國小","2026/08/31","砂鍋魚1150831"
"臺中市","大甲區","臺中市大甲區順天國小","2026/08/31","美味鵝白菜1150831"
"臺中市","大甲區","臺中市大甲區順天國小","2026/08/31","蘿蔔排骨湯1150831"
"臺中市","大甲區","臺中市大甲區順天國小","2026/08/31","調味料"
"臺中市","大甲區","臺中市大甲區順天國小","2026/08/31","麻婆豆腐1150831"
"臺中市","大甲區","臺中市大甲區順天國小","2026/08/31","加菜台式大骨腿A1150831"
"臺中市","大甲區","臺中市大甲區順天國小","2026/08/31","小白菜1150831"
"臺中市","大甲區","臺中市大甲區順天國小","2026/08/31","砂鍋魚1150831"
"臺中市","大甲區","臺中市大甲區順天國小","2026/08/31","糙米飯1150831"
"臺中市","大甲區","臺中市大甲區順天國小","2026/08/31","蘿蔔排骨湯1150831"
"臺中市","大甲區","臺中市大甲區順天國小","2026/08/31","調味料"
"臺中市","大甲區","臺中市大甲區順天國小","2026/08/31","麻婆豆腐1150831"
"臺中市","大甲區","臺中市大甲區順天國小","2026/08/31","台式大雞腿1150831"
"臺中市","大甲區","臺中市大甲區順天國小","2026/08/31","產銷履歷油菜1150831"
"臺中市","大甲區","臺中市大甲區順天國小","2026/08/31","砂鍋魚1150831"
"臺中市","大甲區","臺中市大甲區順天國小","2026/08/31","蘿蔔排骨湯1150831"
"臺中市","大甲區","臺中市大甲區順天國小","2026/08/31","調味料"
"臺中市","大甲區","臺中市大甲區順天國小","2026/08/31","麥片飯1150831"
"臺中市","大甲區","臺中市大甲區順天國小","2026/08/31","麻婆豆腐1150831"
"臺中市","大甲區","臺中市大甲區順天國小","2026/08/31","台式大雞腿1150831"
"臺中市","大甲區","臺中市大甲區順天國小","2026/08/31","有機小松菜1150831"
"臺中市","大甲區","臺中市大甲區順天國小","2026/08/31","砂鍋魚1150831"
"臺中市","大甲區","臺中市大甲區順天國小","2026/08/31","蘿蔔排骨湯1150831"
"臺中市","大甲區","臺中市大甲區順天國小","2026/08/31","調味料"
"臺中市","大甲區","臺中市大甲區順天國小","2026/08/31","麥片飯1150831"
"臺中市","大甲區","臺中市大甲區順天國小","2026/08/31","麻婆豆腐1150831"
"臺中市","大甲區","臺中市大甲區文武國小","2026/08/31","五穀飯"
"臺中市","大甲區","臺中市大甲區文武國小","2026/08/31","滷台式大雞腿"
"臺中市","大甲區","臺中市大甲區文武國小","2026/08/31","滷蛋"
"臺中市","大甲區","臺中市大甲區文武國小","2026/08/31","砂鍋魚"
"臺中市","大甲區","臺中市大甲區文武國小","2026/08/31","蘿蔔排骨湯"
"臺中市","大甲區","臺中市大甲區文武國小","2026/08/31","調味料"
"臺中市","大甲區","臺中市大甲區文武國小","2026/08/31","青花菜"
"臺中市","大甲區","臺中市大甲區文武國小","2026/08/31","麻婆豆腐"
"臺中市","大甲區","臺中市大甲區日南國小","2026/08/31","台式大雞腿1150831"
"臺中市","大甲區","臺中市大甲區日南國小","2026/08/31","白米飯1150831"
"臺中市","大甲區","臺中市大甲區日南國小","2026/08/31","砂鍋魚1150831"
"臺中市","大甲區","臺中市大甲區日南國小","2026/08/31","美味鵝白菜1150831"
"臺中市","大甲區","臺中市大甲區日南國小","2026/08/31","蘿蔔排骨湯1150831"
"臺中市","大甲區","臺中市大甲區日南國小","2026/08/31","調味料"
"臺中市","大甲區","臺中市大甲區日南國小","2026/08/31","麻婆豆腐1150831"
"臺中市","大甲區","臺中市大甲區日南國小","2026/08/31","加菜燒台式大骨腿1150831"
"臺中市","大甲區","臺中市大甲區日南國小","2026/08/31","小白菜1150831"
"臺中市","大甲區","臺中市大甲區日南國小","2026/08/31","砂鍋魚1150831"
"臺中市","大甲區","臺中市大甲區日南國小","2026/08/31","糙米飯1150831"
"臺中市","大甲區","臺中市大甲區日南國小","2026/08/31","蘿蔔排骨湯1150831"
"臺中市","大甲區","臺中市大甲區日南國小","2026/08/31","調味料"
"臺中市","大甲區","臺中市大甲區日南國小","2026/08/31","麻婆豆腐1150831"
"臺中市","大甲區","臺中市大甲區日南國小","2026/08/31","台式大雞腿1150831"
"臺中市","大甲區","臺中市大甲區日南國小","2026/08/31","產銷履歷油菜1150831"
"臺中市","大甲區","臺中市大甲區日南國小","2026/08/31","砂鍋魚1150831"
"臺中市","大甲區","臺中市大甲區日南國小","2026/08/31","蘿蔔排骨湯1150831"
"臺中市","大甲區","臺中市大甲區日南國小","2026/08/31","調味料"
"臺中市","大甲區","臺中市大甲區日南國小","2026/08/31","麥片飯1150831"
"臺中市","大甲區","臺中市大甲區日南國小","2026/08/31","麻婆豆腐1150831"
"臺中市","大甲區","臺中市大甲區日南國小","2026/08/31","台式大雞腿1150831"
"臺中市","大甲區","臺中市大甲區日南國小","2026/08/31","有機小松菜1150831"
"臺中市","大甲區","臺中市大甲區日南國小","2026/08/31","砂鍋魚1150831"
"臺中市","大甲區","臺中市大甲區日南國小","2026/08/31","蘿蔔排骨湯1150831"
"臺中市","大甲區","臺中市大甲區日南國小","2026/08/31","調味料"
"臺中市","大甲區","臺中市大甲區日南國小","2026/08/31","麥片飯1150831"
"臺中市","大甲區","臺中市大甲區日南國小","2026/08/31","麻婆豆腐1150831"
"臺中市","大甲區","臺中市大甲區東明國小","2026/08/31","台式大雞腿(不含幼兒園)"
"臺中市","大甲區","臺中市大甲區東明國小","2026/08/31","炒蚵白菜"
"臺中市","大甲區","臺中市大甲區東明國小","2026/08/31","砂糖橘"
"臺中市","大甲區","臺中市大甲區東明國小","2026/08/31","砂鍋魚"
"臺中市","大甲區","臺中市大甲區東明國小","2026/08/31","蘿蔔排骨湯"
"臺中市","大甲區","臺中市大甲區東明國小","2026/08/31","調味料"
"臺中市","大甲區","臺中市大甲區東明國小","2026/08/31","麥片飯"
"臺中市","大甲區","臺中市大甲區東明國小","2026/08/31","麻婆豆腐"
"臺中市","大甲區","臺中市大甲區華龍國小","2026/08/31","台式大雞腿(不含幼兒園)"
"臺中市","大甲區","臺中市大甲區華龍國小","2026/08/31","炒蚵白菜"
"臺中市","大甲區","臺中市大甲區華龍國小","2026/08/31","砂糖橘"
"臺中市","大甲區","臺中市大甲區華龍國小","2026/08/31","砂鍋魚"
"臺中市","大甲區","臺中市大甲區華龍國小","2026/08/31","蘿蔔排骨湯"
"臺中市","大甲區","臺中市大甲區華龍國小","2026/08/31","調味料"
"臺中市","大甲區","臺中市大甲區華龍國小","2026/08/31","麥片飯"
"臺中市","大甲區","臺中市大甲區華龍國小","2026/08/31","麻婆豆腐"
"臺中市","大甲區","臺中市大甲區西岐國小","2026/08/31","台式大雞腿(不含幼兒園)"
"臺中市","大甲區","臺中市大甲區西岐國小","2026/08/31","炒蚵白菜"
"臺中市","大甲區","臺中市大甲區西岐國小","2026/08/31","砂糖橘"
"臺中市","大甲區","臺中市大甲區西岐國小","2026/08/31","砂鍋魚"
"臺中市","大甲區","臺中市大甲區西岐國小","2026/08/31","蘿蔔排骨湯"
"臺中市","大甲區","臺中市大甲區西岐國小","2026/08/31","調味料"
"臺中市","大甲區","臺中市大甲區西岐國小","2026/08/31","麥片飯"
"臺中市","大甲區","臺中市大甲區西岐國小","2026/08/31","麻婆豆腐"
"臺中市","大甲區","臺中市大甲區東陽國小","2026/08/31","台式大雞腿(不含幼兒園)"
"臺中市","大甲區","臺中市大甲區東陽國小","2026/08/31","炒蚵白菜"
"臺中市","大甲區","臺中市大甲區東陽國小","2026/08/31","砂糖橘"
"臺中市","大甲區","臺中市大甲區東陽國小","2026/08/31","砂鍋魚"
"臺中市","大甲區","臺中市大甲區東陽國小","2026/08/31","蘿蔔排骨湯"
"臺中市","大甲區","臺中市大甲區東陽國小","2026/08/31","調味料"
"臺中市","大甲區","臺中市大甲區東陽國小","2026/08/31","麥片飯"
"臺中市","大甲區","臺中市大甲區東陽國小","2026/08/31","麻婆豆腐"
"臺中市","沙鹿區","臺中市沙鹿區沙鹿國小","2026/08/31","油菜(素)"
"臺中市","沙鹿區","臺中市沙鹿區沙鹿國小","2026/08/31","砂鍋豆包(素)"
"臺中市","沙鹿區","臺中市沙鹿區沙鹿國小","2026/08/31","砂鍋魚丁"
"臺中市","沙鹿區","臺中市沙鹿區沙鹿國小","2026/08/31","翠綠油菜"
"臺中市","沙鹿區","臺中市沙鹿區沙鹿國小","2026/08/31","胚芽飯"
"臺中市","沙鹿區","臺中市沙鹿區沙鹿國小","2026/08/31","蘿蔔排骨湯"
"臺中市","沙鹿區","臺中市沙鹿區沙鹿國小","2026/08/31","蘿蔔魚丸湯(素)"
"臺中市","沙鹿區","臺中市沙鹿區沙鹿國小","2026/08/31","調味料"
"臺中市","沙鹿區","臺中市沙鹿區沙鹿國小","2026/08/31","霸王雞腿"
"臺中市","沙鹿區","臺中市沙鹿區沙鹿國小","2026/08/31","麻婆豆腐"
"臺中市","沙鹿區","臺中市沙鹿區沙鹿國小","2026/08/31","麻婆豆腐(素)"
"臺中市","沙鹿區","臺中市沙鹿區沙鹿國小","2026/08/31","龍鳳腿(素)"
"臺中市","沙鹿區","臺中市沙鹿區文光國小","2026/08/31","(素)櫛瓜炒甜椒"
"臺中市","沙鹿區","臺中市沙鹿區文光國小","2026/08/31","(素)油菜"
"臺中市","沙鹿區","臺中市沙鹿區文光國小","2026/08/31","(素)砂鍋豆包"
"臺中市","沙鹿區","臺中市沙鹿區文光國小","2026/08/31","(素)蘿蔔丸子湯"
"臺中市","沙鹿區","臺中市沙鹿區文光國小","2026/08/31","(素)麻婆豆腐"
"臺中市","沙鹿區","臺中市沙鹿區文光國小","2026/08/31","台式大雞腿"
"臺中市","沙鹿區","臺中市沙鹿區文光國小","2026/08/31","履歷豆漿"
"臺中市","沙鹿區","臺中市沙鹿區文光國小","2026/08/31","油菜"
"臺中市","沙鹿區","臺中市沙鹿區文光國小","2026/08/31","砂鍋魚"
"臺中市","沙鹿區","臺中市沙鹿區文光國小","2026/08/31","芝麻飯"
"臺中市","沙鹿區","臺中市沙鹿區文光國小","2026/08/31","蘿蔔排骨湯"
"臺中市","沙鹿區","臺中市沙鹿區文光國小","2026/08/31","調味料"
"臺中市","沙鹿區","臺中市沙鹿區文光國小","2026/08/31","麻婆豆腐"
"臺中市","沙鹿區","臺中市沙鹿區竹林國小","2026/08/31","砂鍋魚丁"
"臺中市","沙鹿區","臺中市沙鹿區竹林國小","2026/08/31","蒜香空心菜"
"臺中市","沙鹿區","臺中市沙鹿區竹林國小","2026/08/31","蘿蔔排骨湯"
"臺中市","沙鹿區","臺中市沙鹿區竹林國小","2026/08/31","調味料"
"臺中市","沙鹿區","臺中市沙鹿區竹林國小","2026/08/31","霸王雞腿"
"臺中市","沙鹿區","臺中市沙鹿區竹林國小","2026/08/31","麥片飯"
"臺中市","沙鹿區","臺中市沙鹿區竹林國小","2026/08/31","麻婆豆腐"
"臺中市","沙鹿區","臺中市沙鹿區北勢國小","2026/08/31","(素)堅果"
"臺中市","沙鹿區","臺中市沙鹿區北勢國小","2026/08/31","(素)油菜"
"臺中市","沙鹿區","臺中市沙鹿區北勢國小","2026/08/31","(素)砂鍋豆包"
"臺中市","沙鹿區","臺中市沙鹿區北勢國小","2026/08/31","(素)蘿蔔丸子湯"
"臺中市","沙鹿區","臺中市沙鹿區北勢國小","2026/08/31","(素)麻婆豆腐"
"臺中市","沙鹿區","臺中市沙鹿區北勢國小","2026/08/31","台式大雞腿"
"臺中市","沙鹿區","臺中市沙鹿區北勢國小","2026/08/31","油菜"
"臺中市","沙鹿區","臺中市沙鹿區北勢國小","2026/08/31","白飯"
"臺中市","沙鹿區","臺中市沙鹿區北勢國小","2026/08/31","砂鍋魚"
"臺中市","沙鹿區","臺中市沙鹿區北勢國小","2026/08/31","蘿蔔排骨湯"
"臺中市","沙鹿區","臺中市沙鹿區北勢國小","2026/08/31","調味料"
"臺中市","沙鹿區","臺中市沙鹿區北勢國小","2026/08/31","麻婆豆腐"
"臺中市","沙鹿區","臺中市沙鹿區公明國小","2026/08/31","五穀飯"
"臺中市","沙鹿區","臺中市沙鹿區公明國小","2026/08/31","滷台式大雞腿"
"臺中市","沙鹿區","臺中市沙鹿區公明國小","2026/08/31","砂鍋魚"
"臺中市","沙鹿區","臺中市沙鹿區公明國小","2026/08/31","蘿蔔排骨湯"
"臺中市","沙鹿區","臺中市沙鹿區公明國小","2026/08/31","青花菜"
"臺中市","沙鹿區","臺中市沙鹿區公明國小","2026/08/31","麻婆豆腐"
"臺中市","沙鹿區","臺中市沙鹿區公舘國小","2026/08/31","台式大雞腿"
"臺中市","沙鹿區","臺中市沙鹿區公舘國小","2026/08/31","履歷青江菜"
"臺中市","沙鹿區","臺中市沙鹿區公舘國小","2026/08/31","砂鍋豆腸"
"臺中市","沙鹿區","臺中市沙鹿區公舘國小","2026/08/31","砂鍋魚丁"
"臺中市","沙鹿區","臺中市沙鹿區公舘國小","2026/08/31","素麻婆豆腐"
"臺中市","沙鹿區","臺中市沙鹿區公舘國小","2026/08/31","蘿蔔排骨湯"
"臺中市","沙鹿區","臺中市沙鹿區公舘國小","2026/08/31","蘿蔔湯"
"臺中市","沙鹿區","臺中市沙鹿區公舘國小","2026/08/31","調味料"
"臺中市","沙鹿區","臺中市沙鹿區公舘國小","2026/08/31","雲菜捲"
"臺中市","沙鹿區","臺中市沙鹿區公舘國小","2026/08/31","養樂多鮮奶"
"臺中市","沙鹿區","臺中市沙鹿區公舘國小","2026/08/31","麥片飯"
"臺中市","沙鹿區","臺中市沙鹿區公舘國小","2026/08/31","麻婆豆腐"
"臺中市","沙鹿區","臺中市沙鹿區鹿峰國小","2026/08/31","五穀飯"
"臺中市","沙鹿區","臺中市沙鹿區鹿峰國小","2026/08/31","滷台式大雞腿"
"臺中市","沙鹿區","臺中市沙鹿區鹿峰國小","2026/08/31","砂鍋魚"
"臺中市","沙鹿區","臺中市沙鹿區鹿峰國小","2026/08/31","蘿蔔排骨湯"
"臺中市","沙鹿區","臺中市沙鹿區鹿峰國小","2026/08/31","調味料"
"臺中市","沙鹿區","臺中市沙鹿區鹿峰國小","2026/08/31","青花菜"
"臺中市","沙鹿區","臺中市沙鹿區鹿峰國小","2026/08/31","麻婆豆腐"
"臺中市","大安區","臺中市大安區大安國小","2026/08/31","五穀飯"
"臺中市","大安區","臺中市大安區大安國小","2026/08/31","滷台式大雞腿"
"臺中市","大安區","臺中市大安區大安國小","2026/08/31","滷蛋"
"臺中市","大安區","臺中市大安區大安國小","2026/08/31","砂鍋魚"
"臺中市","大安區","臺中市大安區大安國小","2026/08/31","蘿蔔排骨湯"
"臺中市","大安區","臺中市大安區大安國小","2026/08/31","調味料"
"臺中市","大安區","臺中市大安區大安國小","2026/08/31","青花菜"
"臺中市","大安區","臺中市大安區大安國小","2026/08/31","麻婆豆腐"
"臺中市","大安區","臺中市大安區三光國小","2026/08/31","五穀飯"
"臺中市","大安區","臺中市大安區三光國小","2026/08/31","滷台式大雞腿"
"臺中市","大安區","臺中市大安區三光國小","2026/08/31","滷蛋"
"臺中市","大安區","臺中市大安區三光國小","2026/08/31","砂鍋魚"
"臺中市","大安區","臺中市大安區三光國小","2026/08/31","蘿蔔排骨湯"
"臺中市","大安區","臺中市大安區三光國小","2026/08/31","調味料"
"臺中市","大安區","臺中市大安區三光國小","2026/08/31","青花菜"
"臺中市","大安區","臺中市大安區三光國小","2026/08/31","麻婆豆腐"
"臺中市","大安區","臺中市大安區海墘國小","2026/08/31","五穀飯"
"臺中市","大安區","臺中市大安區海墘國小","2026/08/31","滷台式大雞腿"
"臺中市","大安區","臺中市大安區海墘國小","2026/08/31","滷蛋"
"臺中市","大安區","臺中市大安區海墘國小","2026/08/31","砂鍋魚"
"臺中市","大安區","臺中市大安區海墘國小","2026/08/31","蘿蔔排骨湯"
"臺中市","大安區","臺中市大安區海墘國小","2026/08/31","調味料"
"臺中市","大安區","臺中市大安區海墘國小","2026/08/31","青花菜"
"臺中市","大安區","臺中市大安區海墘國小","2026/08/31","麻婆豆腐"
"臺中市","大安區","臺中市大安區永安國小","2026/08/31","台式大雞腿(不含幼兒園)"
"臺中市","大安區","臺中市大安區永安國小","2026/08/31","炒蚵白菜"
"臺中市","大安區","臺中市大安區永安國小","2026/08/31","砂糖橘"
"臺中市","大安區","臺中市大安區永安國小","2026/08/31","砂鍋魚"
"臺中市","大安區","臺中市大安區永安國小","2026/08/31","蘿蔔排骨湯"
"臺中市","大安區","臺中市大安區永安國小","2026/08/31","調味料"
"臺中市","大安區","臺中市大安區永安國小","2026/08/31","麥片飯"
"臺中市","大安區","臺中市大安區永安國小","2026/08/31","麻婆豆腐"
"臺中市","龍井區","臺中市龍井區龍山國小","2026/08/31","台式大雞腿"
"臺中市","龍井區","臺中市龍井區龍山國小","2026/08/31","白飯"
"臺中市","龍井區","臺中市龍井區龍山國小","2026/08/31","砂鍋魚"
"臺中市","龍井區","臺中市龍井區龍山國小","2026/08/31","蘿蔔排骨湯"
"臺中市","龍井區","臺中市龍井區龍山國小","2026/08/31","調味料"
"臺中市","龍井區","臺中市龍井區龍山國小","2026/08/31","青花菜"
"臺中市","龍井區","臺中市龍井區龍山國小","2026/08/31","麻婆豆腐"
"臺中市","龍井區","臺中市龍井區龍井國小","2026/08/31","白米飯"
"臺中市","龍井區","臺中市龍井區龍井國小","2026/08/31","砂鍋魚丁"
"臺中市","龍井區","臺中市龍井區龍井國小","2026/08/31","薑汁蚵白菜"
"臺中市","龍井區","臺中市龍井區龍井國小","2026/08/31","蘿蔔排骨湯"
"臺中市","龍井區","臺中市龍井區龍井國小","2026/08/31","調味料"
"臺中市","龍井區","臺中市龍井區龍井國小","2026/08/31","霸王雞腿"
"臺中市","龍井區","臺中市龍井區龍井國小","2026/08/31","麻婆豆腐"
"臺中市","龍井區","臺中市龍井區龍津國小","2026/08/31","白米飯"
"臺中市","龍井區","臺中市龍井區龍津國小","2026/08/31","砂鍋魚丁"
"臺中市","龍井區","臺中市龍井區龍津國小","2026/08/31","薑汁蚵白菜"
"臺中市","龍井區","臺中市龍井區龍津國小","2026/08/31","蘿蔔排骨湯"
"臺中市","龍井區","臺中市龍井區龍津國小","2026/08/31","調味料"
"臺中市","龍井區","臺中市龍井區龍津國小","2026/08/31","霸王雞腿"
"臺中市","龍井區","臺中市龍井區龍津國小","2026/08/31","麻婆豆腐"
"臺中市","龍井區","臺中市龍井區龍海國小","2026/08/31","白米飯"
"臺中市","龍井區","臺中市龍井區龍海國小","2026/08/31","砂鍋魚丁"
"臺中市","龍井區","臺中市龍井區龍海國小","2026/08/31","薑汁蚵白菜"
"臺中市","龍井區","臺中市龍井區龍海國小","2026/08/31","蘿蔔排骨湯"
"臺中市","龍井區","臺中市龍井區龍海國小","2026/08/31","調味料"
"臺中市","龍井區","臺中市龍井區龍海國小","2026/08/31","霸王雞腿"
"臺中市","龍井區","臺中市龍井區龍海國小","2026/08/31","麻婆豆腐"
"臺中市","龍井區","臺中市龍井區龍港國小","2026/08/31","白米飯"
"臺中市","龍井區","臺中市龍井區龍港國小","2026/08/31","砂鍋魚丁"
"臺中市","龍井區","臺中市龍井區龍港國小","2026/08/31","薑汁蚵白菜"
"臺中市","龍井區","臺中市龍井區龍港國小","2026/08/31","蘿蔔排骨湯"
"臺中市","龍井區","臺中市龍井區龍港國小","2026/08/31","調味料"
"臺中市","龍井區","臺中市龍井區龍港國小","2026/08/31","霸王雞腿"
"臺中市","龍井區","臺中市龍井區龍港國小","2026/08/31","麻婆豆腐"
"臺中市","龍井區","臺中市龍井區龍泉國小","2026/08/31","砂鍋寬粉(素)"
"臺中市","龍井區","臺中市龍井區龍泉國小","2026/08/31","砂鍋魚丁"
"臺中市","龍井區","臺中市龍井區龍泉國小","2026/08/31","糙米飯"
"臺中市","龍井區","臺中市龍井區龍泉國小","2026/08/31","翠綠青江菜"
"臺中市","龍井區","臺中市龍井區龍泉國小","2026/08/31","蘿蔔什錦湯(素)"
"臺中市","龍井區","臺中市龍井區龍泉國小","2026/08/31","蘿蔔排骨湯"
"臺中市","龍井區","臺中市龍井區龍泉國小","2026/08/31","調味料"
"臺中市","龍井區","臺中市龍井區龍泉國小","2026/08/31","霸王雞腿"
"臺中市","龍井區","臺中市龍井區龍泉國小","2026/08/31","青江(素)"
"臺中市","龍井區","臺中市龍井區龍泉國小","2026/08/31","香滷豆包(素)"
"臺中市","龍井區","臺中市龍井區龍泉國小","2026/08/31","麻婆豆腐"
"臺中市","龍井區","臺中市龍井區龍泉國小","2026/08/31","麻婆豆腐(素)"
"臺中市","龍井區","臺中市龍井區龍峰國小","2026/08/31","台式大雞腿1150831"
"臺中市","龍井區","臺中市龍井區龍峰國小","2026/08/31","產銷履歷油菜1150831"
"臺中市","龍井區","臺中市龍井區龍峰國小","2026/08/31","砂鍋魚1150831"
"臺中市","龍井區","臺中市龍井區龍峰國小","2026/08/31","蘿蔔排骨湯1150831"
"臺中市","龍井區","臺中市龍井區龍峰國小","2026/08/31","調味料"
"臺中市","龍井區","臺中市龍井區龍峰國小","2026/08/31","麥片飯1150831"
"臺中市","龍井區","臺中市龍井區龍峰國小","2026/08/31","麻婆豆腐1150831"
"臺中市","龍井區","臺中市龍井區龍峰國小","2026/08/31","健康飯"
"臺中市","龍井區","臺中市龍井區龍峰國小","2026/08/31","台式大雞腿"
"臺中市","龍井區","臺中市龍井區龍峰國小","2026/08/31","小白菜"
"臺中市","龍井區","臺中市龍井區龍峰國小","2026/08/31","砂鍋魚"
"臺中市","龍井區","臺中市龍井區龍峰國小","2026/08/31","蘿蔔排骨湯"
"臺中市","龍井區","臺中市龍井區龍峰國小","2026/08/31","調味料"
"臺中市","龍井區","臺中市龍井區龍峰國小","2026/08/31","麻婆豆腐"
"臺中市","烏日區","臺中市烏日區烏日國小","2026/08/31","(素)櫛瓜炒甜椒"
"臺中市","烏日區","臺中市烏日區烏日國小","2026/08/31","(素)油菜"
"臺中市","烏日區","臺中市烏日區烏日國小","2026/08/31","(素)砂鍋豆包"
"臺中市","烏日區","臺中市烏日區烏日國小","2026/08/31","(素)蘿蔔素丸子湯"
"臺中市","烏日區","臺中市烏日區烏日國小","2026/08/31","(素)麻婆豆腐"
"臺中市","烏日區","臺中市烏日區烏日國小","2026/08/31","台式大雞腿"
"臺中市","烏日區","臺中市烏日區烏日國小","2026/08/31","油菜"
"臺中市","烏日區","臺中市烏日區烏日國小","2026/08/31","砂鍋魚"
"臺中市","烏日區","臺中市烏日區烏日國小","2026/08/31","芝麻飯"
"臺中市","烏日區","臺中市烏日區烏日國小","2026/08/31","蘿蔔排骨湯"
"臺中市","烏日區","臺中市烏日區烏日國小","2026/08/31","調味料"
"臺中市","烏日區","臺中市烏日區烏日國小","2026/08/31","麻婆豆腐"
"臺中市","烏日區","臺中市烏日區僑仁國小","2026/08/31","台式大雞腿(國小加碼)"
"臺中市","烏日區","臺中市烏日區僑仁國小","2026/08/31","砂鍋魚"
"臺中市","烏日區","臺中市烏日區僑仁國小","2026/08/31","素砂鍋菜"
"臺中市","烏日區","臺中市烏日區僑仁國小","2026/08/31","素胡麻秋葵(國小加碼)"
"臺中市","烏日區","臺中市烏日區僑仁國小","2026/08/31","素芹香蘿蔔湯"
"臺中市","烏日區","臺中市烏日區僑仁國小","2026/08/31","素青江菜"
"臺中市","烏日區","臺中市烏日區僑仁國小","2026/08/31","素麻婆豆腐"
"臺中市","烏日區","臺中市烏日區僑仁國小","2026/08/31","蘿蔔排骨湯"
"臺中市","烏日區","臺中市烏日區僑仁國小","2026/08/31","調味料"
"臺中市","烏日區","臺中市烏日區僑仁國小","2026/08/31","青江菜"
"臺中市","烏日區","臺中市烏日區僑仁國小","2026/08/31","麥片飯"
"臺中市","烏日區","臺中市烏日區僑仁國小","2026/08/31","麻婆豆腐"
"臺中市","烏日區","臺中市烏日區喀哩國小","2026/08/31","台式大雞腿滷"
"臺中市","烏日區","臺中市烏日區喀哩國小","2026/08/31","炒油菜"
"臺中市","烏日區","臺中市烏日區喀哩國小","2026/08/31","砂鍋魚"
"臺中市","烏日區","臺中市烏日區喀哩國小","2026/08/31","胚芽飯"
"臺中市","烏日區","臺中市烏日區喀哩國小","2026/08/31","蘿蔔排骨湯"
"臺中市","烏日區","臺中市烏日區喀哩國小","2026/08/31","調味料"
"臺中市","烏日區","臺中市烏日區喀哩國小","2026/08/31","麻婆豆腐"
"臺中市","烏日區","臺中市烏日區東園國小","2026/08/31","台式大雞腿"
"臺中市","烏日區","臺中市烏日區東園國小","2026/08/31","砂鍋魚"
"臺中市","烏日區","臺中市烏日區東園國小","2026/08/31","薏仁飯"
"臺中市","烏日區","臺中市烏日區東園國小","2026/08/31","蘿蔔排骨湯"
"臺中市","烏日區","臺中市烏日區東園國小","2026/08/31","調味料"
"臺中市","烏日區","臺中市烏日區東園國小","2026/08/31","青江菜"
"臺中市","烏日區","臺中市烏日區東園國小","2026/08/31","麻婆豆腐"
"臺中市","烏日區","臺中市烏日區溪尾國小","2026/08/31","台式大雞腿"
"臺中市","烏日區","臺中市烏日區溪尾國小","2026/08/31","大瓜排骨湯"
"臺中市","烏日區","臺中市烏日區溪尾國小","2026/08/31","小米飯"
"臺中市","烏日區","臺中市烏日區溪尾國小","2026/08/31","果汁"
"臺中市","烏日區","臺中市烏日區溪尾國小","2026/08/31","砂鍋魚丁"
"臺中市","烏日區","臺中市烏日區溪尾國小","2026/08/31","調味料"
"臺中市","烏日區","臺中市烏日區溪尾國小","2026/08/31","高麗菜"
"臺中市","烏日區","臺中市烏日區溪尾國小","2026/08/31","麻婆豆腐"
"臺中市","烏日區","臺中市烏日區旭光國小","2026/08/31","台式大雞腿"
"臺中市","烏日區","臺中市烏日區旭光國小","2026/08/31","燕麥飯"
"臺中市","烏日區","臺中市烏日區旭光國小","2026/08/31","砂鍋魚"
"臺中市","烏日區","臺中市烏日區旭光國小","2026/08/31","肉燥空心菜"
"臺中市","烏日區","臺中市烏日區旭光國小","2026/08/31","蘿蔔排骨湯"
"臺中市","烏日區","臺中市烏日區旭光國小","2026/08/31","調味料"
"臺中市","烏日區","臺中市烏日區旭光國小","2026/08/31","麻婆豆腐"
"臺中市","烏日區","臺中市烏日區旭光國小","2026/08/31","台式大雞腿D"
"臺中市","烏日區","臺中市烏日區旭光國小","2026/08/31","炒油菜B"
"臺中市","烏日區","臺中市烏日區旭光國小","2026/08/31","砂鍋魚"
"臺中市","烏日區","臺中市烏日區旭光國小","2026/08/31","紫米飯"
"臺中市","烏日區","臺中市烏日區旭光國小","2026/08/31","蘿蔔排骨湯"
"臺中市","烏日區","臺中市烏日區旭光國小","2026/08/31","調味料"
"臺中市","烏日區","臺中市烏日區旭光國小","2026/08/31","麻婆豆腐"
"臺中市","烏日區","臺中市烏日區五光國小","2026/08/31","炒筊白筍(素)"
"臺中市","烏日區","臺中市烏日區五光國小","2026/08/31","砂鍋魚丁"
"臺中市","烏日區","臺中市烏日區五光國小","2026/08/31","砂鍋魚丁(素)"
"臺中市","烏日區","臺中市烏日區五光國小","2026/08/31","紅藜飯"
"臺中市","烏日區","臺中市烏日區五光國小","2026/08/31","綜合滷味(素)"
"臺中市","烏日區","臺中市烏日區五光國小","2026/08/31","蒜香青江菜"
"臺中市","烏日區","臺中市烏日區五光國小","2026/08/31","蘿蔔排骨湯"
"臺中市","烏日區","臺中市烏日區五光國小","2026/08/31","蘿蔔湯(素)"
"臺中市","烏日區","臺中市烏日區五光國小","2026/08/31","調味料"
"臺中市","烏日區","臺中市烏日區五光國小","2026/08/31","霸王雞腿"
"臺中市","烏日區","臺中市烏日區五光國小","2026/08/31","麻婆豆腐"
"臺中市","烏日區","臺中市烏日區五光國小","2026/08/31","麻婆豆腐(素)"
"臺中市","大肚區","臺中市大肚區大肚國小","2026/08/31","砂鍋魚丁"
"臺中市","大肚區","臺中市大肚區大肚國小","2026/08/31","糙米飯"
"臺中市","大肚區","臺中市大肚區大肚國小","2026/08/31","翠綠青江菜"
"臺中市","大肚區","臺中市大肚區大肚國小","2026/08/31","蘿蔔排骨湯"
"臺中市","大肚區","臺中市大肚區大肚國小","2026/08/31","調味料"
"臺中市","大肚區","臺中市大肚區大肚國小","2026/08/31","霸王雞腿"
"臺中市","大肚區","臺中市大肚區大肚國小","2026/08/31","麻婆豆腐"
"臺中市","大肚區","臺中市大肚區瑞峰國小","2026/08/31","健康飯"
"臺中市","大肚區","臺中市大肚區瑞峰國小","2026/08/31","台式大雞腿"
"臺中市","大肚區","臺中市大肚區瑞峰國小","2026/08/31","小白菜"
"臺中市","大肚區","臺中市大肚區瑞峰國小","2026/08/31","砂鍋魚"
"臺中市","大肚區","臺中市大肚區瑞峰國小","2026/08/31","蘿蔔排骨湯"
"臺中市","大肚區","臺中市大肚區瑞峰國小","2026/08/31","調味料"
"臺中市","大肚區","臺中市大肚區瑞峰國小","2026/08/31","麻婆豆腐"
"臺中市","大肚區","臺中市大肚區永順國小","2026/08/31","台式大雞腿1150831"
"臺中市","大肚區","臺中市大肚區永順國小","2026/08/31","白米飯1150831"
"臺中市","大肚區","臺中市大肚區永順國小","2026/08/31","砂鍋魚1150831"
"臺中市","大肚區","臺中市大肚區永順國小","2026/08/31","美味鵝白菜1150831"
"臺中市","大肚區","臺中市大肚區永順國小","2026/08/31","蘿蔔排骨湯1150831"
"臺中市","大肚區","臺中市大肚區永順國小","2026/08/31","調味料"
"臺中市","大肚區","臺中市大肚區永順國小","2026/08/31","香蕉1150831"
"臺中市","大肚區","臺中市大肚區永順國小","2026/08/31","麻婆豆腐1150831"
"臺中市","大肚區","臺中市大肚區追分國小","2026/08/31","台式大雞腿"
"臺中市","大肚區","臺中市大肚區追分國小","2026/08/31","白飯"
"臺中市","大肚區","臺中市大肚區追分國小","2026/08/31","砂鍋魚丁"
"臺中市","大肚區","臺中市大肚區追分國小","2026/08/31","蘿蔔排骨湯"
"臺中市","大肚區","臺中市大肚區追分國小","2026/08/31","調味料"
"臺中市","大肚區","臺中市大肚區追分國小","2026/08/31","青江菜"
"臺中市","大肚區","臺中市大肚區追分國小","2026/08/31","麻婆豆腐"
"臺中市","大肚區","臺中市大肚區大忠國小","2026/08/31","台式大雞腿"
"臺中市","大肚區","臺中市大肚區大忠國小","2026/08/31","燕麥飯"
"臺中市","大肚區","臺中市大肚區大忠國小","2026/08/31","砂鍋魚"
"臺中市","大肚區","臺中市大肚區大忠國小","2026/08/31","肉燥空心菜"
"臺中市","大肚區","臺中市大肚區大忠國小","2026/08/31","蘿蔔排骨湯"
"臺中市","大肚區","臺中市大肚區大忠國小","2026/08/31","調味料"
"臺中市","大肚區","臺中市大肚區大忠國小","2026/08/31","麻婆豆腐"
"臺中市","大里區","臺中市大里區大里國小","2026/08/31","台式大雞腿"
"臺中市","大里區","臺中市大里區大里國小","2026/08/31","砂鍋魚"
"臺中市","大里區","臺中市大里區大里國小","2026/08/31","薏仁飯"
"臺中市","大里區","臺中市大里區大里國小","2026/08/31","蘿蔔排骨湯"
"臺中市","大里區","臺中市大里區大里國小","2026/08/31","調味料"
"臺中市","大里區","臺中市大里區大里國小","2026/08/31","青江菜"
"臺中市","大里區","臺中市大里區大里國小","2026/08/31","麻婆豆腐"
"臺中市","大里區","臺中市大里區大里國小","2026/08/31","台式大雞腿"
"臺中市","大里區","臺中市大里區大里國小","2026/08/31","油菜"
"臺中市","大里區","臺中市大里區大里國小","2026/08/31","砂鍋魚"
"臺中市","大里區","臺中市大里區大里國小","2026/08/31","蘿蔔排骨湯"
"臺中市","大里區","臺中市大里區大里國小","2026/08/31","調味料"
"臺中市","大里區","臺中市大里區大里國小","2026/08/31","麥片飯"
"臺中市","大里區","臺中市大里區大里國小","2026/08/31","麻婆豆腐"
"臺中市","大里區","臺中市大里區內新國小","2026/08/31","台式大雞腿"
"臺中市","大里區","臺中市大里區內新國小","2026/08/31","炒油菜"
"臺中市","大里區","臺中市大里區內新國小","2026/08/31","砂鍋魚"
"臺中市","大里區","臺中市大里區內新國小","2026/08/31","胚芽飯"
"臺中市","大里區","臺中市大里區內新國小","2026/08/31","蘿蔔排骨湯"
"臺中市","大里區","臺中市大里區內新國小","2026/08/31","調味料"
"臺中市","大里區","臺中市大里區內新國小","2026/08/31","麻婆豆腐"
"臺中市","大里區","臺中市大里區內新國小","2026/08/31","台式大雞腿"
"臺中市","大里區","臺中市大里區內新國小","2026/08/31","砂鍋魚"
"臺中市","大里區","臺中市大里區內新國小","2026/08/31","胚芽飯"
"臺中市","大里區","臺中市大里區內新國小","2026/08/31","蘿蔔排骨湯"
"臺中市","大里區","臺中市大里區內新國小","2026/08/31","調味料"
"臺中市","大里區","臺中市大里區內新國小","2026/08/31","青江菜"
"臺中市","大里區","臺中市大里區內新國小","2026/08/31","麻婆豆腐"
"臺中市","大里區","臺中市大里區崇光國小","2026/08/31","台式大雞腿"
"臺中市","大里區","臺中市大里區崇光國小","2026/08/31","油菜"
"臺中市","大里區","臺中市大里區崇光國小","2026/08/31","砂鍋魚"
"臺中市","大里區","臺中市大里區崇光國小","2026/08/31","胚芽飯"
"臺中市","大里區","臺中市大里區崇光國小","2026/08/31","蘿蔔排骨湯"
"臺中市","大里區","臺中市大里區崇光國小","2026/08/31","調味料"
"臺中市","大里區","臺中市大里區崇光國小","2026/08/31","麻婆豆腐"
"臺中市","大里區","臺中市大里區崇光國小","2026/08/31","台式大雞腿"
"臺中市","大里區","臺中市大里區崇光國小","2026/08/31","砂鍋魚"
"臺中市","大里區","臺中市大里區崇光國小","2026/08/31","薏仁飯"
"臺中市","大里區","臺中市大里區崇光國小","2026/08/31","蘿蔔排骨湯"
"臺中市","大里區","臺中市大里區崇光國小","2026/08/31","調味料"
"臺中市","大里區","臺中市大里區崇光國小","2026/08/31","青江菜"
"臺中市","大里區","臺中市大里區崇光國小","2026/08/31","麻婆豆腐"
"臺中市","大里區","臺中市大里區崇光國小","2026/08/31","台式大雞腿D"
"臺中市","大里區","臺中市大里區崇光國小","2026/08/31","炒油菜B"
"臺中市","大里區","臺中市大里區崇光國小","2026/08/31","砂鍋魚"
"臺中市","大里區","臺中市大里區崇光國小","2026/08/31","紫米飯"
"臺中市","大里區","臺中市大里區崇光國小","2026/08/31","蘿蔔排骨湯"
"臺中市","大里區","臺中市大里區崇光國小","2026/08/31","調味料"
"臺中市","大里區","臺中市大里區崇光國小","2026/08/31","麻婆豆腐"
"臺中市","大里區","臺中市大里區崇光國小","2026/08/31","台式大雞腿"
"臺中市","大里區","臺中市大里區崇光國小","2026/08/31","油菜"
"臺中市","大里區","臺中市大里區崇光國小","2026/08/31","砂鍋魚"
"臺中市","大里區","臺中市大里區崇光國小","2026/08/31","胚芽飯"
"臺中市","大里區","臺中市大里區崇光國小","2026/08/31","蘿蔔排骨湯"
"臺中市","大里區","臺中市大里區崇光國小","2026/08/31","調味料"
"臺中市","大里區","臺中市大里區崇光國小","2026/08/31","麻婆豆腐"
"臺中市","大里區","臺中市大里區塗城國小","2026/08/31","台式大雞腿"
"臺中市","大里區","臺中市大里區塗城國小","2026/08/31","砂鍋魚"
"臺中市","大里區","臺中市大里區塗城國小","2026/08/31","薏仁飯"
"臺中市","大里區","臺中市大里區塗城國小","2026/08/31","蘿蔔排骨湯"
"臺中市","大里區","臺中市大里區塗城國小","2026/08/31","調味料"
"臺中市","大里區","臺中市大里區塗城國小","2026/08/31","青江菜"
"臺中市","大里區","臺中市大里區塗城國小","2026/08/31","麻婆豆腐"
"臺中市","大里區","臺中市大里區塗城國小","2026/08/31","台式大雞腿D"
"臺中市","大里區","臺中市大里區塗城國小","2026/08/31","炒油菜B"
"臺中市","大里區","臺中市大里區塗城國小","2026/08/31","砂鍋魚"
"臺中市","大里區","臺中市大里區塗城國小","2026/08/31","紫米飯"
"臺中市","大里區","臺中市大里區塗城國小","2026/08/31","蘿蔔排骨湯"
"臺中市","大里區","臺中市大里區塗城國小","2026/08/31","調味料"
"臺中市","大里區","臺中市大里區塗城國小","2026/08/31","麻婆豆腐"
"臺中市","大里區","臺中市大里區塗城國小","2026/08/31","台式大雞腿滷"
"臺中市","大里區","臺中市大里區塗城國小","2026/08/31","炒油菜"
"臺中市","大里區","臺中市大里區塗城國小","2026/08/31","砂鍋魚"
"臺中市","大里區","臺中市大里區塗城國小","2026/08/31","胚芽飯"
"臺中市","大里區","臺中市大里區塗城國小","2026/08/31","蘿蔔排骨湯"
"臺中市","大里區","臺中市大里區塗城國小","2026/08/31","調味料"
"臺中市","大里區","臺中市大里區塗城國小","2026/08/31","麻婆豆腐"
"臺中市","大里區","臺中市大里區瑞城國小","2026/08/31","台式大雞腿滷"
"臺中市","大里區","臺中市大里區瑞城國小","2026/08/31","炒油菜"
"臺中市","大里區","臺中市大里區瑞城國小","2026/08/31","砂鍋魚"
"臺中市","大里區","臺中市大里區瑞城國小","2026/08/31","胚芽飯"
"臺中市","大里區","臺中市大里區瑞城國小","2026/08/31","蘿蔔排骨湯"
"臺中市","大里區","臺中市大里區瑞城國小","2026/08/31","調味料"
"臺中市","大里區","臺中市大里區瑞城國小","2026/08/31","麻婆豆腐"
"臺中市","大里區","臺中市大里區竹仔坑國小","2026/08/31","台式大雞腿"
"臺中市","大里區","臺中市大里區竹仔坑國小","2026/08/31","油菜"
"臺中市","大里區","臺中市大里區竹仔坑國小","2026/08/31","砂鍋魚"
"臺中市","大里區","臺中市大里區竹仔坑國小","2026/08/31","胚芽飯"
"臺中市","大里區","臺中市大里區竹仔坑國小","2026/08/31","蘿蔔排骨湯"
"臺中市","大里區","臺中市大里區竹仔坑國小","2026/08/31","調味料"
"臺中市","大里區","臺中市大里區竹仔坑國小","2026/08/31","麻婆豆腐"
"臺中市","大里區","臺中市大里區草湖國小","2026/08/31","台式大雞腿"
"臺中市","大里區","臺中市大里區草湖國小","2026/08/31","油菜"
"臺中市","大里區","臺中市大里區草湖國小","2026/08/31","砂鍋魚"
"臺中市","大里區","臺中市大里區草湖國小","2026/08/31","胚芽飯"
"臺中市","大里區","臺中市大里區草湖國小","2026/08/31","蘿蔔排骨湯"
"臺中市","大里區","臺中市大里區草湖國小","2026/08/31","調味料"
"臺中市","大里區","臺中市大里區草湖國小","2026/08/31","麻婆豆腐"
"臺中市","霧峰區","臺中市霧峰區霧峰國小","2026/08/31","台式大雞腿"
"臺中市","霧峰區","臺中市霧峰區霧峰國小","2026/08/31","砂鍋魚"
"臺中市","霧峰區","臺中市霧峰區霧峰國小","2026/08/31","薏仁飯"
"臺中市","霧峰區","臺中市霧峰區霧峰國小","2026/08/31","蘿蔔排骨湯"
"臺中市","霧峰區","臺中市霧峰區霧峰國小","2026/08/31","調味料"
"臺中市","霧峰區","臺中市霧峰區霧峰國小","2026/08/31","青江菜"
"臺中市","霧峰區","臺中市霧峰區霧峰國小","2026/08/31","麻婆豆腐"
"臺中市","霧峰區","臺中市霧峰區霧峰國小","2026/08/31","台式大雞腿"
"臺中市","霧峰區","臺中市霧峰區霧峰國小","2026/08/31","砂鍋魚"
"臺中市","霧峰區","臺中市霧峰區霧峰國小","2026/08/31","胚芽飯"
"臺中市","霧峰區","臺中市霧峰區霧峰國小","2026/08/31","蘿蔔排骨湯"
"臺中市","霧峰區","臺中市霧峰區霧峰國小","2026/08/31","調味料"
"臺中市","霧峰區","臺中市霧峰區霧峰國小","2026/08/31","青江菜"
"臺中市","霧峰區","臺中市霧峰區霧峰國小","2026/08/31","麻婆豆腐"
"臺中市","霧峰區","臺中市霧峰區僑榮國小","2026/08/31","台式大雞腿滷"
"臺中市","霧峰區","臺中市霧峰區僑榮國小","2026/08/31","炒油菜"
"臺中市","霧峰區","臺中市霧峰區僑榮國小","2026/08/31","砂鍋魚"
"臺中市","霧峰區","臺中市霧峰區僑榮國小","2026/08/31","胚芽飯"
"臺中市","霧峰區","臺中市霧峰區僑榮國小","2026/08/31","蘿蔔排骨湯"
"臺中市","霧峰區","臺中市霧峰區僑榮國小","2026/08/31","調味料"
"臺中市","霧峰區","臺中市霧峰區僑榮國小","2026/08/31","麻婆豆腐"
"臺中市","霧峰區","臺中市霧峰區四德國小","2026/08/31","台式大雞腿"
"臺中市","霧峰區","臺中市霧峰區四德國小","2026/08/31","燕麥飯"
"臺中市","霧峰區","臺中市霧峰區四德國小","2026/08/31","砂鍋魚"
"臺中市","霧峰區","臺中市霧峰區四德國小","2026/08/31","肉燥空心菜"
"臺中市","霧峰區","臺中市霧峰區四德國小","2026/08/31","蘿蔔排骨湯"
"臺中市","霧峰區","臺中市霧峰區四德國小","2026/08/31","調味料"
"臺中市","霧峰區","臺中市霧峰區四德國小","2026/08/31","麻婆豆腐"
"臺中市","霧峰區","臺中市霧峰區四德國小","2026/08/31","甜橙"
"臺中市","霧峰區","臺中市霧峰區四德國小","2026/08/31","調味料"
"臺中市","霧峰區","臺中市霧峰區五福國小","2026/08/31","調味料"
"臺中市","霧峰區","臺中市霧峰區五福國小","2026/08/31","香蕉"
"臺中市","霧峰區","臺中市霧峰區五福國小","2026/08/31","台式大雞腿"
"臺中市","霧峰區","臺中市霧峰區五福國小","2026/08/31","砂鍋魚"
"臺中市","霧峰區","臺中市霧峰區五福國小","2026/08/31","薏仁飯"
"臺中市","霧峰區","臺中市霧峰區五福國小","2026/08/31","蘿蔔排骨湯"
"臺中市","霧峰區","臺中市霧峰區五福國小","2026/08/31","調味料"
"臺中市","霧峰區","臺中市霧峰區五福國小","2026/08/31","青江菜"
"臺中市","霧峰區","臺中市霧峰區五福國小","2026/08/31","麻婆豆腐"
"臺中市","霧峰區","臺中市霧峰區萬豐國小","2026/08/31","調味料"
"臺中市","霧峰區","臺中市霧峰區萬豐國小","2026/08/31","香蕉"
"臺中市","霧峰區","臺中市霧峰區萬豐國小","2026/08/31","台式大雞腿"
"臺中市","霧峰區","臺中市霧峰區萬豐國小","2026/08/31","油菜"
"臺中市","霧峰區","臺中市霧峰區萬豐國小","2026/08/31","砂鍋魚"
"臺中市","霧峰區","臺中市霧峰區萬豐國小","2026/08/31","蘿蔔排骨湯"
"臺中市","霧峰區","臺中市霧峰區萬豐國小","2026/08/31","調味料"
"臺中市","霧峰區","臺中市霧峰區萬豐國小","2026/08/31","麥片飯"
"臺中市","霧峰區","臺中市霧峰區萬豐國小","2026/08/31","麻婆豆腐"
"臺中市","霧峰區","臺中市霧峰區峰谷國小","2026/08/31","大雞腿"
"臺中市","霧峰區","臺中市霧峰區峰谷國小","2026/08/31","火龍果"
"臺中市","霧峰區","臺中市霧峰區峰谷國小","2026/08/31","砂鍋魚"
"臺中市","霧峰區","臺中市霧峰區峰谷國小","2026/08/31","紅藜飯"
"臺中市","霧峰區","臺中市霧峰區峰谷國小","2026/08/31","蘿蔔排骨湯"
"臺中市","霧峰區","臺中市霧峰區峰谷國小","2026/08/31","調味料"
"臺中市","霧峰區","臺中市霧峰區峰谷國小","2026/08/31","青江菜"
"臺中市","霧峰區","臺中市霧峰區峰谷國小","2026/08/31","麻婆豆腐"
"臺中市","霧峰區","臺中市霧峰區桐林國小","2026/08/31","台式大雞腿"
"臺中市","霧峰區","臺中市霧峰區桐林國小","2026/08/31","履歷豆漿"
"臺中市","霧峰區","臺中市霧峰區桐林國小","2026/08/31","油菜"
"臺中市","霧峰區","臺中市霧峰區桐林國小","2026/08/31","白米飯"
"臺中市","霧峰區","臺中市霧峰區桐林國小","2026/08/31","砂鍋魚"
"臺中市","霧峰區","臺中市霧峰區桐林國小","2026/08/31","蘿蔔排骨湯"
"臺中市","霧峰區","臺中市霧峰區桐林國小","2026/08/31","調味料"
"臺中市","霧峰區","臺中市霧峰區桐林國小","2026/08/31","麻婆豆腐"
"臺中市","霧峰區","臺中市霧峰區復興國小","2026/08/31","調味料"
"臺中市","霧峰區","臺中市霧峰區復興國小","2026/08/31","香蕉"
"臺中市","霧峰區","臺中市霧峰區復興國小","2026/08/31","台式大雞腿"
"臺中市","霧峰區","臺中市霧峰區復興國小","2026/08/31","油菜"
"臺中市","霧峰區","臺中市霧峰區復興國小","2026/08/31","砂鍋魚"
"臺中市","霧峰區","臺中市霧峰區復興國小","2026/08/31","蘿蔔排骨湯"
"臺中市","霧峰區","臺中市霧峰區復興國小","2026/08/31","調味料"
"臺中市","霧峰區","臺中市霧峰區復興國小","2026/08/31","麥片飯"
"臺中市","霧峰區","臺中市霧峰區復興國小","2026/08/31","麻婆豆腐"
"臺中市","霧峰區","臺中市霧峰區光正國小","2026/08/31","台式大雞腿D"
"臺中市","霧峰區","臺中市霧峰區光正國小","2026/08/31","炒油菜B"
"臺中市","霧峰區","臺中市霧峰區光正國小","2026/08/31","砂糖橘"
"臺中市","霧峰區","臺中市霧峰區光正國小","2026/08/31","砂鍋魚"
"臺中市","霧峰區","臺中市霧峰區光正國小","2026/08/31","紫米飯"
"臺中市","霧峰區","臺中市霧峰區光正國小","2026/08/31","蘿蔔排骨湯"
"臺中市","霧峰區","臺中市霧峰區光正國小","2026/08/31","調味料"
"臺中市","霧峰區","臺中市霧峰區光正國小","2026/08/31","麻婆豆腐"
"臺中市","太平區","臺中市太平區太平國小","2026/08/31","台式大雞腿"
"臺中市","太平區","臺中市太平區太平國小","2026/08/31","油菜"
"臺中市","太平區","臺中市太平區太平國小","2026/08/31","砂鍋魚"
"臺中市","太平區","臺中市太平區太平國小","2026/08/31","胚芽飯"
"臺中市","太平區","臺中市太平區太平國小","2026/08/31","蘿蔔排骨湯"
"臺中市","太平區","臺中市太平區太平國小","2026/08/31","調味料"
"臺中市","太平區","臺中市太平區太平國小","2026/08/31","麻婆豆腐"
"臺中市","太平區","臺中市太平區太平國小","2026/08/31","台式大雞腿滷"
"臺中市","太平區","臺中市太平區太平國小","2026/08/31","炒油菜"
"臺中市","太平區","臺中市太平區太平國小","2026/08/31","砂鍋魚"
"臺中市","太平區","臺中市太平區太平國小","2026/08/31","胚芽飯"
"臺中市","太平區","臺中市太平區太平國小","2026/08/31","蘿蔔排骨湯"
"臺中市","太平區","臺中市太平區太平國小","2026/08/31","調味料"
"臺中市","太平區","臺中市太平區太平國小","2026/08/31","麻婆豆腐"
"臺中市","太平區","臺中市太平區宜欣國小","2026/08/31","台式大雞腿滷"
"臺中市","太平區","臺中市太平區宜欣國小","2026/08/31","炒油菜"
"臺中市","太平區","臺中市太平區宜欣國小","2026/08/31","砂鍋魚"
"臺中市","太平區","臺中市太平區宜欣國小","2026/08/31","胚芽飯"
"臺中市","太平區","臺中市太平區宜欣國小","2026/08/31","蘿蔔排骨湯"
"臺中市","太平區","臺中市太平區宜欣國小","2026/08/31","調味料"
"臺中市","太平區","臺中市太平區宜欣國小","2026/08/31","麻婆豆腐"
"臺中市","太平區","臺中市太平區宜欣國小","2026/08/31","台式大雞腿"
"臺中市","太平區","臺中市太平區宜欣國小","2026/08/31","油菜"
"臺中市","太平區","臺中市太平區宜欣國小","2026/08/31","砂鍋魚"
"臺中市","太平區","臺中市太平區宜欣國小","2026/08/31","胚芽飯"
"臺中市","太平區","臺中市太平區宜欣國小","2026/08/31","蘿蔔排骨湯"
"臺中市","太平區","臺中市太平區宜欣國小","2026/08/31","調味料"
"臺中市","太平區","臺中市太平區宜欣國小","2026/08/31","麻婆豆腐"
"臺中市","太平區","臺中市太平區新光國小","2026/08/31","台式大雞腿"
"臺中市","太平區","臺中市太平區新光國小","2026/08/31","油菜"
"臺中市","太平區","臺中市太平區新光國小","2026/08/31","砂鍋魚"
"臺中市","太平區","臺中市太平區新光國小","2026/08/31","胚芽飯"
"臺中市","太平區","臺中市太平區新光國小","2026/08/31","蘿蔔排骨湯"
"臺中市","太平區","臺中市太平區新光國小","2026/08/31","調味料"
"臺中市","太平區","臺中市太平區新光國小","2026/08/31","麻婆豆腐"
"臺中市","太平區","臺中市太平區新光國小","2026/08/31","台式大雞腿"
"臺中市","太平區","臺中市太平區新光國小","2026/08/31","砂鍋魚"
"臺中市","太平區","臺中市太平區新光國小","2026/08/31","胚米飯"
"臺中市","太平區","臺中市太平區新光國小","2026/08/31","蘿蔔排骨湯"
"臺中市","太平區","臺中市太平區新光國小","2026/08/31","調味料"
"臺中市","太平區","臺中市太平區新光國小","2026/08/31","青江菜"
"臺中市","太平區","臺中市太平區新光國小","2026/08/31","麻婆豆腐"
"臺中市","太平區","臺中市太平區新光國小","2026/08/31","台式大雞腿"
"臺中市","太平區","臺中市太平區新光國小","2026/08/31","油菜"
"臺中市","太平區","臺中市太平區新光國小","2026/08/31","砂鍋魚"
"臺中市","太平區","臺中市太平區新光國小","2026/08/31","胚芽飯"
"臺中市","太平區","臺中市太平區新光國小","2026/08/31","蘿蔔排骨湯"
"臺中市","太平區","臺中市太平區新光國小","2026/08/31","調味料"
"臺中市","太平區","臺中市太平區新光國小","2026/08/31","麻婆豆腐"
"臺中市","太平區","臺中市太平區光隆國小","2026/08/31","台式大雞腿滷"
"臺中市","太平區","臺中市太平區光隆國小","2026/08/31","炒油菜"
"臺中市","太平區","臺中市太平區光隆國小","2026/08/31","砂鍋魚"
"臺中市","太平區","臺中市太平區光隆國小","2026/08/31","胚芽飯"
"臺中市","太平區","臺中市太平區光隆國小","2026/08/31","蘿蔔排骨湯"
"臺中市","太平區","臺中市太平區光隆國小","2026/08/31","調味料"
"臺中市","太平區","臺中市太平區光隆國小","2026/08/31","麻婆豆腐"
"臺中市","太平區","臺中市太平區光隆國小","2026/08/31","台式大雞腿"
"臺中市","太平區","臺中市太平區光隆國小","2026/08/31","油菜"
"臺中市","太平區","臺中市太平區光隆國小","2026/08/31","砂鍋魚"
"臺中市","太平區","臺中市太平區光隆國小","2026/08/31","胚芽飯"
"臺中市","太平區","臺中市太平區光隆國小","2026/08/31","蘿蔔排骨湯"
"臺中市","太平區","臺中市太平區光隆國小","2026/08/31","調味料"
"臺中市","太平區","臺中市太平區光隆國小","2026/08/31","麻婆豆腐"
"臺中市","太平區","臺中市太平區黃竹國小","2026/08/31","台式大雞腿"
"臺中市","太平區","臺中市太平區黃竹國小","2026/08/31","履歷豆漿"
"臺中市","太平區","臺中市太平區黃竹國小","2026/08/31","油菜"
"臺中市","太平區","臺中市太平區黃竹國小","2026/08/31","白米飯"
"臺中市","太平區","臺中市太平區黃竹國小","2026/08/31","砂鍋魚"
"臺中市","太平區","臺中市太平區黃竹國小","2026/08/31","蘿蔔排骨湯"
"臺中市","太平區","臺中市太平區黃竹國小","2026/08/31","調味料"
"臺中市","太平區","臺中市太平區黃竹國小","2026/08/31","麻婆豆腐"
"臺中市","太平區","臺中市太平區頭汴國小","2026/08/31","台式大雞腿"
"臺中市","太平區","臺中市太平區頭汴國小","2026/08/31","油菜"
"臺中市","太平區","臺中市太平區頭汴國小","2026/08/31","白米飯"
"臺中市","太平區","臺中市太平區頭汴國小","2026/08/31","砂鍋魚"
"臺中市","太平區","臺中市太平區頭汴國小","2026/08/31","米漿"
"臺中市","太平區","臺中市太平區頭汴國小","2026/08/31","蘿蔔排骨湯"
"臺中市","太平區","臺中市太平區頭汴國小","2026/08/31","調味料"
"臺中市","太平區","臺中市太平區頭汴國小","2026/08/31","麻婆豆腐"
"臺中市","太平區","臺中市太平區東汴國小","2026/08/27","翡翠蛋花湯"
"臺中市","太平區","臺中市太平區東汴國小","2026/08/27","金針粉絲煲"
"臺中市","太平區","臺中市太平區東汴國小","2026/08/27","青江菜"
"臺中市","太平區","臺中市太平區東汴國小","2026/08/27","馬鈴薯雞"
"臺中市","太平區","臺中市太平區東汴國小","2026/08/27","麥片飯"
"臺中市","太平區","臺中市太平區東汴國小","2026/08/28","冬瓜仙草蜜"
"臺中市","太平區","臺中市太平區東汴國小","2026/08/28","滷棒腿"
"臺中市","太平區","臺中市太平區東汴國小","2026/08/28","炒油菜"
"臺中市","太平區","臺中市太平區東汴國小","2026/08/28","燕麥飯"
"臺中市","太平區","臺中市太平區東汴國小","2026/08/28","鮮菇白菜"
"臺中市","太平區","臺中市太平區東汴國小","2026/08/31","台式大雞腿"
"臺中市","太平區","臺中市太平區東汴國小","2026/08/31","大陸妹"
"臺中市","太平區","臺中市太平區東汴國小","2026/08/31","白飯"
"臺中市","太平區","臺中市太平區東汴國小","2026/08/31","砂鍋魚"
"臺中市","太平區","臺中市太平區東汴國小","2026/08/31","蘿蔔排骨湯"
"臺中市","太平區","臺中市太平區東汴國小","2026/08/31","調味料"
"臺中市","太平區","臺中市太平區東汴國小","2026/08/31","豆漿"
"臺中市","太平區","臺中市太平區東汴國小","2026/08/31","麻婆豆腐"
"臺中市","和平區","臺中市和平區和平國小","2026/08/31","有機空心菜"
"臺中市","和平區","臺中市和平區和平國小","2026/08/31","砂鍋魚丁"
"臺中市","和平區","臺中市和平區和平國小","2026/08/31","糙米飯"
"臺中市","和平區","臺中市和平區和平國小","2026/08/31","葡萄"
"臺中市","和平區","臺中市和平區和平國小","2026/08/31","蘿蔔排骨湯"
"臺中市","和平區","臺中市和平區和平國小","2026/08/31","調味料"
"臺中市","和平區","臺中市和平區和平國小","2026/08/31","霸王雞腿"
"臺中市","和平區","臺中市和平區和平國小","2026/08/31","麻婆豆腐"
"臺中市","新社區","臺中市新社區福民國小","2026/08/31","台式大雞腿"
"臺中市","新社區","臺中市新社區福民國小","2026/08/31","砂鍋魚丁"
"臺中市","新社區","臺中市新社區福民國小","2026/08/31","蘿蔔排骨湯"
"臺中市","新社區","臺中市新社區福民國小","2026/08/31","調味料"
"臺中市","新社區","臺中市新社區福民國小","2026/08/31","青江菜"
"臺中市","新社區","臺中市新社區福民國小","2026/08/31","鮮奶"
"臺中市","新社區","臺中市新社區福民國小","2026/08/31","麥片飯"
"臺中市","新社區","臺中市新社區福民國小","2026/08/31","麻婆豆腐"
"臺中市","和平區","臺中市和平區白冷國小","2026/08/31","有機空心菜"
"臺中市","和平區","臺中市和平區白冷國小","2026/08/31","白米飯"
"臺中市","和平區","臺中市和平區白冷國小","2026/08/31","砂鍋魚丁"
"臺中市","和平區","臺中市和平區白冷國小","2026/08/31","葡萄"
"臺中市","和平區","臺中市和平區白冷國小","2026/08/31","蘿蔔排骨湯"
"臺中市","和平區","臺中市和平區白冷國小","2026/08/31","調味料"
"臺中市","和平區","臺中市和平區白冷國小","2026/08/31","霸王雞腿"
"臺中市","和平區","臺中市和平區白冷國小","2026/08/31","麻婆豆腐"
"臺中市","和平區","臺中市和平區博屋瑪國小","2026/08/31","有機空心菜"
"臺中市","和平區","臺中市和平區博屋瑪國小","2026/08/31","白米飯"
"臺中市","和平區","臺中市和平區博屋瑪國小","2026/08/31","砂糖橘"
"臺中市","和平區","臺中市和平區博屋瑪國小","2026/08/31","砂鍋魚丁"
"臺中市","和平區","臺中市和平區博屋瑪國小","2026/08/31","蘿蔔排骨湯"
"臺中市","和平區","臺中市和平區博屋瑪國小","2026/08/31","調味料"
"臺中市","和平區","臺中市和平區博屋瑪國小","2026/08/31","霸王雞腿"
"臺中市","和平區","臺中市和平區博屋瑪國小","2026/08/31","麻婆豆腐"
"臺中市","和平區","臺中市和平區中坑國小","2026/08/31","有機小松菜"
"臺中市","和平區","臺中市和平區中坑國小","2026/08/31","砂鍋魚丁"
"臺中市","和平區","臺中市和平區中坑國小","2026/08/31","蘿蔔排骨湯"
"臺中市","和平區","臺中市和平區中坑國小","2026/08/31","調味料"
"臺中市","和平區","臺中市和平區中坑國小","2026/08/31","霸王雞腿"
"臺中市","和平區","臺中市和平區中坑國小","2026/08/31","飯"
"臺中市","和平區","臺中市和平區中坑國小","2026/08/31","麻婆豆腐"
"臺中市","和平區","臺中市和平區中坑國小","2026/08/31","龍眼"
"臺中市","和平區","臺中市和平區平等國小","2026/08/31","有機空心菜"
"臺中市","和平區","臺中市和平區平等國小","2026/08/31","白米飯"
"臺中市","和平區","臺中市和平區平等國小","2026/08/31","砂糖橘"
"臺中市","和平區","臺中市和平區平等國小","2026/08/31","砂鍋魚丁"
"臺中市","和平區","臺中市和平區平等國小","2026/08/31","蘿蔔排骨湯"
"臺中市","和平區","臺中市和平區平等國小","2026/08/31","調味料"
"臺中市","和平區","臺中市和平區平等國小","2026/08/31","霸王雞腿"
"臺中市","和平區","臺中市和平區平等國小","2026/08/31","麻婆豆腐"
"臺中市","和平區","臺中市和平區德芙蘭國小","2026/08/31","有機空心菜"
"臺中市","和平區","臺中市和平區德芙蘭國小","2026/08/31","砂鍋魚丁"
"臺中市","和平區","臺中市和平區德芙蘭國小","2026/08/31","蘿蔔排骨湯"
"臺中市","和平區","臺中市和平區德芙蘭國小","2026/08/31","調味料"
"臺中市","和平區","臺中市和平區德芙蘭國小","2026/08/31","霸王雞腿"
"臺中市","和平區","臺中市和平區德芙蘭國小","2026/08/31","麥片飯"
"臺中市","和平區","臺中市和平區德芙蘭國小","2026/08/31","麻婆豆腐"
"臺中市","和平區","臺中市和平區德芙蘭國小","2026/08/31","龍眼"
"臺中市","和平區","臺中市和平區自由國小","2026/08/31","有機空心菜"
"臺中市","和平區","臺中市和平區自由國小","2026/08/31","白米飯"
"臺中市","和平區","臺中市和平區自由國小","2026/08/31","砂糖橘"
"臺中市","和平區","臺中市和平區自由國小","2026/08/31","砂鍋魚丁"
"臺中市","和平區","臺中市和平區自由國小","2026/08/31","蘿蔔排骨湯"
"臺中市","和平區","臺中市和平區自由國小","2026/08/31","調味料"
"臺中市","和平區","臺中市和平區自由國小","2026/08/31","霸王雞腿"
"臺中市","和平區","臺中市和平區自由國小","2026/08/31","麻婆豆腐"
"臺中市","和平區","臺中市和平區梨山國中(小)","2026/08/31","有機空心菜"
"臺中市","和平區","臺中市和平區梨山國中(小)","2026/08/31","白米飯"
"臺中市","和平區","臺中市和平區梨山國中(小)","2026/08/31","砂糖橘"
"臺中市","和平區","臺中市和平區梨山國中(小)","2026/08/31","砂鍋魚丁"
"臺中市","和平區","臺中市和平區梨山國中(小)","2026/08/31","蘿蔔排骨湯"
"臺中市","和平區","臺中市和平區梨山國中(小)","2026/08/31","調味料"
"臺中市","和平區","臺中市和平區梨山國中(小)","2026/08/31","霸王雞腿"
"臺中市","和平區","臺中市和平區梨山國中(小)","2026/08/31","麻婆豆腐"
"臺中市","大里區","臺中市大里區益民國小","2026/08/31","台式大雞腿"
"臺中市","大里區","臺中市大里區益民國小","2026/08/31","油菜"
"臺中市","大里區","臺中市大里區益民國小","2026/08/31","砂鍋魚"
"臺中市","大里區","臺中市大里區益民國小","2026/08/31","胚芽飯"
"臺中市","大里區","臺中市大里區益民國小","2026/08/31","蘿蔔排骨湯"
"臺中市","大里區","臺中市大里區益民國小","2026/08/31","調味料"
"臺中市","大里區","臺中市大里區益民國小","2026/08/31","麻婆豆腐"
"臺中市","大里區","臺中市大里區益民國小","2026/08/31","台式大雞腿"
"臺中市","大里區","臺中市大里區益民國小","2026/08/31","砂鍋魚"
"臺中市","大里區","臺中市大里區益民國小","2026/08/31","薏仁飯"
"臺中市","大里區","臺中市大里區益民國小","2026/08/31","蘿蔔排骨湯"
"臺中市","大里區","臺中市大里區益民國小","2026/08/31","調味料"
"臺中市","大里區","臺中市大里區益民國小","2026/08/31","青江菜"
"臺中市","大里區","臺中市大里區益民國小","2026/08/31","麻婆豆腐"
"臺中市","大里區","臺中市大里區益民國小","2026/08/31","台式大雞腿"
"臺中市","大里區","臺中市大里區益民國小","2026/08/31","小米飯"
"臺中市","大里區","臺中市大里區益民國小","2026/08/31","砂鍋魚"
"臺中市","大里區","臺中市大里區益民國小","2026/08/31","蘿蔔排骨湯"
"臺中市","大里區","臺中市大里區益民國小","2026/08/31","蚵白菜"
"臺中市","大里區","臺中市大里區益民國小","2026/08/31","調味料"
"臺中市","大里區","臺中市大里區益民國小","2026/08/31","麻婆豆腐2"
"臺中市","清水區","臺中市清水區槺榔國小","2026/08/31","什錦燒(素)"
"臺中市","清水區","臺中市清水區槺榔國小","2026/08/31","冬瓜燒麵筋(素)"
"臺中市","清水區","臺中市清水區槺榔國小","2026/08/31","小米飯"
"臺中市","清水區","臺中市清水區槺榔國小","2026/08/31","沙茶油豆腐(素)"
"臺中市","清水區","臺中市清水區槺榔國小","2026/08/31","砂鍋魚丁"
"臺中市","清水區","臺中市清水區槺榔國小","2026/08/31","翠綠油菜"
"臺中市","清水區","臺中市清水區槺榔國小","2026/08/31","翠綠油菜(素)"
"臺中市","清水區","臺中市清水區槺榔國小","2026/08/31","蘿蔔排骨湯"
"臺中市","清水區","臺中市清水區槺榔國小","2026/08/31","蘿蔔湯(素)"
"臺中市","清水區","臺中市清水區槺榔國小","2026/08/31","調味料"
"臺中市","清水區","臺中市清水區槺榔國小","2026/08/31","霸王雞腿"
"臺中市","清水區","臺中市清水區槺榔國小","2026/08/31","麻婆豆腐"
"臺中市","清水區","臺中市清水區槺榔國小","2026/08/31","麻婆豆腐(素)"
"臺中市","太平區","臺中市太平區建平國小","2026/08/31","台式大雞腿"
"臺中市","太平區","臺中市太平區建平國小","2026/08/31","砂鍋魚"
"臺中市","太平區","臺中市太平區建平國小","2026/08/31","胚米飯"
"臺中市","太平區","臺中市太平區建平國小","2026/08/31","蘿蔔排骨湯"
"臺中市","太平區","臺中市太平區建平國小","2026/08/31","調味料"
"臺中市","太平區","臺中市太平區建平國小","2026/08/31","青江菜"
"臺中市","太平區","臺中市太平區建平國小","2026/08/31","麻婆豆腐"
"臺中市","潭子區","臺中市潭子區潭陽國小","2026/08/31","台式大雞腿"
"臺中市","潭子區","臺中市潭子區潭陽國小","2026/08/31","有機莧菜"
"臺中市","潭子區","臺中市潭子區潭陽國小","2026/08/31","砂鍋魚"
"臺中市","潭子區","臺中市潭子區潭陽國小","2026/08/31","糙米飯"
"臺中市","潭子區","臺中市潭子區潭陽國小","2026/08/31","蘿蔔排骨湯"
"臺中市","潭子區","臺中市潭子區潭陽國小","2026/08/31","調味料"
"臺中市","潭子區","臺中市潭子區潭陽國小","2026/08/31","麻婆豆腐"
"臺中市","潭子區","臺中市潭子區潭陽國小","2026/08/31","台式大雞腿"
"臺中市","潭子區","臺中市潭子區潭陽國小","2026/08/31","油菜"
"臺中市","潭子區","臺中市潭子區潭陽國小","2026/08/31","砂鍋魚"
"臺中市","潭子區","臺中市潭子區潭陽國小","2026/08/31","胚芽飯"
"臺中市","潭子區","臺中市潭子區潭陽國小","2026/08/31","蘿蔔排骨湯"
"臺中市","潭子區","臺中市潭子區潭陽國小","2026/08/31","調味料"
"臺中市","潭子區","臺中市潭子區潭陽國小","2026/08/31","麻婆豆腐"
"臺中市","太平區","臺中市太平區中華國小","2026/08/31","(素)櫛瓜炒甜椒"
"臺中市","太平區","臺中市太平區中華國小","2026/08/31","(素)油菜"
"臺中市","太平區","臺中市太平區中華國小","2026/08/31","(素)砂鍋豆包"
"臺中市","太平區","臺中市太平區中華國小","2026/08/31","(素)蘿蔔素丸子湯"
"臺中市","太平區","臺中市太平區中華國小","2026/08/31","(素)麻婆豆腐"
"臺中市","太平區","臺中市太平區中華國小","2026/08/31","台式大雞腿"
"臺中市","太平區","臺中市太平區中華國小","2026/08/31","油菜"
"臺中市","太平區","臺中市太平區中華國小","2026/08/31","白米飯"
"臺中市","太平區","臺中市太平區中華國小","2026/08/31","砂鍋魚"
"臺中市","太平區","臺中市太平區中華國小","2026/08/31","蘿蔔排骨湯"
"臺中市","太平區","臺中市太平區中華國小","2026/08/31","調味料"
"臺中市","太平區","臺中市太平區中華國小","2026/08/31","麻婆豆腐"
"臺中市","烏日區","臺中市烏日區九德國小","2026/08/31","炒筊白筍(素)"
"臺中市","烏日區","臺中市烏日區九德國小","2026/08/31","砂鍋魚丁"
"臺中市","烏日區","臺中市烏日區九德國小","2026/08/31","砂鍋魚丁(素)"
"臺中市","烏日區","臺中市烏日區九德國小","2026/08/31","紅藜飯"
"臺中市","烏日區","臺中市烏日區九德國小","2026/08/31","綜合滷味(素)"
"臺中市","烏日區","臺中市烏日區九德國小","2026/08/31","蒜香青江菜"
"臺中市","烏日區","臺中市烏日區九德國小","2026/08/31","蘿蔔排骨湯"
"臺中市","烏日區","臺中市烏日區九德國小","2026/08/31","蘿蔔湯(素)"
"臺中市","烏日區","臺中市烏日區九德國小","2026/08/31","調味料"
"臺中市","烏日區","臺中市烏日區九德國小","2026/08/31","霸王雞腿"
"臺中市","烏日區","臺中市烏日區九德國小","2026/08/31","麻婆豆腐"
"臺中市","烏日區","臺中市烏日區九德國小","2026/08/31","麻婆豆腐(素)"
"臺中市","梧棲區","臺中市梧棲區中港國小","2026/08/31","什錦燒(素)"
"臺中市","梧棲區","臺中市梧棲區中港國小","2026/08/31","冬瓜燒麵筋(素)"
"臺中市","梧棲區","臺中市梧棲區中港國小","2026/08/31","小米飯"
"臺中市","梧棲區","臺中市梧棲區中港國小","2026/08/31","沙茶油豆腐(素)"
"臺中市","梧棲區","臺中市梧棲區中港國小","2026/08/31","砂鍋魚丁"
"臺中市","梧棲區","臺中市梧棲區中港國小","2026/08/31","翠綠油菜"
"臺中市","梧棲區","臺中市梧棲區中港國小","2026/08/31","翠綠油菜(素)"
"臺中市","梧棲區","臺中市梧棲區中港國小","2026/08/31","蘿蔔排骨湯"
"臺中市","梧棲區","臺中市梧棲區中港國小","2026/08/31","蘿蔔湯(素)"
"臺中市","梧棲區","臺中市梧棲區中港國小","2026/08/31","調味料"
"臺中市","梧棲區","臺中市梧棲區中港國小","2026/08/31","霸王雞腿"
"臺中市","梧棲區","臺中市梧棲區中港國小","2026/08/31","麻婆豆腐"
"臺中市","梧棲區","臺中市梧棲區中港國小","2026/08/31","麻婆豆腐(素)"
"臺中市","太平區","臺中市太平區東平國小","2026/08/31","台式大雞腿"
"臺中市","太平區","臺中市太平區東平國小","2026/08/31","砂鍋魚"
"臺中市","太平區","臺中市太平區東平國小","2026/08/31","胚芽飯"
"臺中市","太平區","臺中市太平區東平國小","2026/08/31","蘿蔔排骨湯"
"臺中市","太平區","臺中市太平區東平國小","2026/08/31","調味料"
"臺中市","太平區","臺中市太平區東平國小","2026/08/31","青江菜"
"臺中市","太平區","臺中市太平區東平國小","2026/08/31","麻婆豆腐"
"臺中市","太平區","臺中市太平區東平國小","2026/08/31","台式大雞腿"
"臺中市","太平區","臺中市太平區東平國小","2026/08/31","油菜"
"臺中市","太平區","臺中市太平區東平國小","2026/08/31","砂鍋魚"
"臺中市","太平區","臺中市太平區東平國小","2026/08/31","胚芽飯"
"臺中市","太平區","臺中市太平區東平國小","2026/08/31","蘿蔔排骨湯"
"臺中市","太平區","臺中市太平區東平國小","2026/08/31","調味料"
"臺中市","太平區","臺中市太平區東平國小","2026/08/31","麻婆豆腐"
"臺中市","大雅區","臺中市大雅區文雅國小","2026/08/31","台式大雞腿"
"臺中市","大雅區","臺中市大雅區文雅國小","2026/08/31","炒油菜"
"臺中市","大雅區","臺中市大雅區文雅國小","2026/08/31","砂鍋魚"
"臺中市","大雅區","臺中市大雅區文雅國小","2026/08/31","芝麻白飯"
"臺中市","大雅區","臺中市大雅區文雅國小","2026/08/31","蘿蔔排骨湯"
"臺中市","大雅區","臺中市大雅區文雅國小","2026/08/31","調味料"
"臺中市","大雅區","臺中市大雅區文雅國小","2026/08/31","麻婆豆腐"
"臺中市","東勢區","臺中市東勢區新盛國小","2026/08/31","有機小松菜"
"臺中市","東勢區","臺中市東勢區新盛國小","2026/08/31","白米飯"
"臺中市","東勢區","臺中市東勢區新盛國小","2026/08/31","砂鍋魚丁"
"臺中市","東勢區","臺中市東勢區新盛國小","2026/08/31","芝麻包"
"臺中市","東勢區","臺中市東勢區新盛國小","2026/08/31","蘿蔔排骨湯"
"臺中市","東勢區","臺中市東勢區新盛國小","2026/08/31","調味料"
"臺中市","東勢區","臺中市東勢區新盛國小","2026/08/31","霸王雞腿"
"臺中市","東勢區","臺中市東勢區新盛國小","2026/08/31","麻婆豆腐"
"臺中市","大里區","臺中市大里區大元國小","2026/08/31","台式大雞腿"
"臺中市","大里區","臺中市大里區大元國小","2026/08/31","履歷空心菜"
"臺中市","大里區","臺中市大里區大元國小","2026/08/31","砂鍋魚"
"臺中市","大里區","臺中市大里區大元國小","2026/08/31","素大阪燒"
"臺中市","大里區","臺中市大里區大元國小","2026/08/31","素蘿蔔豆皮湯"
"臺中市","大里區","臺中市大里區大元國小","2026/08/31","素香鬆飯"
"臺中市","大里區","臺中市大里區大元國小","2026/08/31","素鮮果素柳"
"臺中市","大里區","臺中市大里區大元國小","2026/08/31","素麻婆豆腐"
"臺中市","大里區","臺中市大里區大元國小","2026/08/31","蘿蔔排骨湯"
"臺中市","大里區","臺中市大里區大元國小","2026/08/31","調味料"
"臺中市","大里區","臺中市大里區大元國小","2026/08/31","香鬆飯"
"臺中市","大里區","臺中市大里區大元國小","2026/08/31","麻婆豆腐"
"臺中市","霧峰區","臺中市霧峰區吉峰國小","2026/08/31","台式大雞腿D"
"臺中市","霧峰區","臺中市霧峰區吉峰國小","2026/08/31","炒油菜B"
"臺中市","霧峰區","臺中市霧峰區吉峰國小","2026/08/31","砂鍋魚"
"臺中市","霧峰區","臺中市霧峰區吉峰國小","2026/08/31","紫米飯"
"臺中市","霧峰區","臺中市霧峰區吉峰國小","2026/08/31","蘿蔔排骨湯"
"臺中市","霧峰區","臺中市霧峰區吉峰國小","2026/08/31","調味料"
"臺中市","霧峰區","臺中市霧峰區吉峰國小","2026/08/31","麻婆豆腐"
"臺中市","太平區","臺中市太平區新平國小","2026/08/31","台式大雞腿"
"臺中市","太平區","臺中市太平區新平國小","2026/08/31","油菜"
"臺中市","太平區","臺中市太平區新平國小","2026/08/31","砂鍋魚"
"臺中市","太平區","臺中市太平區新平國小","2026/08/31","胚芽飯"
"臺中市","太平區","臺中市太平區新平國小","2026/08/31","蘿蔔排骨湯"
"臺中市","太平區","臺中市太平區新平國小","2026/08/31","調味料"
"臺中市","太平區","臺中市太平區新平國小","2026/08/31","麻婆豆腐"
"臺中市","太平區","臺中市太平區新平國小","2026/08/31","台式大雞腿滷"
"臺中市","太平區","臺中市太平區新平國小","2026/08/31","炒油菜"
"臺中市","太平區","臺中市太平區新平國小","2026/08/31","砂鍋魚"
"臺中市","太平區","臺中市太平區新平國小","2026/08/31","胚芽飯"
"臺中市","太平區","臺中市太平區新平國小","2026/08/31","蘿蔔排骨湯"
"臺中市","太平區","臺中市太平區新平國小","2026/08/31","調味料"
"臺中市","太平區","臺中市太平區新平國小","2026/08/31","麻婆豆腐"
"臺中市","太平區","臺中市太平區新平國小","2026/08/31","台式大雞腿"
"臺中市","太平區","臺中市太平區新平國小","2026/08/31","砂鍋魚"
"臺中市","太平區","臺中市太平區新平國小","2026/08/31","胚米飯"
"臺中市","太平區","臺中市太平區新平國小","2026/08/31","蘿蔔排骨湯"
"臺中市","太平區","臺中市太平區新平國小","2026/08/31","調味料"
"臺中市","太平區","臺中市太平區新平國小","2026/08/31","青江菜"
"臺中市","太平區","臺中市太平區新平國小","2026/08/31","麻婆豆腐"
"臺中市","太平區","臺中市太平區新平國小","2026/08/31","台式大雞腿"
"臺中市","太平區","臺中市太平區新平國小","2026/08/31","砂鍋魚"
"臺中市","太平區","臺中市太平區新平國小","2026/08/31","胚芽飯"
"臺中市","太平區","臺中市太平區新平國小","2026/08/31","蘿蔔排骨湯"
"臺中市","太平區","臺中市太平區新平國小","2026/08/31","調味料"
"臺中市","太平區","臺中市太平區新平國小","2026/08/31","青江菜"
"臺中市","太平區","臺中市太平區新平國小","2026/08/31","麻婆豆腐"
"臺中市","太平區","臺中市太平區新平國小","2026/08/31","台式大雞腿"
"臺中市","太平區","臺中市太平區新平國小","2026/08/31","油菜"
"臺中市","太平區","臺中市太平區新平國小","2026/08/31","砂鍋魚"
"臺中市","太平區","臺中市太平區新平國小","2026/08/31","胚芽飯"
"臺中市","太平區","臺中市太平區新平國小","2026/08/31","蘿蔔排骨湯"
"臺中市","太平區","臺中市太平區新平國小","2026/08/31","調味料"
"臺中市","太平區","臺中市太平區新平國小","2026/08/31","麻婆豆腐"
"臺中市","豐原區","臺中市豐原區葫蘆墩國小","2026/08/31","台式大雞腿"
"臺中市","豐原區","臺中市豐原區葫蘆墩國小","2026/08/31","有機莧菜"
"臺中市","豐原區","臺中市豐原區葫蘆墩國小","2026/08/31","砂鍋魚"
"臺中市","豐原區","臺中市豐原區葫蘆墩國小","2026/08/31","糙米飯"
"臺中市","豐原區","臺中市豐原區葫蘆墩國小","2026/08/31","蘿蔔排骨湯"
"臺中市","豐原區","臺中市豐原區葫蘆墩國小","2026/08/31","調味料"
"臺中市","豐原區","臺中市豐原區葫蘆墩國小","2026/08/31","麻婆豆腐"
"臺中市","豐原區","臺中市豐原區葫蘆墩國小","2026/08/31","台式大雞腿"
"臺中市","豐原區","臺中市豐原區葫蘆墩國小","2026/08/31","有機小松菜"
"臺中市","豐原區","臺中市豐原區葫蘆墩國小","2026/08/31","砂鍋魚"
"臺中市","豐原區","臺中市豐原區葫蘆墩國小","2026/08/31","蘿蔔排骨湯"
"臺中市","豐原區","臺中市豐原區葫蘆墩國小","2026/08/31","調味料"
"臺中市","豐原區","臺中市豐原區葫蘆墩國小","2026/08/31","麥片飯"
"臺中市","豐原區","臺中市豐原區葫蘆墩國小","2026/08/31","麻婆豆腐"
"臺中市","大里區","臺中市大里區永隆國小","2026/08/31","台式大雞腿"
"臺中市","大里區","臺中市大里區永隆國小","2026/08/31","砂鍋魚"
"臺中市","大里區","臺中市大里區永隆國小","2026/08/31","薏仁飯"
"臺中市","大里區","臺中市大里區永隆國小","2026/08/31","蘿蔔排骨湯"
"臺中市","大里區","臺中市大里區永隆國小","2026/08/31","調味料"
"臺中市","大里區","臺中市大里區永隆國小","2026/08/31","青江菜"
"臺中市","大里區","臺中市大里區永隆國小","2026/08/31","麻婆豆腐"
"臺中市","大里區","臺中市大里區永隆國小","2026/08/31","台式大雞腿D"
"臺中市","大里區","臺中市大里區永隆國小","2026/08/31","炒油菜B"
"臺中市","大里區","臺中市大里區永隆國小","2026/08/31","砂鍋魚"
"臺中市","大里區","臺中市大里區永隆國小","2026/08/31","紫米飯"
"臺中市","大里區","臺中市大里區永隆國小","2026/08/31","蘿蔔排骨湯"
"臺中市","大里區","臺中市大里區永隆國小","2026/08/31","調味料"
"臺中市","大里區","臺中市大里區永隆國小","2026/08/31","麻婆豆腐"
"臺中市","大里區","臺中市大里區美群國小","2026/08/31","台式大雞腿"
"臺中市","大里區","臺中市大里區美群國小","2026/08/31","砂鍋魚"
"臺中市","大里區","臺中市大里區美群國小","2026/08/31","薏仁飯"
"臺中市","大里區","臺中市大里區美群國小","2026/08/31","蘿蔔排骨湯"
"臺中市","大里區","臺中市大里區美群國小","2026/08/31","調味料"
"臺中市","大里區","臺中市大里區美群國小","2026/08/31","青江菜"
"臺中市","大里區","臺中市大里區美群國小","2026/08/31","麻婆豆腐"
"臺中市","清水區","臺中市清水區吳厝國小","2026/08/31","台式大雞腿"
"臺中市","清水區","臺中市清水區吳厝國小","2026/08/31","履歷青江菜"
"臺中市","清水區","臺中市清水區吳厝國小","2026/08/31","砂鍋豆腸"
"臺中市","清水區","臺中市清水區吳厝國小","2026/08/31","砂鍋魚丁"
"臺中市","清水區","臺中市清水區吳厝國小","2026/08/31","素麻婆豆腐"
"臺中市","清水區","臺中市清水區吳厝國小","2026/08/31","蘿蔔排骨湯"
"臺中市","清水區","臺中市清水區吳厝國小","2026/08/31","蘿蔔湯"
"臺中市","清水區","臺中市清水區吳厝國小","2026/08/31","調味料"
"臺中市","清水區","臺中市清水區吳厝國小","2026/08/31","雲菜捲"
"臺中市","清水區","臺中市清水區吳厝國小","2026/08/31","養樂多鮮奶"
"臺中市","清水區","臺中市清水區吳厝國小","2026/08/31","麥片飯"
"臺中市","清水區","臺中市清水區吳厝國小","2026/08/31","麻婆豆腐"
"臺中市","大肚區","臺中市大肚區山陽國小","2026/08/31","砂鍋魚丁"
"臺中市","大肚區","臺中市大肚區山陽國小","2026/08/31","糙米飯"
"臺中市","大肚區","臺中市大肚區山陽國小","2026/08/31","翠綠青江菜"
"臺中市","大肚區","臺中市大肚區山陽國小","2026/08/31","蘿蔔排骨湯"
"臺中市","大肚區","臺中市大肚區山陽國小","2026/08/31","調味料"
"臺中市","大肚區","臺中市大肚區山陽國小","2026/08/31","霸王雞腿"
"臺中市","大肚區","臺中市大肚區山陽國小","2026/08/31","麻婆豆腐"
"臺中市","大里區","臺中市大里區立新國小","2026/08/31","台式大雞腿"
"臺中市","大里區","臺中市大里區立新國小","2026/08/31","砂鍋魚"
"臺中市","大里區","臺中市大里區立新國小","2026/08/31","薏仁飯"
"臺中市","大里區","臺中市大里區立新國小","2026/08/31","蘿蔔排骨湯"
"臺中市","大里區","臺中市大里區立新國小","2026/08/31","調味料"
"臺中市","大里區","臺中市大里區立新國小","2026/08/31","青江菜"
"臺中市","大里區","臺中市大里區立新國小","2026/08/31","麻婆豆腐"
"臺中市","大里區","臺中市大里區立新國小","2026/08/31","台式大雞腿滷"
"臺中市","大里區","臺中市大里區立新國小","2026/08/31","炒油菜"
"臺中市","大里區","臺中市大里區立新國小","2026/08/31","砂鍋魚"
"臺中市","大里區","臺中市大里區立新國小","2026/08/31","胚芽飯"
"臺中市","大里區","臺中市大里區立新國小","2026/08/31","蘿蔔排骨湯"
"臺中市","大里區","臺中市大里區立新國小","2026/08/31","調味料"
"臺中市","大里區","臺中市大里區立新國小","2026/08/31","麻婆豆腐"
"臺中市","梧棲區","臺中市梧棲區大德國小","2026/08/31","什錦燒(素)"
"臺中市","梧棲區","臺中市梧棲區大德國小","2026/08/31","冬瓜燒麵筋(素)"
"臺中市","梧棲區","臺中市梧棲區大德國小","2026/08/31","小米飯"
"臺中市","梧棲區","臺中市梧棲區大德國小","2026/08/31","沙茶油豆腐(素)"
"臺中市","梧棲區","臺中市梧棲區大德國小","2026/08/31","砂鍋魚丁"
"臺中市","梧棲區","臺中市梧棲區大德國小","2026/08/31","翠綠油菜"
"臺中市","梧棲區","臺中市梧棲區大德國小","2026/08/31","翠綠油菜(素)"
"臺中市","梧棲區","臺中市梧棲區大德國小","2026/08/31","蘿蔔排骨湯"
"臺中市","梧棲區","臺中市梧棲區大德國小","2026/08/31","蘿蔔湯(素)"
"臺中市","梧棲區","臺中市梧棲區大德國小","2026/08/31","調味料"
"臺中市","梧棲區","臺中市梧棲區大德國小","2026/08/31","霸王雞腿"
"臺中市","梧棲區","臺中市梧棲區大德國小","2026/08/31","麻婆豆腐"
"臺中市","梧棲區","臺中市梧棲區大德國小","2026/08/31","麻婆豆腐(素)"
"臺中市","太平區","臺中市太平區車籠埔國小","2026/08/31","台式大雞腿"
"臺中市","太平區","臺中市太平區車籠埔國小","2026/08/31","履歷豆漿"
"臺中市","太平區","臺中市太平區車籠埔國小","2026/08/31","油菜"
"臺中市","太平區","臺中市太平區車籠埔國小","2026/08/31","白米飯"
"臺中市","太平區","臺中市太平區車籠埔國小","2026/08/31","砂鍋魚"
"臺中市","太平區","臺中市太平區車籠埔國小","2026/08/31","蘿蔔排骨湯"
"臺中市","太平區","臺中市太平區車籠埔國小","2026/08/31","調味料"
"臺中市","太平區","臺中市太平區車籠埔國小","2026/08/31","麻婆豆腐"
"臺中市","豐原區","臺中市豐原區福陽國小","2026/08/31","健康飯"
"臺中市","豐原區","臺中市豐原區福陽國小","2026/08/31","台式大雞腿"
"臺中市","豐原區","臺中市豐原區福陽國小","2026/08/31","小白菜"
"臺中市","豐原區","臺中市豐原區福陽國小","2026/08/31","砂鍋魚"
"臺中市","豐原區","臺中市豐原區福陽國小","2026/08/31","蘿蔔排骨湯"
"臺中市","豐原區","臺中市豐原區福陽國小","2026/08/31","調味料"
"臺中市","豐原區","臺中市豐原區福陽國小","2026/08/31","麻婆豆腐"
"臺中市","潭子區","臺中市潭子區頭家國小","2026/08/31","台式大雞腿"
"臺中市","潭子區","臺中市潭子區頭家國小","2026/08/31","有機白米飯"
"臺中市","潭子區","臺中市潭子區頭家國小","2026/08/31","油蔥肉燥蛋"
"臺中市","潭子區","臺中市潭子區頭家國小","2026/08/31","炒油菜"
"臺中市","潭子區","臺中市潭子區頭家國小","2026/08/31","無咖啡因珍奶"
"臺中市","潭子區","臺中市潭子區頭家國小","2026/08/31","芋香白菜"
"臺中市","潭子區","臺中市潭子區頭家國小","2026/08/31","調味料"
"臺中市","大肚區","臺中市大肚區瑞井國小","2026/08/31","古早味蒸蛋素"
"臺中市","大肚區","臺中市大肚區瑞井國小","2026/08/31","台式大雞腿"
"臺中市","大肚區","臺中市大肚區瑞井國小","2026/08/31","砂鍋白菜素"
"臺中市","大肚區","臺中市大肚區瑞井國小","2026/08/31","砂鍋魚"
"臺中市","大肚區","臺中市大肚區瑞井國小","2026/08/31","美味油菜"
"臺中市","大肚區","臺中市大肚區瑞井國小","2026/08/31","胚芽飯"
"臺中市","大肚區","臺中市大肚區瑞井國小","2026/08/31","蘿蔔排骨湯"
"臺中市","大肚區","臺中市大肚區瑞井國小","2026/08/31","調味料"
"臺中市","大肚區","臺中市大肚區瑞井國小","2026/08/31","香酥牛蒡排素"
"臺中市","大肚區","臺中市大肚區瑞井國小","2026/08/31","麻婆豆腐"
"臺中市","大肚區","臺中市大肚區瑞井國小","2026/08/31","麻婆豆腐素"
"臺中市","東勢區","臺中市東勢區東新國小","2026/08/31","小米飯"
"臺中市","東勢區","臺中市東勢區東新國小","2026/08/31","小米飯(素)"
"臺中市","東勢區","臺中市東勢區東新國小","2026/08/31","有機空心菜"
"臺中市","東勢區","臺中市東勢區東新國小","2026/08/31","有機空心菜(素)"
"臺中市","東勢區","臺中市東勢區東新國小","2026/08/31","牛蒡揚(素)"
"臺中市","東勢區","臺中市東勢區東新國小","2026/08/31","砂鍋大白菜(素)"
"臺中市","東勢區","臺中市東勢區東新國小","2026/08/31","砂鍋魚"
"臺中市","東勢區","臺中市東勢區東新國小","2026/08/31","菜捲(素)"
"臺中市","東勢區","臺中市東勢區東新國小","2026/08/31","蘿蔔排骨湯"
"臺中市","東勢區","臺中市東勢區東新國小","2026/08/31","蘿蔔湯(素)"
"臺中市","東勢區","臺中市東勢區東新國小","2026/08/31","調味料"
"臺中市","東勢區","臺中市東勢區東新國小","2026/08/31","霸王雞腿"
"臺中市","東勢區","臺中市東勢區東新國小","2026/08/31","麻婆豆腐"
"臺中市","東勢區","臺中市東勢區東新國小","2026/08/31","麻婆豆腐(素)"
"臺中市","太平區","臺中市太平區長億國小","2026/08/31","台式大雞腿D"
"臺中市","太平區","臺中市太平區長億國小","2026/08/31","炒油菜B"
"臺中市","太平區","臺中市太平區長億國小","2026/08/31","砂鍋魚"
"臺中市","太平區","臺中市太平區長億國小","2026/08/31","紫米飯"
"臺中市","太平區","臺中市太平區長億國小","2026/08/31","蘿蔔排骨湯"
"臺中市","太平區","臺中市太平區長億國小","2026/08/31","調味料"
"臺中市","太平區","臺中市太平區長億國小","2026/08/31","麻婆豆腐"
"臺中市","太平區","臺中市太平區長億國小","2026/08/31","台式大雞腿"
"臺中市","太平區","臺中市太平區長億國小","2026/08/31","小米飯"
"臺中市","太平區","臺中市太平區長億國小","2026/08/31","砂鍋魚"
"臺中市","太平區","臺中市太平區長億國小","2026/08/31","蘿蔔排骨湯"
"臺中市","太平區","臺中市太平區長億國小","2026/08/31","蚵白菜"
"臺中市","太平區","臺中市太平區長億國小","2026/08/31","調味料"
"臺中市","太平區","臺中市太平區長億國小","2026/08/31","麻婆豆腐2"
"臺中市","大雅區","臺中市大雅區六寶國小","2026/08/03","歐姆蛋"
"臺中市","大雅區","臺中市大雅區六寶國小","2026/08/03","白米飯"
"臺中市","大雅區","臺中市大雅區六寶國小","2026/08/03","空心菜"
"臺中市","大雅區","臺中市大雅區六寶國小","2026/08/03","調味料"
"臺中市","大雅區","臺中市大雅區六寶國小","2026/08/03","酸辣湯"
"臺中市","大雅區","臺中市大雅區六寶國小","2026/08/03","醬燒雞翅"
"臺中市","大雅區","臺中市大雅區六寶國小","2026/08/04","地瓜QQ湯"
"臺中市","大雅區","臺中市大雅區六寶國小","2026/08/04","地瓜葉"
"臺中市","大雅區","臺中市大雅區六寶國小","2026/08/04","白米飯"
"臺中市","大雅區","臺中市大雅區六寶國小","2026/08/04","紅燒骰子豬"
"臺中市","大雅區","臺中市大雅區六寶國小","2026/08/04","紫菜素丸湯"
"臺中市","大雅區","臺中市大雅區六寶國小","2026/08/04","芹香干片"
"臺中市","大雅區","臺中市大雅區六寶國小","2026/08/04","調味料"
"臺中市","大雅區","臺中市大雅區六寶國小","2026/08/05","冬瓜山粉圓"
"臺中市","大雅區","臺中市大雅區六寶國小","2026/08/05","客家炒粄條"
"臺中市","大雅區","臺中市大雅區六寶國小","2026/08/05","木須炒蛋"
"臺中市","大雅區","臺中市大雅區六寶國小","2026/08/05","油菜"
"臺中市","大雅區","臺中市大雅區六寶國小","2026/08/05","調味料"
"臺中市","大雅區","臺中市大雅區六寶國小","2026/08/05","香酥魚排"
"臺中市","大雅區","臺中市大雅區六寶國小","2026/08/06","白米飯"
"臺中市","大雅區","臺中市大雅區六寶國小","2026/08/06","糖醋雞丁"
"臺中市","大雅區","臺中市大雅區六寶國小","2026/08/06","調味料"
"臺中市","大雅區","臺中市大雅區六寶國小","2026/08/06","豆薯什錦湯"
"臺中市","大雅區","臺中市大雅區六寶國小","2026/08/06","雙薯什錦"
"臺中市","大雅區","臺中市大雅區六寶國小","2026/08/06","青江菜"
"臺中市","大雅區","臺中市大雅區六寶國小","2026/08/06","香蕉"
"臺中市","大雅區","臺中市大雅區六寶國小","2026/08/10","南瓜濃湯"
"臺中市","大雅區","臺中市大雅區六寶國小","2026/08/10","白米飯"
"臺中市","大雅區","臺中市大雅區六寶國小","2026/08/10","蕃茄炒蛋"
"臺中市","大雅區","臺中市大雅區六寶國小","2026/08/10","調味料"
"臺中市","大雅區","臺中市大雅區六寶國小","2026/08/10","青花菜"
"臺中市","大雅區","臺中市大雅區六寶國小","2026/08/10","香滷雞翅"
"臺中市","大雅區","臺中市大雅區六寶國小","2026/08/11","壽喜燒肉"
"臺中市","大雅區","臺中市大雅區六寶國小","2026/08/11","客家小炒"
"臺中市","大雅區","臺中市大雅區六寶國小","2026/08/11","榨菜什錦湯"
"臺中市","大雅區","臺中市大雅區六寶國小","2026/08/11","白米飯"
"臺中市","大雅區","臺中市大雅區六寶國小","2026/08/11","調味料"
"臺中市","大雅區","臺中市大雅區六寶國小","2026/08/11","青江菜"
"臺中市","大雅區","臺中市大雅區六寶國小","2026/08/12","南瓜炒蛋"
"臺中市","大雅區","臺中市大雅區六寶國小","2026/08/12","古早味油飯"
"臺中市","大雅區","臺中市大雅區六寶國小","2026/08/12","油菜"
"臺中市","大雅區","臺中市大雅區六寶國小","2026/08/12","紅豆湯"
"臺中市","大雅區","臺中市大雅區六寶國小","2026/08/12","調味料"
"臺中市","大雅區","臺中市大雅區六寶國小","2026/08/12","香酥雞腿"
"臺中市","大雅區","臺中市大雅區六寶國小","2026/08/13","日式味噌湯"
"臺中市","大雅區","臺中市大雅區六寶國小","2026/08/13","白米飯"
"臺中市","大雅區","臺中市大雅區六寶國小","2026/08/13","肉燥筍丁"
"臺中市","大雅區","臺中市大雅區六寶國小","2026/08/13","葡萄"
"臺中市","大雅區","臺中市大雅區六寶國小","2026/08/13","蚵白菜"
"臺中市","大雅區","臺中市大雅區六寶國小","2026/08/13","調味料"
"臺中市","大雅區","臺中市大雅區六寶國小","2026/08/13","鹽酥雞"
"臺中市","大雅區","臺中市大雅區六寶國小","2026/08/14","咖哩肉片"
"臺中市","大雅區","臺中市大雅區六寶國小","2026/08/14","安平蝦捲"
"臺中市","大雅區","臺中市大雅區六寶國小","2026/08/14","白米飯"
"臺中市","大雅區","臺中市大雅區六寶國小","2026/08/14","空心菜"
"臺中市","大雅區","臺中市大雅區六寶國小","2026/08/14","調味料"
"臺中市","大雅區","臺中市大雅區六寶國小","2026/08/14","香菇白玉湯"
"臺中市","大雅區","臺中市大雅區六寶國小","2026/08/17","木須炒蛋"
"臺中市","大雅區","臺中市大雅區六寶國小","2026/08/17","油菜"
"臺中市","大雅區","臺中市大雅區六寶國小","2026/08/17","海味金菇湯"
"臺中市","大雅區","臺中市大雅區六寶國小","2026/08/17","白米飯"
"臺中市","大雅區","臺中市大雅區六寶國小","2026/08/17","調味料"
"臺中市","大雅區","臺中市大雅區六寶國小","2026/08/17","香噴花枝排"
"臺中市","大雅區","臺中市大雅區六寶國小","2026/08/18","三杯雞"
"臺中市","大雅區","臺中市大雅區六寶國小","2026/08/18","元氣蔬菜湯"
"臺中市","大雅區","臺中市大雅區六寶國小","2026/08/18","海帶三絲"
"臺中市","大雅區","臺中市大雅區六寶國小","2026/08/18","白米飯"
"臺中市","大雅區","臺中市大雅區六寶國小","2026/08/18","空心菜"
"臺中市","大雅區","臺中市大雅區六寶國小","2026/08/18","芋香西米露"
"臺中市","大雅區","臺中市大雅區六寶國小","2026/08/18","調味料"
"臺中市","大雅區","臺中市大雅區六寶國小","2026/08/19","波霸奶茶"
"臺中市","大雅區","臺中市大雅區六寶國小","2026/08/19","百頁燴杏菇"
"臺中市","大雅區","臺中市大雅區六寶國小","2026/08/19","義大利肉醬麵"
"臺中市","大雅區","臺中市大雅區六寶國小","2026/08/19","蔥燒里肌排"
"臺中市","大雅區","臺中市大雅區六寶國小","2026/08/19","調味料"
"臺中市","大雅區","臺中市大雅區六寶國小","2026/08/19","青江菜"
"臺中市","大雅區","臺中市大雅區六寶國小","2026/08/20","打拋干丁"
"臺中市","大雅區","臺中市大雅區六寶國小","2026/08/20","白米飯"
"臺中市","大雅區","臺中市大雅區六寶國小","2026/08/20","蚵白菜"
"臺中市","大雅區","臺中市大雅區六寶國小","2026/08/20","調味料"
"臺中市","大雅區","臺中市大雅區六寶國小","2026/08/20","醬燒雞翅"
"臺中市","大雅區","臺中市大雅區六寶國小","2026/08/20","高麗菜湯"
"臺中市","大雅區","臺中市大雅區六寶國小","2026/08/20","龍眼"
"臺中市","大雅區","臺中市大雅區六寶國小","2026/08/21","冬瓜薑絲湯"
"臺中市","大雅區","臺中市大雅區六寶國小","2026/08/21","四季豆"
"臺中市","大雅區","臺中市大雅區六寶國小","2026/08/21","彩繪雞塊"
"臺中市","大雅區","臺中市大雅區六寶國小","2026/08/21","白米飯"
"臺中市","大雅區","臺中市大雅區六寶國小","2026/08/21","紅燒豬柳"
"臺中市","大雅區","臺中市大雅區六寶國小","2026/08/21","調味料"
"臺中市","大雅區","臺中市大雅區六寶國小","2026/08/24","咖哩雞丁"
"臺中市","大雅區","臺中市大雅區六寶國小","2026/08/24","白米飯"
"臺中市","大雅區","臺中市大雅區六寶國小","2026/08/24","調味料"
"臺中市","大雅區","臺中市大雅區六寶國小","2026/08/24","酸辣湯"
"臺中市","大雅區","臺中市大雅區六寶國小","2026/08/24","青花菜"
"臺中市","大雅區","臺中市大雅區六寶國小","2026/08/24","香噴肉塊"
"臺中市","大雅區","臺中市大雅區六寶國小","2026/08/25","榨菜什錦湯"
"臺中市","大雅區","臺中市大雅區六寶國小","2026/08/25","油菜"
"臺中市","大雅區","臺中市大雅區六寶國小","2026/08/25","淋汁福州丸"
"臺中市","大雅區","臺中市大雅區六寶國小","2026/08/25","白米飯"
"臺中市","大雅區","臺中市大雅區六寶國小","2026/08/25","調味料"
"臺中市","大雅區","臺中市大雅區六寶國小","2026/08/25","香酥魚排"
"臺中市","大雅區","臺中市大雅區六寶國小","2026/08/31","五穀飯"
"臺中市","大雅區","臺中市大雅區六寶國小","2026/08/31","滷台式大雞腿"
"臺中市","大雅區","臺中市大雅區六寶國小","2026/08/31","砂鍋魚"
"臺中市","大雅區","臺中市大雅區六寶國小","2026/08/31","蘿蔔排骨湯"
"臺中市","大雅區","臺中市大雅區六寶國小","2026/08/31","青花菜"
"臺中市","大雅區","臺中市大雅區六寶國小","2026/08/31","麻婆豆腐"
"臺中市","北區","臺中市北區國立臺中教育大學附設實驗國小","2026/08/31","台式大雞腿滷"
"臺中市","北區","臺中市北區國立臺中教育大學附設實驗國小","2026/08/31","炒油菜"
"臺中市","北區","臺中市北區國立臺中教育大學附設實驗國小","2026/08/31","砂鍋魚"
"臺中市","北區","臺中市北區國立臺中教育大學附設實驗國小","2026/08/31","胚芽飯"
"臺中市","北區","臺中市北區國立臺中教育大學附設實驗國小","2026/08/31","蘿蔔排骨湯"
"臺中市","北區","臺中市北區國立臺中教育大學附設實驗國小","2026/08/31","調味料"
"臺中市","北區","臺中市北區國立臺中教育大學附設實驗國小","2026/08/31","麻婆豆腐"
"臺中市","北區","臺中市北區國立臺中教育大學附設實驗國小","2026/08/31","健康飯"
"臺中市","北區","臺中市北區國立臺中教育大學附設實驗國小","2026/08/31","台式大雞腿"
"臺中市","北區","臺中市北區國立臺中教育大學附設實驗國小","2026/08/31","小白菜"
"臺中市","北區","臺中市北區國立臺中教育大學附設實驗國小","2026/08/31","砂鍋魚"
"臺中市","北區","臺中市北區國立臺中教育大學附設實驗國小","2026/08/31","蘿蔔排骨湯"
"臺中市","北區","臺中市北區國立臺中教育大學附設實驗國小","2026/08/31","調味料"
"臺中市","北區","臺中市北區國立臺中教育大學附設實驗國小","2026/08/31","麻婆豆腐"
"臺中市","西區","臺中市西區居仁國中","2026/08/31","台式大雞腿A"
"臺中市","西區","臺中市西區居仁國中","2026/08/31","燕麥飯"
"臺中市","西區","臺中市西區居仁國中","2026/08/31","砂鍋魚"
"臺中市","西區","臺中市西區居仁國中","2026/08/31","空心菜"
"臺中市","西區","臺中市西區居仁國中","2026/08/31","調味料"
"臺中市","西區","臺中市西區居仁國中","2026/08/31","麻婆豆腐"
"臺中市","西區","臺中市西區居仁國中","2026/08/31","台式大雞腿"
"臺中市","西區","臺中市西區居仁國中","2026/08/31","砂鍋魚"
"臺中市","西區","臺中市西區居仁國中","2026/08/31","胚芽飯"
"臺中市","西區","臺中市西區居仁國中","2026/08/31","調味料"
"臺中市","西區","臺中市西區居仁國中","2026/08/31","青江菜"
"臺中市","西區","臺中市西區居仁國中","2026/08/31","麻婆豆腐"
"臺中市","西區","臺中市西區居仁國中","2026/08/31","台式大雞腿"
"臺中市","西區","臺中市西區居仁國中","2026/08/31","小白菜"
"臺中市","西區","臺中市西區居仁國中","2026/08/31","小米飯"
"臺中市","西區","臺中市西區居仁國中","2026/08/31","砂鍋魚"
"臺中市","西區","臺中市西區居仁國中","2026/08/31","調味料"
"臺中市","西區","臺中市西區居仁國中","2026/08/31","麻婆豆腐"
"臺中市","西區","臺中市西區居仁國中","2026/08/31","台式大雞腿"
"臺中市","西區","臺中市西區居仁國中","2026/08/31","小米飯"
"臺中市","西區","臺中市西區居仁國中","2026/08/31","砂鍋魚"
"臺中市","西區","臺中市西區居仁國中","2026/08/31","蚵白菜"
"臺中市","西區","臺中市西區居仁國中","2026/08/31","調味料"
"臺中市","西區","臺中市西區居仁國中","2026/08/31","麻婆豆腐2"
"臺中市","北區","臺中市北區雙十國中","2026/08/31","健康飯"
"臺中市","北區","臺中市北區雙十國中","2026/08/31","台式大雞腿"
"臺中市","北區","臺中市北區雙十國中","2026/08/31","小白菜"
"臺中市","北區","臺中市北區雙十國中","2026/08/31","砂鍋魚"
"臺中市","北區","臺中市北區雙十國中","2026/08/31","蘿蔔排骨湯"
"臺中市","北區","臺中市北區雙十國中","2026/08/31","調味料"
"臺中市","北區","臺中市北區雙十國中","2026/08/31","麻婆豆腐"
"臺中市","北區","臺中市北區雙十國中","2026/08/31","台式大雞腿"
"臺中市","北區","臺中市北區雙十國中","2026/08/31","小米飯"
"臺中市","北區","臺中市北區雙十國中","2026/08/31","砂鍋魚"
"臺中市","北區","臺中市北區雙十國中","2026/08/31","蘿蔔排骨湯"
"臺中市","北區","臺中市北區雙十國中","2026/08/31","蚵白菜"
"臺中市","北區","臺中市北區雙十國中","2026/08/31","調味料"
"臺中市","北區","臺中市北區雙十國中","2026/08/31","麻婆豆腐2"
"臺中市","南區","臺中市南區崇倫國中","2026/08/31","台式大雞腿"
"臺中市","南區","臺中市南區崇倫國中","2026/08/31","砂鍋白菜(素)"
"臺中市","南區","臺中市南區崇倫國中","2026/08/31","砂鍋魚"
"臺中市","南區","臺中市南區崇倫國中","2026/08/31","素肉圓(素)"
"臺中市","南區","臺中市南區崇倫國中","2026/08/31","蒸蕃薯(素)"
"臺中市","南區","臺中市南區崇倫國中","2026/08/31","薑汁蚵白菜"
"臺中市","南區","臺中市南區崇倫國中","2026/08/31","薑汁蚵白菜(素)"
"臺中市","南區","臺中市南區崇倫國中","2026/08/31","蘿蔔排骨湯"
"臺中市","南區","臺中市南區崇倫國中","2026/08/31","調味料"
"臺中市","南區","臺中市南區崇倫國中","2026/08/31","麥片飯"
"臺中市","南區","臺中市南區崇倫國中","2026/08/31","麻婆豆腐"
"臺中市","南區","臺中市南區崇倫國中","2026/08/31","麻婆豆腐(素)"
"臺中市","北屯區","臺中市北屯區大德國中","2026/08/31","台式大雞腿"
"臺中市","北屯區","臺中市北屯區大德國中","2026/08/31","燕麥飯"
"臺中市","北屯區","臺中市北屯區大德國中","2026/08/31","砂鍋魚"
"臺中市","北屯區","臺中市北屯區大德國中","2026/08/31","肉燥空心菜"
"臺中市","北屯區","臺中市北屯區大德國中","2026/08/31","蘿蔔排骨湯"
"臺中市","北屯區","臺中市北屯區大德國中","2026/08/31","調味料"
"臺中市","北屯區","臺中市北屯區大德國中","2026/08/31","麻婆豆腐"
"臺中市","北屯區","臺中市北屯區北新國中","2026/08/31","(素食)筍香白菜"
"臺中市","北屯區","臺中市北屯區北新國中","2026/08/31","(素食)芹香蘿蔔湯"
"臺中市","北屯區","臺中市北屯區北新國中","2026/08/31","(素食)鮮菇燴美人腿"
"臺中市","北屯區","臺中市北屯區北新國中","2026/08/31","(素食)麻婆豆腐"
"臺中市","北屯區","臺中市北屯區北新國中","2026/08/31","台式大雞腿"
"臺中市","北屯區","臺中市北屯區北新國中","2026/08/31","白米飯"
"臺中市","北屯區","臺中市北屯區北新國中","2026/08/31","砂鍋魚"
"臺中市","北屯區","臺中市北屯區北新國中","2026/08/31","蘿蔔排骨湯"
"臺中市","北屯區","臺中市北屯區北新國中","2026/08/31","青江菜"
"臺中市","北屯區","臺中市北屯區北新國中","2026/08/31","麻婆豆腐"
"臺中市","東區","臺中市東區東峰國中","2026/08/31","台式大雞腿"
"臺中市","東區","臺中市東區東峰國中","2026/08/31","清蒸素肉圓"
"臺中市","東區","臺中市東區東峰國中","2026/08/31","炒青江菜"
"臺中市","東區","臺中市東區東峰國中","2026/08/31","砂鍋魚丁"
"臺中市","東區","臺中市東區東峰國中","2026/08/31","素海結蘿蔔湯"
"臺中市","東區","臺中市東區東峰國中","2026/08/31","素炒青江菜"
"臺中市","東區","臺中市東區東峰國中","2026/08/31","素焗烤洋芋"
"臺中市","東區","臺中市東區東峰國中","2026/08/31","素砂鍋豆腸"
"臺中市","東區","臺中市東區東峰國中","2026/08/31","素麻婆豆腐"
"臺中市","東區","臺中市東區東峰國中","2026/08/31","蘿蔔排骨湯"
"臺中市","東區","臺中市東區東峰國中","2026/08/31","調味料"
"臺中市","東區","臺中市東區東峰國中","2026/08/31","麥片飯"
"臺中市","東區","臺中市東區東峰國中","2026/08/31","麻婆豆腐"
"臺中市","南屯區","臺中市南屯區黎明國中","2026/08/31","有機黑葉白菜"
"臺中市","南屯區","臺中市南屯區黎明國中","2026/08/31","有機黑葉白菜(素)"
"臺中市","南屯區","臺中市南屯區黎明國中","2026/08/31","椒鹽毛豆莢(素)"
"臺中市","南屯區","臺中市南屯區黎明國中","2026/08/31","沙茶什錦(素)"
"臺中市","南屯區","臺中市南屯區黎明國中","2026/08/31","白米飯"
"臺中市","南屯區","臺中市南屯區黎明國中","2026/08/31","砂糖橘"
"臺中市","南屯區","臺中市南屯區黎明國中","2026/08/31","砂鍋魚丁"
"臺中市","南屯區","臺中市南屯區黎明國中","2026/08/31","肉燥豆腐(素)"
"臺中市","南屯區","臺中市南屯區黎明國中","2026/08/31","蔬菜排(素)"
"臺中市","南屯區","臺中市南屯區黎明國中","2026/08/31","蘿蔔排骨湯"
"臺中市","南屯區","臺中市南屯區黎明國中","2026/08/31","蘿蔔湯(素)"
"臺中市","南屯區","臺中市南屯區黎明國中","2026/08/31","調味料"
"臺中市","南屯區","臺中市南屯區黎明國中","2026/08/31","霸王雞腿"
"臺中市","南屯區","臺中市南屯區黎明國中","2026/08/31","麻婆豆腐"
"臺中市","西區","臺中市西區光明國中","2026/08/31","台式大雞腿"
"臺中市","西區","臺中市西區光明國中","2026/08/31","炒油菜"
"臺中市","西區","臺中市西區光明國中","2026/08/31","砂鍋魚"
"臺中市","西區","臺中市西區光明國中","2026/08/31","素五彩腰花"
"臺中市","西區","臺中市西區光明國中","2026/08/31","素炒油菜"
"臺中市","西區","臺中市西區光明國中","2026/08/31","素焗烤蔬菜盒"
"臺中市","西區","臺中市西區光明國中","2026/08/31","素砂鍋豆腸"
"臺中市","西區","臺中市西區光明國中","2026/08/31","素蘿蔔鮮菇湯"
"臺中市","西區","臺中市西區光明國中","2026/08/31","素麻婆豆腐"
"臺中市","西區","臺中市西區光明國中","2026/08/31","蕎麥飯"
"臺中市","西區","臺中市西區光明國中","2026/08/31","蘿蔔排骨湯"
"臺中市","西區","臺中市西區光明國中","2026/08/31","調味料"
"臺中市","西區","臺中市西區光明國中","2026/08/31","麻婆豆腐"
"臺中市","西區","臺中市西區向上國中","2026/08/31","台式大雞腿"
"臺中市","西區","臺中市西區向上國中","2026/08/31","清蒸素肉圓"
"臺中市","西區","臺中市西區向上國中","2026/08/31","炒青江菜"
"臺中市","西區","臺中市西區向上國中","2026/08/31","砂鍋魚丁"
"臺中市","西區","臺中市西區向上國中","2026/08/31","素海結蘿蔔湯"
"臺中市","西區","臺中市西區向上國中","2026/08/31","素炒青江菜"
"臺中市","西區","臺中市西區向上國中","2026/08/31","素焗烤洋芋"
"臺中市","西區","臺中市西區向上國中","2026/08/31","素砂鍋豆腸"
"臺中市","西區","臺中市西區向上國中","2026/08/31","素麻婆豆腐"
"臺中市","西區","臺中市西區向上國中","2026/08/31","蘿蔔排骨湯"
"臺中市","西區","臺中市西區向上國中","2026/08/31","調味料"
"臺中市","西區","臺中市西區向上國中","2026/08/31","麥片飯"
"臺中市","西區","臺中市西區向上國中","2026/08/31","麻婆豆腐"
"臺中市","東區","臺中市東區育英國中","2026/08/31","健康飯"
"臺中市","東區","臺中市東區育英國中","2026/08/31","台式大雞腿"
"臺中市","東區","臺中市東區育英國中","2026/08/31","砂鍋魚"
"臺中市","東區","臺中市東區育英國中","2026/08/31","素砂鍋獅子頭"
"臺中市","東區","臺中市東區育英國中","2026/08/31","素鮮蔬蒸餃"
"臺中市","東區","臺中市東區育英國中","2026/08/31","素麻婆豆腐"
"臺中市","東區","臺中市東區育英國中","2026/08/31","蒜香青江菜"
"臺中市","東區","臺中市東區育英國中","2026/08/31","薑香青江菜"
"臺中市","東區","臺中市東區育英國中","2026/08/31","蘿蔔排骨湯"
"臺中市","東區","臺中市東區育英國中","2026/08/31","蘿蔔玉米湯"
"臺中市","東區","臺中市東區育英國中","2026/08/31","調味料"
"臺中市","東區","臺中市東區育英國中","2026/08/31","酥炸大豆包"
"臺中市","東區","臺中市東區育英國中","2026/08/31","麻婆豆腐"
"臺中市","南區","臺中市南區四育國中","2026/08/31","台式大雞腿(不含幼兒園)"
"臺中市","南區","臺中市南區四育國中","2026/08/31","地瓜飯"
"臺中市","南區","臺中市南區四育國中","2026/08/31","砂鍋魚"
"臺中市","南區","臺中市南區四育國中","2026/08/31","素砂鍋素肚"
"臺中市","南區","臺中市南區四育國中","2026/08/31","素胡麻秋葵"
"臺中市","南區","臺中市南區四育國中","2026/08/31","素芹香蘿蔔湯"
"臺中市","南區","臺中市南區四育國中","2026/08/31","素鮮奶芋泥捲(不含幼兒園)"
"臺中市","南區","臺中市南區四育國中","2026/08/31","素麻婆豆腐"
"臺中市","南區","臺中市南區四育國中","2026/08/31","蘿蔔排骨湯"
"臺中市","南區","臺中市南區四育國中","2026/08/31","蚵白菜"
"臺中市","南區","臺中市南區四育國中","2026/08/31","調味料"
"臺中市","南區","臺中市南區四育國中","2026/08/31","麻婆豆腐"
"臺中市","北區","臺中市北區五權國中","2026/08/31","台式大雞腿1150831"
"臺中市","北區","臺中市北區五權國中","2026/08/31","滷素排(素)1150831"
"臺中市","北區","臺中市北區五權國中","2026/08/31","砂鍋豆腸(素)1150831"
"臺中市","北區","臺中市北區五權國中","2026/08/31","砂鍋魚丁1150831"
"臺中市","北區","臺中市北區五權國中","2026/08/31","薑汁蚵白菜1150831"
"臺中市","北區","臺中市北區五權國中","2026/08/31","蘿蔔排骨湯1150831"
"臺中市","北區","臺中市北區五權國中","2026/08/31","蘿蔔湯(素)1150831"
"臺中市","北區","臺中市北區五權國中","2026/08/31","麥片飯1150831"
"臺中市","北區","臺中市北區五權國中","2026/08/31","麻婆豆腐1150831"
"臺中市","西屯區","臺中市西屯區中山國中","2026/08/31","五穀飯"
"臺中市","西屯區","臺中市西屯區中山國中","2026/08/31","滷台式大雞腿"
"臺中市","西屯區","臺中市西屯區中山國中","2026/08/31","砂鍋魚"
"臺中市","西屯區","臺中市西屯區中山國中","2026/08/31","蘿蔔排骨湯"
"臺中市","西屯區","臺中市西屯區中山國中","2026/08/31","青花菜"
"臺中市","西屯區","臺中市西屯區中山國中","2026/08/31","麻婆豆腐"
"臺中市","北屯區","臺中市北屯區崇德國中","2026/08/31","台式大雞腿"
"臺中市","北屯區","臺中市北屯區崇德國中","2026/08/31","彩椒素雞(素)"
"臺中市","北屯區","臺中市北屯區崇德國中","2026/08/31","炒油菜"
"臺中市","北屯區","臺中市北屯區崇德國中","2026/08/31","牛蒡蘿蔔湯(素)"
"臺中市","北屯區","臺中市北屯區崇德國中","2026/08/31","砂鍋魚"
"臺中市","北屯區","臺中市北屯區崇德國中","2026/08/31","胚芽飯"
"臺中市","北屯區","臺中市北屯區崇德國中","2026/08/31","菇淋翠玉捲(素)"
"臺中市","北屯區","臺中市北屯區崇德國中","2026/08/31","蘿蔔排骨湯"
"臺中市","北屯區","臺中市北屯區崇德國中","2026/08/31","調味料"
"臺中市","北屯區","臺中市北屯區崇德國中","2026/08/31","鮮菇絲瓜(素)"
"臺中市","北屯區","臺中市北屯區崇德國中","2026/08/31","鳳梨木耳(素)"
"臺中市","北屯區","臺中市北屯區崇德國中","2026/08/31","麻婆豆腐"
"臺中市","北屯區","臺中市北屯區崇德國中","2026/08/31","麻婆豆腐(素)"
"臺中市","北屯區","臺中市北屯區崇德國中","2026/08/31","台式大雞腿"
"臺中市","北屯區","臺中市北屯區崇德國中","2026/08/31","塔香茄子(素)"
"臺中市","北屯區","臺中市北屯區崇德國中","2026/08/31","油菜"
"臺中市","北屯區","臺中市北屯區崇德國中","2026/08/31","砂鍋魚"
"臺中市","北屯區","臺中市北屯區崇德國中","2026/08/31","胚芽飯"
"臺中市","北屯區","臺中市北屯區崇德國中","2026/08/31","蘆筍山藥(素)"
"臺中市","北屯區","臺中市北屯區崇德國中","2026/08/31","蘿蔔排骨湯"
"臺中市","北屯區","臺中市北屯區崇德國中","2026/08/31","蘿蔔湯(素)"
"臺中市","北屯區","臺中市北屯區崇德國中","2026/08/31","調味料"
"臺中市","北屯區","臺中市北屯區崇德國中","2026/08/31","豆干杏鮑菇(素)"
"臺中市","北屯區","臺中市北屯區崇德國中","2026/08/31","醋溜川耳(素)"
"臺中市","北屯區","臺中市北屯區崇德國中","2026/08/31","香蕉"
"臺中市","北屯區","臺中市北屯區崇德國中","2026/08/31","麻婆豆腐"
"臺中市","北屯區","臺中市北屯區崇德國中","2026/08/31","麻婆豆腐(素)"
"臺中市","北屯區","臺中市北屯區崇德國中","2026/08/31","健康飯"
"臺中市","北屯區","臺中市北屯區崇德國中","2026/08/31","台式大雞腿"
"臺中市","北屯區","臺中市北屯區崇德國中","2026/08/31","家常粉絲(素)"
"臺中市","北屯區","臺中市北屯區崇德國中","2026/08/31","小白菜"
"臺中市","北屯區","臺中市北屯區崇德國中","2026/08/31","小白菜(素)"
"臺中市","北屯區","臺中市北屯區崇德國中","2026/08/31","彩繪花椰(素)"
"臺中市","北屯區","臺中市北屯區崇德國中","2026/08/31","梅干豆包(素)"
"臺中市","北屯區","臺中市北屯區崇德國中","2026/08/31","海帶花生(素)"
"臺中市","北屯區","臺中市北屯區崇德國中","2026/08/31","猴頭菇燴什錦(素)"
"臺中市","北屯區","臺中市北屯區崇德國中","2026/08/31","砂鍋魚"
"臺中市","北屯區","臺中市北屯區崇德國中","2026/08/31","蘿蔔排骨湯"
"臺中市","北屯區","臺中市北屯區崇德國中","2026/08/31","蘿蔔鮮菇湯(素)"
"臺中市","北屯區","臺中市北屯區崇德國中","2026/08/31","調味料"
"臺中市","北屯區","臺中市北屯區崇德國中","2026/08/31","香蕉"
"臺中市","北屯區","臺中市北屯區崇德國中","2026/08/31","麻婆豆腐"
"臺中市","北區","臺中市北區立人國中","2026/08/31","五穀飯"
"臺中市","北區","臺中市北區立人國中","2026/08/31","滷台式大雞腿"
"臺中市","北區","臺中市北區立人國中","2026/08/31","砂鍋魚"
"臺中市","北區","臺中市北區立人國中","2026/08/31","蘿蔔排骨湯"
"臺中市","北區","臺中市北區立人國中","2026/08/31","青花菜"
"臺中市","北區","臺中市北區立人國中","2026/08/31","麻婆豆腐"
"臺中市","西屯區","臺中市西屯區漢口國中","2026/08/31","台式大雞腿"
"臺中市","西屯區","臺中市西屯區漢口國中","2026/08/31","油菜"
"臺中市","西屯區","臺中市西屯區漢口國中","2026/08/31","砂鍋魚"
"臺中市","西屯區","臺中市西屯區漢口國中","2026/08/31","胚芽飯"
"臺中市","西屯區","臺中市西屯區漢口國中","2026/08/31","蘿蔔排骨湯"
"臺中市","西屯區","臺中市西屯區漢口國中","2026/08/31","調味料"
"臺中市","西屯區","臺中市西屯區漢口國中","2026/08/31","麻婆豆腐"
"臺中市","西屯區","臺中市西屯區漢口國中","2026/08/31","健康飯"
"臺中市","西屯區","臺中市西屯區漢口國中","2026/08/31","台式大雞腿"
"臺中市","西屯區","臺中市西屯區漢口國中","2026/08/31","小白菜"
"臺中市","西屯區","臺中市西屯區漢口國中","2026/08/31","砂鍋魚"
"臺中市","西屯區","臺中市西屯區漢口國中","2026/08/31","蘿蔔排骨湯"
"臺中市","西屯區","臺中市西屯區漢口國中","2026/08/31","調味料"
"臺中市","西屯區","臺中市西屯區漢口國中","2026/08/31","麻婆豆腐"
"臺中市","西屯區","臺中市西屯區漢口國中","2026/08/31","台式大雞腿"
"臺中市","西屯區","臺中市西屯區漢口國中","2026/08/31","小米飯"
"臺中市","西屯區","臺中市西屯區漢口國中","2026/08/31","砂鍋魚"
"臺中市","西屯區","臺中市西屯區漢口國中","2026/08/31","蘿蔔排骨湯"
"臺中市","西屯區","臺中市西屯區漢口國中","2026/08/31","蚵白菜"
"臺中市","西屯區","臺中市西屯區漢口國中","2026/08/31","調味料"
"臺中市","西屯區","臺中市西屯區漢口國中","2026/08/31","麻婆豆腐2"
"臺中市","西屯區","臺中市西屯區安和國中","2026/08/31","台式大雞腿"
"臺中市","西屯區","臺中市西屯區安和國中","2026/08/31","小米飯"
"臺中市","西屯區","臺中市西屯區安和國中","2026/08/31","油菜"
"臺中市","西屯區","臺中市西屯區安和國中","2026/08/31","砂鍋魚"
"臺中市","西屯區","臺中市西屯區安和國中","2026/08/31","蘿蔔排骨湯"
"臺中市","西屯區","臺中市西屯區安和國中","2026/08/31","調味料"
"臺中市","西屯區","臺中市西屯區安和國中","2026/08/31","麻婆豆腐"
"臺中市","西屯區","臺中市西屯區至善國中","2026/08/31","(素)佛跳牆"
"臺中市","西屯區","臺中市西屯區至善國中","2026/08/31","(素)燒賣"
"臺中市","西屯區","臺中市西屯區至善國中","2026/08/31","(素)蘿蔔湯"
"臺中市","西屯區","臺中市西屯區至善國中","2026/08/31","(素)雲菜捲"
"臺中市","西屯區","臺中市西屯區至善國中","2026/08/31","(素)麻婆豆腐"
"臺中市","西屯區","臺中市西屯區至善國中","2026/08/31","台式大雞腿"
"臺中市","西屯區","臺中市西屯區至善國中","2026/08/31","白米飯"
"臺中市","西屯區","臺中市西屯區至善國中","2026/08/31","砂鍋魚"
"臺中市","西屯區","臺中市西屯區至善國中","2026/08/31","蘿蔔排骨湯"
"臺中市","西屯區","臺中市西屯區至善國中","2026/08/31","調味料"
"臺中市","西屯區","臺中市西屯區至善國中","2026/08/31","青江菜"
"臺中市","西屯區","臺中市西屯區至善國中","2026/08/31","麻婆豆腐"
"臺中市","南屯區","臺中市南屯區萬和國中","2026/08/31","五穀飯"
"臺中市","南屯區","臺中市南屯區萬和國中","2026/08/31","滷台式大雞腿"
"臺中市","南屯區","臺中市南屯區萬和國中","2026/08/31","砂鍋魚"
"臺中市","南屯區","臺中市南屯區萬和國中","2026/08/31","蘿蔔排骨湯"
"臺中市","南屯區","臺中市南屯區萬和國中","2026/08/31","調味料"
"臺中市","南屯區","臺中市南屯區萬和國中","2026/08/31","青花菜"
"臺中市","南屯區","臺中市南屯區萬和國中","2026/08/31","麻婆豆腐"
"臺中市","南屯區","臺中市南屯區大業國中","2026/08/31","台式大雞腿"
"臺中市","南屯區","臺中市南屯區大業國中","2026/08/31","燕麥飯"
"臺中市","南屯區","臺中市南屯區大業國中","2026/08/31","猴頭菇(素)"
"臺中市","南屯區","臺中市南屯區大業國中","2026/08/31","白果山藥(素)"
"臺中市","南屯區","臺中市南屯區大業國中","2026/08/31","砂鍋白菜(素)"
"臺中市","南屯區","臺中市南屯區大業國中","2026/08/31","砂鍋魚"
"臺中市","南屯區","臺中市南屯區大業國中","2026/08/31","福山萵苣"
"臺中市","南屯區","臺中市南屯區大業國中","2026/08/31","福山萵苣(素)"
"臺中市","南屯區","臺中市南屯區大業國中","2026/08/31","蘿蔔排骨湯"
"臺中市","南屯區","臺中市南屯區大業國中","2026/08/31","蘿蔔玉米湯(素)"
"臺中市","南屯區","臺中市南屯區大業國中","2026/08/31","調味料"
"臺中市","南屯區","臺中市南屯區大業國中","2026/08/31","麻婆豆腐"
"臺中市","南屯區","臺中市南屯區大業國中","2026/08/31","麻婆豆腐(素)"
"臺中市","北屯區","臺中市北屯區三光國中","2026/08/31","五穀飯"
"臺中市","北屯區","臺中市北屯區三光國中","2026/08/31","滷台式大雞腿"
"臺中市","北屯區","臺中市北屯區三光國中","2026/08/31","砂鍋魚"
"臺中市","北屯區","臺中市北屯區三光國中","2026/08/31","蘿蔔排骨湯"
"臺中市","北屯區","臺中市北屯區三光國中","2026/08/31","青花菜"
"臺中市","北屯區","臺中市北屯區三光國中","2026/08/31","麻婆豆腐"
"臺中市","北屯區","臺中市北屯區四張犁國中","2026/08/31","台式大雞腿"
"臺中市","北屯區","臺中市北屯區四張犁國中","2026/08/31","小米飯"
"臺中市","北屯區","臺中市北屯區四張犁國中","2026/08/31","炒茭白筍(素)"
"臺中市","北屯區","臺中市北屯區四張犁國中","2026/08/31","砂鍋魚"
"臺中市","北屯區","臺中市北屯區四張犁國中","2026/08/31","素雲菜捲(素)"
"臺中市","北屯區","臺中市北屯區四張犁國中","2026/08/31","翠綠青江菜"
"臺中市","北屯區","臺中市北屯區四張犁國中","2026/08/31","翠綠青江菜(素)"
"臺中市","北屯區","臺中市北屯區四張犁國中","2026/08/31","蘿蔔排骨湯"
"臺中市","北屯區","臺中市北屯區四張犁國中","2026/08/31","蘿蔔豆皮湯(素)"
"臺中市","北屯區","臺中市北屯區四張犁國中","2026/08/31","調味料"
"臺中市","北屯區","臺中市北屯區四張犁國中","2026/08/31","麻婆豆腐"
"臺中市","北屯區","臺中市北屯區四張犁國中","2026/08/31","麻婆豆腐(素)"
"臺中市","西屯區","臺中市西屯區福科國中","2026/08/31","(素)猴頭菇燴什錦"
"臺中市","西屯區","臺中市西屯區福科國中","2026/08/31","(素)砂鍋素魚"
"臺中市","西屯區","臺中市西屯區福科國中","2026/08/31","(素)素麻婆豆腐"
"臺中市","西屯區","臺中市西屯區福科國中","2026/08/31","(素)芹香排骨湯"
"臺中市","西屯區","臺中市西屯區福科國中","2026/08/31","台式大雞腿"
"臺中市","西屯區","臺中市西屯區福科國中","2026/08/31","小米飯"
"臺中市","西屯區","臺中市西屯區福科國中","2026/08/31","油菜"
"臺中市","西屯區","臺中市西屯區福科國中","2026/08/31","砂鍋魚"
"臺中市","西屯區","臺中市西屯區福科國中","2026/08/31","蘿蔔排骨湯"
"臺中市","西屯區","臺中市西屯區福科國中","2026/08/31","調味料"
"臺中市","西屯區","臺中市西屯區福科國中","2026/08/31","麻婆豆腐"
"臺中市","南屯區","臺中市南屯區大墩國中","2026/08/31","(素)有機黑葉白菜"
"臺中市","南屯區","臺中市南屯區大墩國中","2026/08/31","(素)炒美人腿"
"臺中市","南屯區","臺中市南屯區大墩國中","2026/08/31","(素)燕麥葡萄鬆糕"
"臺中市","南屯區","臺中市南屯區大墩國中","2026/08/31","(素)砂鍋麵腸"
"臺中市","南屯區","臺中市南屯區大墩國中","2026/08/31","(素)蘿蔔湯"
"臺中市","南屯區","臺中市南屯區大墩國中","2026/08/31","(素)麻婆豆腐"
"臺中市","南屯區","臺中市南屯區大墩國中","2026/08/31","地瓜飯"
"臺中市","南屯區","臺中市南屯區大墩國中","2026/08/31","有機黑葉白菜"
"臺中市","南屯區","臺中市南屯區大墩國中","2026/08/31","砂鍋魚丁"
"臺中市","南屯區","臺中市南屯區大墩國中","2026/08/31","蘿蔔排骨湯"
"臺中市","南屯區","臺中市南屯區大墩國中","2026/08/31","調味料"
"臺中市","南屯區","臺中市南屯區大墩國中","2026/08/31","霸王雞腿"
"臺中市","南屯區","臺中市南屯區大墩國中","2026/08/31","麻婆豆腐"
"臺中市","中區","臺中市中區光復國小","2026/08/31","台式大雞腿"
"臺中市","中區","臺中市中區光復國小","2026/08/31","小米飯"
"臺中市","中區","臺中市中區光復國小","2026/08/31","油菜"
"臺中市","中區","臺中市中區光復國小","2026/08/31","砂鍋白菜(素)"
"臺中市","中區","臺中市中區光復國小","2026/08/31","砂鍋魚"
"臺中市","中區","臺中市中區光復國小","2026/08/31","芹香蘿蔔湯(素)"
"臺中市","中區","臺中市中區光復國小","2026/08/31","蘿蔔排骨湯"
"臺中市","中區","臺中市中區光復國小","2026/08/31","調味料"
"臺中市","中區","臺中市中區光復國小","2026/08/31","豆蔬蛋白捲(素)"
"臺中市","中區","臺中市中區光復國小","2026/08/31","香滷豆腐(素)"
"臺中市","中區","臺中市中區光復國小","2026/08/31","麻婆豆腐"
"臺中市","中區","臺中市中區光復國小","2026/08/31","麻香猴頭菇(素)"
"臺中市","東區","臺中市東區臺中國小","2026/08/31","台式大雞腿"
"臺中市","東區","臺中市東區臺中國小","2026/08/31","砂鍋豆腸"
"臺中市","東區","臺中市東區臺中國小","2026/08/31","砂鍋魚丁"
"臺中市","東區","臺中市東區臺中國小","2026/08/31","素麻婆豆腐"
"臺中市","東區","臺中市東區臺中國小","2026/08/31","芝麻飯"
"臺中市","東區","臺中市東區臺中國小","2026/08/31","蘿蔔排骨湯"
"臺中市","東區","臺中市東區臺中國小","2026/08/31","蘿蔔湯"
"臺中市","東區","臺中市東區臺中國小","2026/08/31","調味料"
"臺中市","東區","臺中市東區臺中國小","2026/08/31","酥炸素雲菜捲"
"臺中市","東區","臺中市東區臺中國小","2026/08/31","青江菜"
"臺中市","東區","臺中市東區臺中國小","2026/08/31","麻婆豆腐"
"臺中市","東區","臺中市東區大智國小","2026/08/31","健康飯"
"臺中市","東區","臺中市東區大智國小","2026/08/31","台式大雞腿"
"臺中市","東區","臺中市東區大智國小","2026/08/31","季節時蔬"
"臺中市","東區","臺中市東區大智國小","2026/08/31","砂鍋魚"
"臺中市","東區","臺中市東區大智國小","2026/08/31","蘿蔔排骨湯"
"臺中市","東區","臺中市東區大智國小","2026/08/31","調味料"
"臺中市","東區","臺中市東區大智國小","2026/08/31","麻婆豆腐"
"臺中市","東區","臺中市東區成功國小","2026/08/31","五穀米飯(開學)"
"臺中市","東區","臺中市東區成功國小","2026/08/31","台式大雞腿"
"臺中市","東區","臺中市東區成功國小","2026/08/31","砂鍋魚"
"臺中市","東區","臺中市東區成功國小","2026/08/31","素菇菇白菜滷"
"臺中市","東區","臺中市東區成功國小","2026/08/31","素蘿蔔湯"
"臺中市","東區","臺中市東區成功國小","2026/08/31","素香雞排"
"臺中市","東區","臺中市東區成功國小","2026/08/31","素麻婆豆腐"
"臺中市","東區","臺中市東區成功國小","2026/08/31","蘿蔔排骨湯"
"臺中市","東區","臺中市東區成功國小","2026/08/31","調味料"
"臺中市","東區","臺中市東區成功國小","2026/08/31","高麗菜"
"臺中市","東區","臺中市東區成功國小","2026/08/31","麻婆豆腐"
"臺中市","東區","臺中市東區進德國小","2026/08/31","台式大雞腿"
"臺中市","東區","臺中市東區進德國小","2026/08/31","油菜"
"臺中市","東區","臺中市東區進德國小","2026/08/31","砂鍋魚"
"臺中市","東區","臺中市東區進德國小","2026/08/31","胚芽飯"
"臺中市","東區","臺中市東區進德國小","2026/08/31","蘿蔔排骨湯"
"臺中市","東區","臺中市東區進德國小","2026/08/31","調味料"
"臺中市","東區","臺中市東區進德國小","2026/08/31","麻婆豆腐"
"臺中市","東區","臺中市東區力行國小","2026/08/31","台式大雞腿"
"臺中市","東區","臺中市東區力行國小","2026/08/31","砂鍋魚"
"臺中市","東區","臺中市東區力行國小","2026/08/31","素三杯豆腸"
"臺中市","東區","臺中市東區力行國小","2026/08/31","素塔香茄子"
"臺中市","東區","臺中市東區力行國小","2026/08/31","素沙拉鮮筍"
"臺中市","東區","臺中市東區力行國小","2026/08/31","素紅燒蛋豆腐"
"臺中市","東區","臺中市東區力行國小","2026/08/31","藜麥飯"
"臺中市","東區","臺中市東區力行國小","2026/08/31","蘿蔔排骨湯"
"臺中市","東區","臺中市東區力行國小","2026/08/31","蚵白菜"
"臺中市","東區","臺中市東區力行國小","2026/08/31","調味料"
"臺中市","東區","臺中市東區力行國小","2026/08/31","麻婆豆腐"
"臺中市","東區","臺中市東區樂業國小","2026/08/31","健康飯"
"臺中市","東區","臺中市東區樂業國小","2026/08/31","台式大雞腿"
"臺中市","東區","臺中市東區樂業國小","2026/08/31","小白菜"
"臺中市","東區","臺中市東區樂業國小","2026/08/31","砂鍋魚"
"臺中市","東區","臺中市東區樂業國小","2026/08/31","蘿蔔排骨湯"
"臺中市","東區","臺中市東區樂業國小","2026/08/31","調味料"
"臺中市","東區","臺中市東區樂業國小","2026/08/31","麻婆豆腐"
"臺中市","西區","臺中市西區忠孝國小","2026/08/31","台式大雞腿(不含幼兒園)"
"臺中市","西區","臺中市西區忠孝國小","2026/08/31","味噌湯"
"臺中市","西區","臺中市西區忠孝國小","2026/08/31","小米飯"
"臺中市","西區","臺中市西區忠孝國小","2026/08/31","日式咖哩雞(含幼兒園)"
"臺中市","西區","臺中市西區忠孝國小","2026/08/31","椒鹽魷魚丸"
"臺中市","西區","臺中市西區忠孝國小","2026/08/31","莧菜"
"臺中市","西區","臺中市西區忠孝國小","2026/08/31","調味料"
"臺中市","西區","臺中市西區忠信國小","2026/08/31","台式大雞腿"
"臺中市","西區","臺中市西區忠信國小","2026/08/31","小米飯"
"臺中市","西區","臺中市西區忠信國小","2026/08/31","炒油菜"
"臺中市","西區","臺中市西區忠信國小","2026/08/31","砂鍋魚"
"臺中市","西區","臺中市西區忠信國小","2026/08/31","蘿蔔排骨湯"
"臺中市","西區","臺中市西區忠信國小","2026/08/31","調味料"
"臺中市","西區","臺中市西區忠信國小","2026/08/31","麻婆豆腐"
"臺中市","西區","臺中市西區大同國小","2026/08/31","台式大雞腿"
"臺中市","西區","臺中市西區大同國小","2026/08/31","油菜"
"臺中市","西區","臺中市西區大同國小","2026/08/31","砂鍋魚"
"臺中市","西區","臺中市西區大同國小","2026/08/31","蘿蔔排骨湯"
"臺中市","西區","臺中市西區大同國小","2026/08/31","調味料"
"臺中市","西區","臺中市西區大同國小","2026/08/31","麥片飯"
"臺中市","西區","臺中市西區大同國小","2026/08/31","麻婆豆腐"
"臺中市","西區","臺中市西區忠明國小","2026/08/31","台式大雞腿"
"臺中市","西區","臺中市西區忠明國小","2026/08/31","小米飯"
"臺中市","西區","臺中市西區忠明國小","2026/08/31","油菜"
"臺中市","西區","臺中市西區忠明國小","2026/08/31","砂鍋白菜(素)"
"臺中市","西區","臺中市西區忠明國小","2026/08/31","砂鍋魚"
"臺中市","西區","臺中市西區忠明國小","2026/08/31","芹香蘿蔔湯(素)"
"臺中市","西區","臺中市西區忠明國小","2026/08/31","蘿蔔排骨湯"
"臺中市","西區","臺中市西區忠明國小","2026/08/31","調味料"
"臺中市","西區","臺中市西區忠明國小","2026/08/31","豆蔬蛋白捲(素)"
"臺中市","西區","臺中市西區忠明國小","2026/08/31","香滷豆腐(素)"
"臺中市","西區","臺中市西區忠明國小","2026/08/31","麻婆豆腐"
"臺中市","西區","臺中市西區忠明國小","2026/08/31","麻香猴頭菇(素)"
"臺中市","西區","臺中市西區中正國小","2026/08/31","台式大雞腿"
"臺中市","西區","臺中市西區中正國小","2026/08/31","小米飯"
"臺中市","西區","臺中市西區中正國小","2026/08/31","炒油菜"
"臺中市","西區","臺中市西區中正國小","2026/08/31","砂鍋魚"
"臺中市","西區","臺中市西區中正國小","2026/08/31","蘿蔔排骨湯"
"臺中市","西區","臺中市西區中正國小","2026/08/31","調味料"
"臺中市","西區","臺中市西區中正國小","2026/08/31","麻婆豆腐"
"臺中市","南區","臺中市南區和平國小","2026/08/31","台式大雞腿(不含幼兒園)"
"臺中市","南區","臺中市南區和平國小","2026/08/31","地瓜飯"
"臺中市","南區","臺中市南區和平國小","2026/08/31","砂鍋魚"
"臺中市","南區","臺中市南區和平國小","2026/08/31","素砂鍋素肚"
"臺中市","南區","臺中市南區和平國小","2026/08/31","素胡麻秋葵"
"臺中市","南區","臺中市南區和平國小","2026/08/31","素芹香蘿蔔湯"
"臺中市","南區","臺中市南區和平國小","2026/08/31","素鮮奶芋泥捲(不含幼兒園)"
"臺中市","南區","臺中市南區和平國小","2026/08/31","素麻婆豆腐"
"臺中市","南區","臺中市南區和平國小","2026/08/31","蘿蔔排骨湯"
"臺中市","南區","臺中市南區和平國小","2026/08/31","蚵白菜"
"臺中市","南區","臺中市南區和平國小","2026/08/31","調味料"
"臺中市","南區","臺中市南區和平國小","2026/08/31","麻婆豆腐"
"臺中市","南區","臺中市南區國光國小","2026/08/31","五穀米飯(開學)"
"臺中市","南區","臺中市南區國光國小","2026/08/31","台式大雞腿"
"臺中市","南區","臺中市南區國光國小","2026/08/31","砂鍋魚"
"臺中市","南區","臺中市南區國光國小","2026/08/31","素菇菇白菜滷"
"臺中市","南區","臺中市南區國光國小","2026/08/31","素蘿蔔湯"
"臺中市","南區","臺中市南區國光國小","2026/08/31","素香雞排"
"臺中市","南區","臺中市南區國光國小","2026/08/31","素麻婆豆腐"
"臺中市","南區","臺中市南區國光國小","2026/08/31","蘿蔔排骨湯"
"臺中市","南區","臺中市南區國光國小","2026/08/31","調味料"
"臺中市","南區","臺中市南區國光國小","2026/08/31","高麗菜"
"臺中市","南區","臺中市南區國光國小","2026/08/31","麻婆豆腐"
"臺中市","南區","臺中市南區信義國小","2026/08/31","台式大雞腿"
"臺中市","南區","臺中市南區信義國小","2026/08/31","燕麥飯"
"臺中市","南區","臺中市南區信義國小","2026/08/31","砂鍋魚"
"臺中市","南區","臺中市南區信義國小","2026/08/31","肉燥空心菜"
"臺中市","南區","臺中市南區信義國小","2026/08/31","蘿蔔排骨湯"
"臺中市","南區","臺中市南區信義國小","2026/08/31","調味料"
"臺中市","南區","臺中市南區信義國小","2026/08/31","麻婆豆腐"
"臺中市","南區","臺中市南區信義國小","2026/08/31","台式大雞腿"
"臺中市","南區","臺中市南區信義國小","2026/08/31","砂鍋魚"
"臺中市","南區","臺中市南區信義國小","2026/08/31","胚芽飯"
"臺中市","南區","臺中市南區信義國小","2026/08/31","蘿蔔排骨湯"
"臺中市","南區","臺中市南區信義國小","2026/08/31","調味料"
"臺中市","南區","臺中市南區信義國小","2026/08/31","青江菜"
"臺中市","南區","臺中市南區信義國小","2026/08/31","麻婆豆腐"
"臺中市","南區","臺中市南區信義國小","2026/08/31","健康飯"
"臺中市","南區","臺中市南區信義國小","2026/08/31","台式大雞腿"
"臺中市","南區","臺中市南區信義國小","2026/08/31","小白菜"
"臺中市","南區","臺中市南區信義國小","2026/08/31","砂鍋魚"
"臺中市","南區","臺中市南區信義國小","2026/08/31","蘿蔔排骨湯"
"臺中市","南區","臺中市南區信義國小","2026/08/31","調味料"
"臺中市","南區","臺中市南區信義國小","2026/08/31","麻婆豆腐"
"臺中市","北區","臺中市北區太平國小","2026/08/31","台式大雞腿"
"臺中市","北區","臺中市北區太平國小","2026/08/31","砂鍋魚"
"臺中市","北區","臺中市北區太平國小","2026/08/31","素三杯豆腸"
"臺中市","北區","臺中市北區太平國小","2026/08/31","素塔香茄子"
"臺中市","北區","臺中市北區太平國小","2026/08/31","素沙拉鮮筍"
"臺中市","北區","臺中市北區太平國小","2026/08/31","素紅燒蛋豆腐"
"臺中市","北區","臺中市北區太平國小","2026/08/31","藜麥飯"
"臺中市","北區","臺中市北區太平國小","2026/08/31","蘿蔔排骨湯"
"臺中市","北區","臺中市北區太平國小","2026/08/31","蚵白菜"
"臺中市","北區","臺中市北區太平國小","2026/08/31","調味料"
"臺中市","北區","臺中市北區太平國小","2026/08/31","麻婆豆腐"
"臺中市","北區","臺中市北區中華國小","2026/08/31","台式大雞腿"
"臺中市","北區","臺中市北區中華國小","2026/08/31","地瓜飯"
"臺中市","北區","臺中市北區中華國小","2026/08/31","奶油杏鮑菇(素)"
"臺中市","北區","臺中市北區中華國小","2026/08/31","砂鍋魚"
"臺中市","北區","臺中市北區中華國小","2026/08/31","砂鍋麵腸(素)"
"臺中市","北區","臺中市北區中華國小","2026/08/31","蘿蔔排骨湯"
"臺中市","北區","臺中市北區中華國小","2026/08/31","蘿蔔湯(素)"
"臺中市","北區","臺中市北區中華國小","2026/08/31","蚵白菜"
"臺中市","北區","臺中市北區中華國小","2026/08/31","雲菜捲(素)"
"臺中市","北區","臺中市北區中華國小","2026/08/31","麻婆豆腐"
"臺中市","北區","臺中市北區中華國小","2026/08/31","麻婆豆腐(素)"
"臺中市","北區","臺中市北區篤行國小","2026/08/31","台式大雞腿"
"臺中市","北區","臺中市北區篤行國小","2026/08/31","油菜"
"臺中市","北區","臺中市北區篤行國小","2026/08/31","砂鍋魚"
"臺中市","北區","臺中市北區篤行國小","2026/08/31","胚芽飯"
"臺中市","北區","臺中市北區篤行國小","2026/08/31","蘿蔔排骨湯"
"臺中市","北區","臺中市北區篤行國小","2026/08/31","調味料"
"臺中市","北區","臺中市北區篤行國小","2026/08/31","麻婆豆腐"
"臺中市","北區","臺中市北區篤行國小","2026/08/31","健康飯"
"臺中市","北區","臺中市北區篤行國小","2026/08/31","台式大雞腿"
"臺中市","北區","臺中市北區篤行國小","2026/08/31","小白菜"
"臺中市","北區","臺中市北區篤行國小","2026/08/31","砂鍋魚"
"臺中市","北區","臺中市北區篤行國小","2026/08/31","蘿蔔排骨湯"
"臺中市","北區","臺中市北區篤行國小","2026/08/31","調味料"
"臺中市","北區","臺中市北區篤行國小","2026/08/31","麻婆豆腐"
"臺中市","北區","臺中市北區健行國小","2026/08/31","台式大雞腿1150831"
"臺中市","北區","臺中市北區健行國小","2026/08/31","滷素排(素)1150831"
"臺中市","北區","臺中市北區健行國小","2026/08/31","砂鍋豆腸(素)1150831"
"臺中市","北區","臺中市北區健行國小","2026/08/31","砂鍋魚丁1150831"
"臺中市","北區","臺中市北區健行國小","2026/08/31","薑汁蚵白菜1150831"
"臺中市","北區","臺中市北區健行國小","2026/08/31","蘿蔔排骨湯1150831"
"臺中市","北區","臺中市北區健行國小","2026/08/31","蘿蔔湯(素)1150831"
"臺中市","北區","臺中市北區健行國小","2026/08/31","麥片飯1150831"
"臺中市","北區","臺中市北區健行國小","2026/08/31","麻婆豆腐1150831"
"臺中市","北區","臺中市北區省三國小","2026/08/31","台式大雞腿1150831"
"臺中市","北區","臺中市北區省三國小","2026/08/31","滷素排(素)1150831"
"臺中市","北區","臺中市北區省三國小","2026/08/31","砂鍋豆腸(素)1150831"
"臺中市","北區","臺中市北區省三國小","2026/08/31","砂鍋魚丁1150831"
"臺中市","北區","臺中市北區省三國小","2026/08/31","薑汁蚵白菜1150831"
"臺中市","北區","臺中市北區省三國小","2026/08/31","蘿蔔排骨湯1150831"
"臺中市","北區","臺中市北區省三國小","2026/08/31","蘿蔔湯(素)1150831"
"臺中市","北區","臺中市北區省三國小","2026/08/31","麥片飯1150831"
"臺中市","北區","臺中市北區省三國小","2026/08/31","麻婆豆腐1150831"
"臺中市","西屯區","臺中市西屯區西屯國小","2026/08/31","台式大雞腿D"
"臺中市","西屯區","臺中市西屯區西屯國小","2026/08/31","炒油菜B"
"臺中市","西屯區","臺中市西屯區西屯國小","2026/08/31","砂鍋魚"
"臺中市","西屯區","臺中市西屯區西屯國小","2026/08/31","紫米飯"
"臺中市","西屯區","臺中市西屯區西屯國小","2026/08/31","蘿蔔排骨湯"
"臺中市","西屯區","臺中市西屯區西屯國小","2026/08/31","調味料"
"臺中市","西屯區","臺中市西屯區西屯國小","2026/08/31","麻婆豆腐"
"臺中市","西屯區","臺中市西屯區西屯國小","2026/08/31","台式大雞腿"
"臺中市","西屯區","臺中市西屯區西屯國小","2026/08/31","油菜"
"臺中市","西屯區","臺中市西屯區西屯國小","2026/08/31","砂鍋魚"
"臺中市","西屯區","臺中市西屯區西屯國小","2026/08/31","胚芽飯"
"臺中市","西屯區","臺中市西屯區西屯國小","2026/08/31","蘿蔔排骨湯"
"臺中市","西屯區","臺中市西屯區西屯國小","2026/08/31","調味料"
"臺中市","西屯區","臺中市西屯區西屯國小","2026/08/31","麻婆豆腐"
"臺中市","西屯區","臺中市西屯區泰安國小","2026/08/31","小米飯"
"臺中市","西屯區","臺中市西屯區泰安國小","2026/08/31","有機黑葉白菜"
"臺中市","西屯區","臺中市西屯區泰安國小","2026/08/31","沙茶白菜(素)"
"臺中市","西屯區","臺中市西屯區泰安國小","2026/08/31","牛蒡天婦羅(素)"
"臺中市","西屯區","臺中市西屯區泰安國小","2026/08/31","砂鍋魚丁"
"臺中市","西屯區","臺中市西屯區泰安國小","2026/08/31","蘿蔔排骨湯"
"臺中市","西屯區","臺中市西屯區泰安國小","2026/08/31","蘿蔔鮮湯(素)"
"臺中市","西屯區","臺中市西屯區泰安國小","2026/08/31","調味料"
"臺中市","西屯區","臺中市西屯區泰安國小","2026/08/31","霸王雞腿"
"臺中市","西屯區","臺中市西屯區泰安國小","2026/08/31","麻婆豆腐"
"臺中市","西屯區","臺中市西屯區泰安國小","2026/08/31","麻婆豆腐(素)"
"臺中市","西屯區","臺中市西屯區泰安國小","2026/08/31","黑葉白菜(素)"
"臺中市","西屯區","臺中市西屯區大鵬國小","2026/08/31","台式大雞腿(國小加碼)"
"臺中市","西屯區","臺中市西屯區大鵬國小","2026/08/31","海苔飯"
"臺中市","西屯區","臺中市西屯區大鵬國小","2026/08/31","砂鍋魚丁"
"臺中市","西屯區","臺中市西屯區大鵬國小","2026/08/31","素砂鍋蔬食煲"
"臺中市","西屯區","臺中市西屯區大鵬國小","2026/08/31","素雲菜捲(國小加碼)"
"臺中市","西屯區","臺中市西屯區大鵬國小","2026/08/31","脆炒青江菜"
"臺中市","西屯區","臺中市西屯區大鵬國小","2026/08/31","蘿蔔排骨湯"
"臺中市","西屯區","臺中市西屯區大鵬國小","2026/08/31","調味料"
"臺中市","西屯區","臺中市西屯區大鵬國小","2026/08/31","調味料"
"臺中市","西屯區","臺中市西屯區大鵬國小","2026/08/31","麻婆豆腐(不辣)"
"臺中市","西屯區","臺中市西屯區永安國小","2026/08/31","台式大雞腿"
"臺中市","西屯區","臺中市西屯區永安國小","2026/08/31","炒油菜"
"臺中市","西屯區","臺中市西屯區永安國小","2026/08/31","猴頭菇什錦(素)"
"臺中市","西屯區","臺中市西屯區永安國小","2026/08/31","砂鍋白菜(素)"
"臺中市","西屯區","臺中市西屯區永安國小","2026/08/31","砂鍋魚"
"臺中市","西屯區","臺中市西屯區永安國小","2026/08/31","糙米飯"
"臺中市","西屯區","臺中市西屯區永安國小","2026/08/31","薑絲蒸豆包(素)"
"臺中市","西屯區","臺中市西屯區永安國小","2026/08/31","蘿蔔排骨湯"
"臺中市","西屯區","臺中市西屯區永安國小","2026/08/31","蘿蔔湯(素)"
"臺中市","西屯區","臺中市西屯區永安國小","2026/08/31","調味料"
"臺中市","西屯區","臺中市西屯區永安國小","2026/08/31","麻婆豆腐"
"臺中市","西屯區","臺中市西屯區永安國小","2026/08/31","麻婆豆腐(素)"
"臺中市","西屯區","臺中市西屯區協和國小","2026/08/31","(素)煙燻豆包"
"臺中市","西屯區","臺中市西屯區協和國小","2026/08/31","(素)白卜玉米湯"
"臺中市","西屯區","臺中市西屯區協和國小","2026/08/31","(素)砂鍋白菜"
"臺中市","西屯區","臺中市西屯區協和國小","2026/08/31","(素)翠綠青江菜"
"臺中市","西屯區","臺中市西屯區協和國小","2026/08/31","(素)麻婆豆腐"
"臺中市","西屯區","臺中市西屯區協和國小","2026/08/31","保久乳"
"臺中市","西屯區","臺中市西屯區協和國小","2026/08/31","白米飯"
"臺中市","西屯區","臺中市西屯區協和國小","2026/08/31","砂鍋魚丁"
"臺中市","西屯區","臺中市西屯區協和國小","2026/08/31","翠綠青江菜"
"臺中市","西屯區","臺中市西屯區協和國小","2026/08/31","蘿蔔排骨湯"
"臺中市","西屯區","臺中市西屯區協和國小","2026/08/31","調味料"
"臺中市","西屯區","臺中市西屯區協和國小","2026/08/31","霸王雞腿"
"臺中市","西屯區","臺中市西屯區協和國小","2026/08/31","麻婆豆腐"
"臺中市","西屯區","臺中市西屯區大仁國小","2026/08/31","(素)三杯鮑菇紫菜糕"
"臺中市","西屯區","臺中市西屯區大仁國小","2026/08/31","(素)砂鍋豆腸"
"臺中市","西屯區","臺中市西屯區大仁國小","2026/08/31","(素)素肉圓"
"臺中市","西屯區","臺中市西屯區大仁國小","2026/08/31","(素)蘿蔔素排湯"
"臺中市","西屯區","臺中市西屯區大仁國小","2026/08/31","(素)麻婆豆腐"
"臺中市","西屯區","臺中市西屯區大仁國小","2026/08/31","台式大雞腿"
"臺中市","西屯區","臺中市西屯區大仁國小","2026/08/31","小米飯"
"臺中市","西屯區","臺中市西屯區大仁國小","2026/08/31","砂鍋魚丁"
"臺中市","西屯區","臺中市西屯區大仁國小","2026/08/31","蘿蔔排骨湯"
"臺中市","西屯區","臺中市西屯區大仁國小","2026/08/31","高麗菜"
"臺中市","西屯區","臺中市西屯區大仁國小","2026/08/31","麻婆豆腐"
"臺中市","南屯區","臺中市南屯區南屯國小","2026/08/31","古早味蒸蛋素"
"臺中市","南屯區","臺中市南屯區南屯國小","2026/08/31","台式大雞腿"
"臺中市","南屯區","臺中市南屯區南屯國小","2026/08/31","砂鍋白菜素"
"臺中市","南屯區","臺中市南屯區南屯國小","2026/08/31","砂鍋魚"
"臺中市","南屯區","臺中市南屯區南屯國小","2026/08/31","美味油菜"
"臺中市","南屯區","臺中市南屯區南屯國小","2026/08/31","胚芽飯"
"臺中市","南屯區","臺中市南屯區南屯國小","2026/08/31","蘿蔔排骨湯"
"臺中市","南屯區","臺中市南屯區南屯國小","2026/08/31","調味料"
"臺中市","南屯區","臺中市南屯區南屯國小","2026/08/31","香酥牛蒡排素"
"臺中市","南屯區","臺中市南屯區南屯國小","2026/08/31","麻婆豆腐"
"臺中市","南屯區","臺中市南屯區南屯國小","2026/08/31","麻婆豆腐素"
"臺中市","南屯區","臺中市南屯區鎮平國小","2026/08/31","台式大雞腿"
"臺中市","南屯區","臺中市南屯區鎮平國小","2026/08/31","海苔飯"
"臺中市","南屯區","臺中市南屯區鎮平國小","2026/08/31","清蒸茭白筍(素)"
"臺中市","南屯區","臺中市南屯區鎮平國小","2026/08/31","滷海帶片(素)"
"臺中市","南屯區","臺中市南屯區鎮平國小","2026/08/31","砂鍋凍腐(素)"
"臺中市","南屯區","臺中市南屯區鎮平國小","2026/08/31","砂鍋魚丁"
"臺中市","南屯區","臺中市南屯區鎮平國小","2026/08/31","薑汁蚵白菜"
"臺中市","南屯區","臺中市南屯區鎮平國小","2026/08/31","蘿蔔排骨湯"
"臺中市","南屯區","臺中市南屯區鎮平國小","2026/08/31","麻婆豆腐"
"臺中市","南屯區","臺中市南屯區鎮平國小","2026/08/31","麻婆豆腐(素)"
"臺中市","南屯區","臺中市南屯區文山國小","2026/08/31","台式大雞腿"
"臺中市","南屯區","臺中市南屯區文山國小","2026/08/31","油菜"
"臺中市","南屯區","臺中市南屯區文山國小","2026/08/31","砂鍋魚"
"臺中市","南屯區","臺中市南屯區文山國小","2026/08/31","胚芽飯"
"臺中市","南屯區","臺中市南屯區文山國小","2026/08/31","蘿蔔排骨湯"
"臺中市","南屯區","臺中市南屯區文山國小","2026/08/31","調味料"
"臺中市","南屯區","臺中市南屯區文山國小","2026/08/31","麻婆豆腐"
"臺中市","南屯區","臺中市南屯區文山國小","2026/08/31","台式大雞腿"
"臺中市","南屯區","臺中市南屯區文山國小","2026/08/31","炒油菜"
"臺中市","南屯區","臺中市南屯區文山國小","2026/08/31","砂鍋魚"
"臺中市","南屯區","臺中市南屯區文山國小","2026/08/31","胚芽飯"
"臺中市","南屯區","臺中市南屯區文山國小","2026/08/31","蘿蔔排骨湯"
"臺中市","南屯區","臺中市南屯區文山國小","2026/08/31","調味料"
"臺中市","南屯區","臺中市南屯區文山國小","2026/08/31","麻婆豆腐"
"臺中市","南屯區","臺中市南屯區文山國小","2026/08/31","健康飯"
"臺中市","南屯區","臺中市南屯區文山國小","2026/08/31","台式大雞腿"
"臺中市","南屯區","臺中市南屯區文山國小","2026/08/31","小白菜"
"臺中市","南屯區","臺中市南屯區文山國小","2026/08/31","砂鍋魚"
"臺中市","南屯區","臺中市南屯區文山國小","2026/08/31","蘿蔔排骨湯"
"臺中市","南屯區","臺中市南屯區文山國小","2026/08/31","調味料"
"臺中市","南屯區","臺中市南屯區文山國小","2026/08/31","麻婆豆腐"
"臺中市","南屯區","臺中市南屯區春安國小","2026/08/31","台式大雞腿"
"臺中市","南屯區","臺中市南屯區春安國小","2026/08/31","海苔飯"
"臺中市","南屯區","臺中市南屯區春安國小","2026/08/31","清蒸茭白筍(素)"
"臺中市","南屯區","臺中市南屯區春安國小","2026/08/31","滷海帶片(素)"
"臺中市","南屯區","臺中市南屯區春安國小","2026/08/31","砂鍋凍腐(素)"
"臺中市","南屯區","臺中市南屯區春安國小","2026/08/31","砂鍋魚丁"
"臺中市","南屯區","臺中市南屯區春安國小","2026/08/31","薑汁蚵白菜"
"臺中市","南屯區","臺中市南屯區春安國小","2026/08/31","蘿蔔排骨湯"
"臺中市","南屯區","臺中市南屯區春安國小","2026/08/31","麻婆豆腐"
"臺中市","南屯區","臺中市南屯區春安國小","2026/08/31","麻婆豆腐(素)"
"臺中市","南屯區","臺中市南屯區黎明國小","2026/08/31","(素)煙燻豆包"
"臺中市","南屯區","臺中市南屯區黎明國小","2026/08/31","(素)白卜玉米湯"
"臺中市","南屯區","臺中市南屯區黎明國小","2026/08/31","(素)砂鍋白菜"
"臺中市","南屯區","臺中市南屯區黎明國小","2026/08/31","(素)翠綠青江菜"
"臺中市","南屯區","臺中市南屯區黎明國小","2026/08/31","(素)麻婆豆腐"
"臺中市","南屯區","臺中市南屯區黎明國小","2026/08/31","保久乳"
"臺中市","南屯區","臺中市南屯區黎明國小","2026/08/31","白米飯"
"臺中市","南屯區","臺中市南屯區黎明國小","2026/08/31","砂鍋魚丁"
"臺中市","南屯區","臺中市南屯區黎明國小","2026/08/31","翠綠青江菜"
"臺中市","南屯區","臺中市南屯區黎明國小","2026/08/31","蘿蔔排骨湯"
"臺中市","南屯區","臺中市南屯區黎明國小","2026/08/31","調味料"
"臺中市","南屯區","臺中市南屯區黎明國小","2026/08/31","霸王雞腿"
"臺中市","南屯區","臺中市南屯區黎明國小","2026/08/31","麻婆豆腐"
"臺中市","北屯區","臺中市北屯區北屯國小","2026/08/31","台式大雞腿(葷)"
"臺中市","北屯區","臺中市北屯區北屯國小","2026/08/31","白米飯"
"臺中市","北屯區","臺中市北屯區北屯國小","2026/08/31","砂鍋魚(葷)"
"臺中市","北屯區","臺中市北屯區北屯國小","2026/08/31","砂鍋麵腸(素)"
"臺中市","北屯區","臺中市北屯區北屯國小","2026/08/31","素雞排(素)"
"臺中市","北屯區","臺中市北屯區北屯國小","2026/08/31","薑汁蚵白菜"
"臺中市","北屯區","臺中市北屯區北屯國小","2026/08/31","蘋果"
"臺中市","北屯區","臺中市北屯區北屯國小","2026/08/31","蘿蔔排骨湯(葷)"
"臺中市","北屯區","臺中市北屯區北屯國小","2026/08/31","蘿蔔玉米湯(素)"
"臺中市","北屯區","臺中市北屯區北屯國小","2026/08/31","調味料"
"臺中市","北屯區","臺中市北屯區北屯國小","2026/08/31","麻婆豆腐(素)"
"臺中市","北屯區","臺中市北屯區北屯國小","2026/08/31","麻婆豆腐(葷)"
"臺中市","北屯區","臺中市北屯區僑孝國小","2026/08/31","有機小松菜"
"臺中市","北屯區","臺中市北屯區僑孝國小","2026/08/31","砂鍋魚"
"臺中市","北屯區","臺中市北屯區僑孝國小","2026/08/31","絲瓜燴白菇素"
"臺中市","北屯區","臺中市北屯區僑孝國小","2026/08/31","蘿蔔排骨湯"
"臺中市","北屯區","臺中市北屯區僑孝國小","2026/08/31","調味料"
"臺中市","北屯區","臺中市北屯區僑孝國小","2026/08/31","起司杏鮑菇素"
"臺中市","北屯區","臺中市北屯區僑孝國小","2026/08/31","霸王雞腿"
"臺中市","北屯區","臺中市北屯區僑孝國小","2026/08/31","麥片飯"
"臺中市","北屯區","臺中市北屯區僑孝國小","2026/08/31","麻婆豆腐"
"臺中市","北屯區","臺中市北屯區四張犁國小","2026/08/31","1150831熱豆漿(素)"
"臺中市","北屯區","臺中市北屯區四張犁國小","2026/08/31","1150831白米飯"
"臺中市","北屯區","臺中市北屯區四張犁國小","2026/08/31","1150831砂鍋獅子頭(素)"
"臺中市","北屯區","臺中市北屯區四張犁國小","2026/08/31","1150831砂鍋魚丁"
"臺中市","北屯區","臺中市北屯區四張犁國小","2026/08/31","1150831空心菜"
"臺中市","北屯區","臺中市北屯區四張犁國小","2026/08/31","1150831蘿蔔排骨湯"
"臺中市","北屯區","臺中市北屯區四張犁國小","2026/08/31","1150831金沙茭白筍(素)"
"臺中市","北屯區","臺中市北屯區四張犁國小","2026/08/31","1150831霸王雞腿"
"臺中市","北屯區","臺中市北屯區四張犁國小","2026/08/31","1150831麻婆豆腐"
"臺中市","北屯區","臺中市北屯區四張犁國小","2026/08/31","1150831麻婆豆腐(素)"
"臺中市","北屯區","臺中市北屯區四張犁國小","2026/08/31","調味料"
"臺中市","北屯區","臺中市北屯區松竹國小","2026/08/31","台式大雞腿滷"
"臺中市","北屯區","臺中市北屯區松竹國小","2026/08/31","炒油菜"
"臺中市","北屯區","臺中市北屯區松竹國小","2026/08/31","砂鍋魚"
"臺中市","北屯區","臺中市北屯區松竹國小","2026/08/31","胚芽飯"
"臺中市","北屯區","臺中市北屯區松竹國小","2026/08/31","蘿蔔排骨湯"
"臺中市","北屯區","臺中市北屯區松竹國小","2026/08/31","調味料"
"臺中市","北屯區","臺中市北屯區松竹國小","2026/08/31","麻婆豆腐"
"臺中市","北屯區","臺中市北屯區松竹國小","2026/08/31","台式大雞腿"
"臺中市","北屯區","臺中市北屯區松竹國小","2026/08/31","小米飯"
"臺中市","北屯區","臺中市北屯區松竹國小","2026/08/31","砂鍋魚"
"臺中市","北屯區","臺中市北屯區松竹國小","2026/08/31","蘿蔔排骨湯"
"臺中市","北屯區","臺中市北屯區松竹國小","2026/08/31","蚵白菜"
"臺中市","北屯區","臺中市北屯區松竹國小","2026/08/31","調味料"
"臺中市","北屯區","臺中市北屯區松竹國小","2026/08/31","麻婆豆腐2"
"臺中市","北屯區","臺中市北屯區軍功國小","2026/08/31","台式大雞腿滷"
"臺中市","北屯區","臺中市北屯區軍功國小","2026/08/31","炒油菜"
"臺中市","北屯區","臺中市北屯區軍功國小","2026/08/31","砂鍋魚"
"臺中市","北屯區","臺中市北屯區軍功國小","2026/08/31","胚芽飯"
"臺中市","北屯區","臺中市北屯區軍功國小","2026/08/31","蘿蔔排骨湯"
"臺中市","北屯區","臺中市北屯區軍功國小","2026/08/31","調味料"
"臺中市","北屯區","臺中市北屯區軍功國小","2026/08/31","麻婆豆腐"
"臺中市","北屯區","臺中市北屯區大坑國小","2026/08/31","台式大雞腿"
"臺中市","北屯區","臺中市北屯區大坑國小","2026/08/31","彩繪猴頭菇(素)"
"臺中市","北屯區","臺中市北屯區大坑國小","2026/08/31","燕麥飯"
"臺中市","北屯區","臺中市北屯區大坑國小","2026/08/31","牛奶起司饅頭(素)"
"臺中市","北屯區","臺中市北屯區大坑國小","2026/08/31","砂鍋豆包(素)"
"臺中市","北屯區","臺中市北屯區大坑國小","2026/08/31","砂鍋魚"
"臺中市","北屯區","臺中市北屯區大坑國小","2026/08/31","紅蔥蚵白菜"
"臺中市","北屯區","臺中市北屯區大坑國小","2026/08/31","脆炒小瓜(素)"
"臺中市","北屯區","臺中市北屯區大坑國小","2026/08/31","蘿蔔排骨湯"
"臺中市","北屯區","臺中市北屯區大坑國小","2026/08/31","蘿蔔素肉湯(素)"
"臺中市","北屯區","臺中市北屯區大坑國小","2026/08/31","調味料"
"臺中市","北屯區","臺中市北屯區大坑國小","2026/08/31","香炒蚵仔白菜(素)"
"臺中市","北屯區","臺中市北屯區大坑國小","2026/08/31","麻婆豆腐"
"臺中市","北屯區","臺中市北屯區大坑國小","2026/08/31","麻婆豆腐(素)"
"臺中市","北屯區","臺中市北屯區逢甲國小","2026/08/31","台式大雞腿"
"臺中市","北屯區","臺中市北屯區逢甲國小","2026/08/31","彩繪猴頭菇(素)"
"臺中市","北屯區","臺中市北屯區逢甲國小","2026/08/31","燕麥飯"
"臺中市","北屯區","臺中市北屯區逢甲國小","2026/08/31","牛奶起司饅頭(素)"
"臺中市","北屯區","臺中市北屯區逢甲國小","2026/08/31","砂鍋豆包(素)"
"臺中市","北屯區","臺中市北屯區逢甲國小","2026/08/31","砂鍋魚"
"臺中市","北屯區","臺中市北屯區逢甲國小","2026/08/31","紅蔥蚵白菜"
"臺中市","北屯區","臺中市北屯區逢甲國小","2026/08/31","脆炒小瓜(素)"
"臺中市","北屯區","臺中市北屯區逢甲國小","2026/08/31","蘿蔔排骨湯"
"臺中市","北屯區","臺中市北屯區逢甲國小","2026/08/31","蘿蔔素肉湯(素)"
"臺中市","北屯區","臺中市北屯區逢甲國小","2026/08/31","調味料"
"臺中市","北屯區","臺中市北屯區逢甲國小","2026/08/31","香炒蚵仔白菜(素)"
"臺中市","北屯區","臺中市北屯區逢甲國小","2026/08/31","麻婆豆腐"
"臺中市","北屯區","臺中市北屯區逢甲國小","2026/08/31","麻婆豆腐(素)"
"臺中市","北屯區","臺中市北屯區建功國小","2026/08/31","台式大雞腿"
"臺中市","北屯區","臺中市北屯區建功國小","2026/08/31","彩繪猴頭菇(素)"
"臺中市","北屯區","臺中市北屯區建功國小","2026/08/31","燕麥飯"
"臺中市","北屯區","臺中市北屯區建功國小","2026/08/31","牛奶起司饅頭(素)"
"臺中市","北屯區","臺中市北屯區建功國小","2026/08/31","砂鍋豆包(素)"
"臺中市","北屯區","臺中市北屯區建功國小","2026/08/31","砂鍋魚"
"臺中市","北屯區","臺中市北屯區建功國小","2026/08/31","紅蔥蚵白菜"
"臺中市","北屯區","臺中市北屯區建功國小","2026/08/31","脆炒小瓜(素)"
"臺中市","北屯區","臺中市北屯區建功國小","2026/08/31","蘿蔔排骨湯"
"臺中市","北屯區","臺中市北屯區建功國小","2026/08/31","蘿蔔素肉湯(素)"
"臺中市","北屯區","臺中市北屯區建功國小","2026/08/31","調味料"
"臺中市","北屯區","臺中市北屯區建功國小","2026/08/31","香炒蚵仔白菜(素)"
"臺中市","北屯區","臺中市北屯區建功國小","2026/08/31","麻婆豆腐"
"臺中市","北屯區","臺中市北屯區建功國小","2026/08/31","麻婆豆腐(素)"
"臺中市","北屯區","臺中市北屯區新興國小","2026/08/31","台式大雞腿(國小加碼)"
"臺中市","北屯區","臺中市北屯區新興國小","2026/08/31","海苔飯"
"臺中市","北屯區","臺中市北屯區新興國小","2026/08/31","砂鍋魚丁"
"臺中市","北屯區","臺中市北屯區新興國小","2026/08/31","素砂鍋蔬食煲"
"臺中市","北屯區","臺中市北屯區新興國小","2026/08/31","素雲菜捲(國小加碼)"
"臺中市","北屯區","臺中市北屯區新興國小","2026/08/31","脆炒青江菜"
"臺中市","北屯區","臺中市北屯區新興國小","2026/08/31","蘿蔔排骨湯"
"臺中市","北屯區","臺中市北屯區新興國小","2026/08/31","調味料"
"臺中市","北屯區","臺中市北屯區新興國小","2026/08/31","調味料"
"臺中市","北屯區","臺中市北屯區新興國小","2026/08/31","麻婆豆腐(不辣)"
"臺中市","北屯區","臺中市北屯區仁愛國小","2026/08/31","1150831熱豆漿(素)"
"臺中市","北屯區","臺中市北屯區仁愛國小","2026/08/31","1150831白米飯"
"臺中市","北屯區","臺中市北屯區仁愛國小","2026/08/31","1150831砂鍋獅子頭(素)"
"臺中市","北屯區","臺中市北屯區仁愛國小","2026/08/31","1150831砂鍋魚丁"
"臺中市","北屯區","臺中市北屯區仁愛國小","2026/08/31","1150831空心菜"
"臺中市","北屯區","臺中市北屯區仁愛國小","2026/08/31","1150831蘿蔔排骨湯"
"臺中市","北屯區","臺中市北屯區仁愛國小","2026/08/31","1150831金沙茭白筍(素)"
"臺中市","北屯區","臺中市北屯區仁愛國小","2026/08/31","1150831霸王雞腿"
"臺中市","北屯區","臺中市北屯區仁愛國小","2026/08/31","1150831麻婆豆腐"
"臺中市","北屯區","臺中市北屯區仁愛國小","2026/08/31","1150831麻婆豆腐(素)"
"臺中市","北屯區","臺中市北屯區仁愛國小","2026/08/31","調味料"
"臺中市","北區","臺中市北區立人國小","2026/08/31","台式大雞腿"
"臺中市","北區","臺中市北區立人國小","2026/08/31","油菜"
"臺中市","北區","臺中市北區立人國小","2026/08/31","砂鍋魚"
"臺中市","北區","臺中市北區立人國小","2026/08/31","胚芽飯"
"臺中市","北區","臺中市北區立人國小","2026/08/31","蘿蔔排骨湯"
"臺中市","北區","臺中市北區立人國小","2026/08/31","調味料"
"臺中市","北區","臺中市北區立人國小","2026/08/31","麻婆豆腐"
"臺中市","北區","臺中市北區立人國小","2026/08/31","健康飯"
"臺中市","北區","臺中市北區立人國小","2026/08/31","台式大雞腿"
"臺中市","北區","臺中市北區立人國小","2026/08/31","小白菜"
"臺中市","北區","臺中市北區立人國小","2026/08/31","砂鍋魚"
"臺中市","北區","臺中市北區立人國小","2026/08/31","蘿蔔排骨湯"
"臺中市","北區","臺中市北區立人國小","2026/08/31","調味料"
"臺中市","北區","臺中市北區立人國小","2026/08/31","麻婆豆腐"
"臺中市","北屯區","臺中市北屯區文昌國小","2026/08/31","(素)砂鍋菜"
"臺中市","北屯區","臺中市北屯區文昌國小","2026/08/31","(素)胡麻秋葵"
"臺中市","北屯區","臺中市北屯區文昌國小","2026/08/31","(素)芹香蘿蔔湯"
"臺中市","北屯區","臺中市北屯區文昌國小","2026/08/31","(素)香酥雲菜捲"
"臺中市","北屯區","臺中市北屯區文昌國小","2026/08/31","(素)麻婆豆腐"
"臺中市","北屯區","臺中市北屯區文昌國小","2026/08/31","台式大雞腿"
"臺中市","北屯區","臺中市北屯區文昌國小","2026/08/31","地瓜葉"
"臺中市","北屯區","臺中市北屯區文昌國小","2026/08/31","小米飯"
"臺中市","北屯區","臺中市北屯區文昌國小","2026/08/31","砂鍋魚"
"臺中市","北屯區","臺中市北屯區文昌國小","2026/08/31","蘿蔔排骨湯"
"臺中市","北屯區","臺中市北屯區文昌國小","2026/08/31","調味料"
"臺中市","北屯區","臺中市北屯區文昌國小","2026/08/31","麻婆豆腐"
"臺中市","西區","臺中市西區大勇國小","2026/08/31","(素)堅果包"
"臺中市","西區","臺中市西區大勇國小","2026/08/31","(素)醬燒素雞翅"
"臺中市","西區","臺中市西區大勇國小","2026/08/31","(素)鮮炒小黃瓜"
"臺中市","西區","臺中市西區大勇國小","2026/08/31","(素)鮮菇炒蛋"
"臺中市","西區","臺中市西區大勇國小","2026/08/31","(素)麻婆豆腐"
"臺中市","西區","臺中市西區大勇國小","2026/08/31","五穀飯"
"臺中市","西區","臺中市西區大勇國小","2026/08/31","台式大雞腿"
"臺中市","西區","臺中市西區大勇國小","2026/08/31","有機小松菜"
"臺中市","西區","臺中市西區大勇國小","2026/08/31","砂鍋魚"
"臺中市","西區","臺中市西區大勇國小","2026/08/31","蘿蔔排骨湯"
"臺中市","西區","臺中市西區大勇國小","2026/08/31","麻婆豆腐"
"臺中市","西屯區","臺中市西屯區重慶國小","2026/08/31","台式大雞腿"
"臺中市","西屯區","臺中市西屯區重慶國小","2026/08/31","小米飯"
"臺中市","西屯區","臺中市西屯區重慶國小","2026/08/31","砂鍋魚"
"臺中市","西屯區","臺中市西屯區重慶國小","2026/08/31","蘿蔔排骨湯"
"臺中市","西屯區","臺中市西屯區重慶國小","2026/08/31","蚵白菜"
"臺中市","西屯區","臺中市西屯區重慶國小","2026/08/31","調味料"
"臺中市","西屯區","臺中市西屯區重慶國小","2026/08/31","麻婆豆腐2"
"臺中市","南屯區","臺中市南屯區東興國小","2026/08/31","台式大雞腿"
"臺中市","南屯區","臺中市南屯區東興國小","2026/08/31","油菜"
"臺中市","南屯區","臺中市南屯區東興國小","2026/08/31","砂鍋魚"
"臺中市","南屯區","臺中市南屯區東興國小","2026/08/31","蘿蔔排骨湯"
"臺中市","南屯區","臺中市南屯區東興國小","2026/08/31","調味料"
"臺中市","南屯區","臺中市南屯區東興國小","2026/08/31","麥片飯"
"臺中市","南屯區","臺中市南屯區東興國小","2026/08/31","麻婆豆腐"
"臺中市","南屯區","臺中市南屯區東興國小","2026/08/31","台式大雞腿"
"臺中市","南屯區","臺中市南屯區東興國小","2026/08/31","油菜"
"臺中市","南屯區","臺中市南屯區東興國小","2026/08/31","砂鍋魚"
"臺中市","南屯區","臺中市南屯區東興國小","2026/08/31","胚芽飯"
"臺中市","南屯區","臺中市南屯區東興國小","2026/08/31","蘿蔔排骨湯"
"臺中市","南屯區","臺中市南屯區東興國小","2026/08/31","調味料"
"臺中市","南屯區","臺中市南屯區東興國小","2026/08/31","麻婆豆腐"
"臺中市","北屯區","臺中市北屯區文心國小","2026/08/31","台式大雞腿"
"臺中市","北屯區","臺中市北屯區文心國小","2026/08/31","油菜"
"臺中市","北屯區","臺中市北屯區文心國小","2026/08/31","砂鍋魚"
"臺中市","北屯區","臺中市北屯區文心國小","2026/08/31","胚芽飯"
"臺中市","北屯區","臺中市北屯區文心國小","2026/08/31","蘿蔔排骨湯"
"臺中市","北屯區","臺中市北屯區文心國小","2026/08/31","調味料"
"臺中市","北屯區","臺中市北屯區文心國小","2026/08/31","麻婆豆腐"
"臺中市","北屯區","臺中市北屯區文心國小","2026/08/31","健康飯"
"臺中市","北屯區","臺中市北屯區文心國小","2026/08/31","台式大雞腿"
"臺中市","北屯區","臺中市北屯區文心國小","2026/08/31","小白菜"
"臺中市","北屯區","臺中市北屯區文心國小","2026/08/31","砂鍋魚"
"臺中市","北屯區","臺中市北屯區文心國小","2026/08/31","蘿蔔排骨湯"
"臺中市","北屯區","臺中市北屯區文心國小","2026/08/31","調味料"
"臺中市","北屯區","臺中市北屯區文心國小","2026/08/31","麻婆豆腐"
"臺中市","北屯區","臺中市北屯區四維國小","2026/08/31","(素)砂鍋菜"
"臺中市","北屯區","臺中市北屯區四維國小","2026/08/31","(素)胡麻秋葵"
"臺中市","北屯區","臺中市北屯區四維國小","2026/08/31","(素)芹香蘿蔔湯"
"臺中市","北屯區","臺中市北屯區四維國小","2026/08/31","(素)香酥雲菜捲"
"臺中市","北屯區","臺中市北屯區四維國小","2026/08/31","(素)麻婆豆腐"
"臺中市","北屯區","臺中市北屯區四維國小","2026/08/31","台式大雞腿"
"臺中市","北屯區","臺中市北屯區四維國小","2026/08/31","地瓜葉"
"臺中市","北屯區","臺中市北屯區四維國小","2026/08/31","小米飯"
"臺中市","北屯區","臺中市北屯區四維國小","2026/08/31","砂鍋魚"
"臺中市","北屯區","臺中市北屯區四維國小","2026/08/31","蘿蔔排骨湯"
"臺中市","北屯區","臺中市北屯區四維國小","2026/08/31","調味料"
"臺中市","北屯區","臺中市北屯區四維國小","2026/08/31","麻婆豆腐"
"臺中市","西屯區","臺中市西屯區何厝國小","2026/08/31","五穀飯1150831"
"臺中市","西屯區","臺中市西屯區何厝國小","2026/08/31","台式大雞腿1150831"
"臺中市","西屯區","臺中市西屯區何厝國小","2026/08/31","炒四季豆(素)1150831"
"臺中市","西屯區","臺中市西屯區何厝國小","2026/08/31","砂鍋豆腐(素)1150831"
"臺中市","西屯區","臺中市西屯區何厝國小","2026/08/31","砂鍋魚1150831"
"臺中市","西屯區","臺中市西屯區何厝國小","2026/08/31","芝麻包(素)1150831"
"臺中市","西屯區","臺中市西屯區何厝國小","2026/08/31","芭樂(幼兒園)1150831"
"臺中市","西屯區","臺中市西屯區何厝國小","2026/08/31","薑汁蚵白菜1150831"
"臺中市","西屯區","臺中市西屯區何厝國小","2026/08/31","蘿蔔排骨湯1150831"
"臺中市","西屯區","臺中市西屯區何厝國小","2026/08/31","蘿蔔玉米湯(素)1150831"
"臺中市","西屯區","臺中市西屯區何厝國小","2026/08/31","蠔油素肚(素)1150831"
"臺中市","西屯區","臺中市西屯區何厝國小","2026/08/31","調味料"
"臺中市","西屯區","臺中市西屯區何厝國小","2026/08/31","麻婆豆腐1150831"
"臺中市","西屯區","臺中市西屯區國安國小","2026/08/31","台式大雞腿"
"臺中市","西屯區","臺中市西屯區國安國小","2026/08/31","炒油菜"
"臺中市","西屯區","臺中市西屯區國安國小","2026/08/31","猴頭菇什錦(素)"
"臺中市","西屯區","臺中市西屯區國安國小","2026/08/31","砂鍋白菜(素)"
"臺中市","西屯區","臺中市西屯區國安國小","2026/08/31","砂鍋魚"
"臺中市","西屯區","臺中市西屯區國安國小","2026/08/31","糙米飯"
"臺中市","西屯區","臺中市西屯區國安國小","2026/08/31","薑絲蒸豆包(素)"
"臺中市","西屯區","臺中市西屯區國安國小","2026/08/31","蘿蔔排骨湯"
"臺中市","西屯區","臺中市西屯區國安國小","2026/08/31","蘿蔔湯(素)"
"臺中市","西屯區","臺中市西屯區國安國小","2026/08/31","調味料"
"臺中市","西屯區","臺中市西屯區國安國小","2026/08/31","麻婆豆腐"
"臺中市","西屯區","臺中市西屯區國安國小","2026/08/31","麻婆豆腐(素)"
"臺中市","西屯區","臺中市西屯區上石國小","2026/08/31","台式大雞腿"
"臺中市","西屯區","臺中市西屯區上石國小","2026/08/31","油菜"
"臺中市","西屯區","臺中市西屯區上石國小","2026/08/31","砂鍋魚"
"臺中市","西屯區","臺中市西屯區上石國小","2026/08/31","胚芽飯"
"臺中市","西屯區","臺中市西屯區上石國小","2026/08/31","蘿蔔排骨湯"
"臺中市","西屯區","臺中市西屯區上石國小","2026/08/31","調味料"
"臺中市","西屯區","臺中市西屯區上石國小","2026/08/31","麻婆豆腐"
"臺中市","南屯區","臺中市南屯區大新國小","2026/08/31","台式大雞腿"
"臺中市","南屯區","臺中市南屯區大新國小","2026/08/31","燕麥飯"
"臺中市","南屯區","臺中市南屯區大新國小","2026/08/31","砂鍋魚"
"臺中市","南屯區","臺中市南屯區大新國小","2026/08/31","肉燥空心菜"
"臺中市","南屯區","臺中市南屯區大新國小","2026/08/31","蘿蔔排骨湯"
"臺中市","南屯區","臺中市南屯區大新國小","2026/08/31","調味料"
"臺中市","南屯區","臺中市南屯區大新國小","2026/08/31","麻婆豆腐"
"臺中市","南屯區","臺中市南屯區大新國小","2026/08/31","台式大雞腿"
"臺中市","南屯區","臺中市南屯區大新國小","2026/08/31","油菜"
"臺中市","南屯區","臺中市南屯區大新國小","2026/08/31","砂鍋魚"
"臺中市","南屯區","臺中市南屯區大新國小","2026/08/31","胚芽飯"
"臺中市","南屯區","臺中市南屯區大新國小","2026/08/31","蘿蔔排骨湯"
"臺中市","南屯區","臺中市南屯區大新國小","2026/08/31","調味料"
"臺中市","南屯區","臺中市南屯區大新國小","2026/08/31","麻婆豆腐"
"臺中市","北屯區","臺中市北屯區陳平國小","2026/08/31","1150831熱豆漿(素)"
"臺中市","北屯區","臺中市北屯區陳平國小","2026/08/31","1150831白米飯"
"臺中市","北屯區","臺中市北屯區陳平國小","2026/08/31","1150831砂鍋獅子頭(素)"
"臺中市","北屯區","臺中市北屯區陳平國小","2026/08/31","1150831砂鍋魚丁"
"臺中市","北屯區","臺中市北屯區陳平國小","2026/08/31","1150831空心菜"
"臺中市","北屯區","臺中市北屯區陳平國小","2026/08/31","1150831蘿蔔排骨湯"
"臺中市","北屯區","臺中市北屯區陳平國小","2026/08/31","1150831金沙茭白筍(素)"
"臺中市","北屯區","臺中市北屯區陳平國小","2026/08/31","1150831霸王雞腿"
"臺中市","北屯區","臺中市北屯區陳平國小","2026/08/31","1150831麻婆豆腐"
"臺中市","北屯區","臺中市北屯區陳平國小","2026/08/31","1150831麻婆豆腐(素)"
"臺中市","北屯區","臺中市北屯區陳平國小","2026/08/31","調味料"
"臺中市","北區","臺中市北區賴厝國小","2026/08/31","台式大雞腿"
"臺中市","北區","臺中市北區賴厝國小","2026/08/31","枸杞地瓜葉素"
"臺中市","北區","臺中市北區賴厝國小","2026/08/31","砂鍋豆包素"
"臺中市","北區","臺中市北區賴厝國小","2026/08/31","砂鍋魚"
"臺中市","北區","臺中市北區賴厝國小","2026/08/31","紅蘿高麗"
"臺中市","北區","臺中市北區賴厝國小","2026/08/31","蕎麥飯"
"臺中市","北區","臺中市北區賴厝國小","2026/08/31","蘿蔔排骨湯"
"臺中市","北區","臺中市北區賴厝國小","2026/08/31","蘿蔔素羊肉湯素"
"臺中市","北區","臺中市北區賴厝國小","2026/08/31","豆皮雞腿素"
"臺中市","北區","臺中市北區賴厝國小","2026/08/31","麻婆豆腐"
"臺中市","北區","臺中市北區賴厝國小","2026/08/31","麻婆豆腐素"
"臺中市","南屯區","臺中市南屯區永春國小","2026/08/31","健康飯"
"臺中市","南屯區","臺中市南屯區永春國小","2026/08/31","味噌湯"
"臺中市","南屯區","臺中市南屯區永春國小","2026/08/31","味噌湯(素)"
"臺中市","南屯區","臺中市南屯區永春國小","2026/08/31","日式咖哩雞(素)"
"臺中市","南屯區","臺中市南屯區永春國小","2026/08/31","有機小松菜"
"臺中市","南屯區","臺中市南屯區永春國小","2026/08/31","有機小松菜(素)"
"臺中市","南屯區","臺中市南屯區永春國小","2026/08/31","椒鹽牛蒡(素)"
"臺中市","南屯區","臺中市南屯區永春國小","2026/08/31","椒鹽魷魚丸"
"臺中市","南屯區","臺中市南屯區永春國小","2026/08/31","海鮮嫩蛋"
"臺中市","南屯區","臺中市南屯區永春國小","2026/08/31","調味料"
"臺中市","南屯區","臺中市南屯區永春國小","2026/08/31","豆奶(素)"
"臺中市","南屯區","臺中市南屯區永春國小","2026/08/31","霸王雞腿"
"臺中市","南屯區","臺中市南屯區永春國小","2026/08/31","鮮菇嫩蛋(素)"
"臺中市","南屯區","臺中市南屯區惠文國小","2026/08/31","台式大雞腿"
"臺中市","南屯區","臺中市南屯區惠文國小","2026/08/31","有機小松菜"
"臺中市","南屯區","臺中市南屯區惠文國小","2026/08/31","砂鍋魚"
"臺中市","南屯區","臺中市南屯區惠文國小","2026/08/31","蕎麥飯"
"臺中市","南屯區","臺中市南屯區惠文國小","2026/08/31","蘿蔔排骨湯"
"臺中市","南屯區","臺中市南屯區惠文國小","2026/08/31","調味料"
"臺中市","南屯區","臺中市南屯區惠文國小","2026/08/31","麻婆豆腐"
"臺中市","南區","臺中市南區樹義國小","2026/08/31","健康飯"
"臺中市","南區","臺中市南區樹義國小","2026/08/31","台式大雞腿"
"臺中市","南區","臺中市南區樹義國小","2026/08/31","炒蚵仔白菜"
"臺中市","南區","臺中市南區樹義國小","2026/08/31","炒蚵仔白菜(素)"
"臺中市","南區","臺中市南區樹義國小","2026/08/31","猴頭菇燴什錦(素)"
"臺中市","南區","臺中市南區樹義國小","2026/08/31","砂鍋烤麩(素)"
"臺中市","南區","臺中市南區樹義國小","2026/08/31","砂鍋魚"
"臺中市","南區","臺中市南區樹義國小","2026/08/31","蘿蔔排骨湯"
"臺中市","南區","臺中市南區樹義國小","2026/08/31","蘿蔔湯(素)"
"臺中市","南區","臺中市南區樹義國小","2026/08/31","調味料"
"臺中市","南區","臺中市南區樹義國小","2026/08/31","麻婆豆腐"
"臺中市","南區","臺中市南區樹義國小","2026/08/31","麻婆豆腐(素)"
"臺中市","北屯區","臺中市北屯區東光國小","2026/08/31","有機小松菜"
"臺中市","北屯區","臺中市北屯區東光國小","2026/08/31","砂鍋魚"
"臺中市","北屯區","臺中市北屯區東光國小","2026/08/31","絲瓜燴白菇素"
"臺中市","北屯區","臺中市北屯區東光國小","2026/08/31","蘿蔔排骨湯"
"臺中市","北屯區","臺中市北屯區東光國小","2026/08/31","調味料"
"臺中市","北屯區","臺中市北屯區東光國小","2026/08/31","起司杏鮑菇素"
"臺中市","北屯區","臺中市北屯區東光國小","2026/08/31","霸王雞腿"
"臺中市","北屯區","臺中市北屯區東光國小","2026/08/31","麥片飯"
"臺中市","北屯區","臺中市北屯區東光國小","2026/08/31","麻婆豆腐"
"臺中市","西屯區","臺中市西屯區上安國小","2026/08/31","砂鍋魚丁"
"臺中市","西屯區","臺中市西屯區上安國小","2026/08/31","糙米飯"
"臺中市","西屯區","臺中市西屯區上安國小","2026/08/31","翠綠油菜"
"臺中市","西屯區","臺中市西屯區上安國小","2026/08/31","蘿蔔排骨湯"
"臺中市","西屯區","臺中市西屯區上安國小","2026/08/31","調味料"
"臺中市","西屯區","臺中市西屯區上安國小","2026/08/31","霸王雞腿"
"臺中市","西屯區","臺中市西屯區上安國小","2026/08/31","麻婆豆腐"
"臺中市","北屯區","臺中市北屯區仁美國小","2026/08/31","台式大雞腿"
"臺中市","北屯區","臺中市北屯區仁美國小","2026/08/31","白米飯"
"臺中市","北屯區","臺中市北屯區仁美國小","2026/08/31","砂鍋白菜(素)"
"臺中市","北屯區","臺中市北屯區仁美國小","2026/08/31","砂鍋魚丁"
"臺中市","北屯區","臺中市北屯區仁美國小","2026/08/31","薑汁蚵白菜"
"臺中市","北屯區","臺中市北屯區仁美國小","2026/08/31","調味料"
"臺中市","北屯區","臺中市北屯區仁美國小","2026/08/31","香炒豇豆(素)"
"臺中市","北屯區","臺中市北屯區仁美國小","2026/08/31","高纖蘿蔔湯"
"臺中市","北屯區","臺中市北屯區仁美國小","2026/08/31","高纖蘿蔔湯(素)"
"臺中市","北屯區","臺中市北屯區仁美國小","2026/08/31","麻婆豆腐"
"臺中市","北屯區","臺中市北屯區仁美國小","2026/08/31","麻婆豆腐(素)"
"臺中市","北屯區","臺中市北屯區仁美國小","2026/08/31","麻藥泡蛋(素)"
"臺中市","西屯區","臺中市西屯區長安國小","2026/08/31","五穀飯1150831"
"臺中市","西屯區","臺中市西屯區長安國小","2026/08/31","台式大雞腿1150831"
"臺中市","西屯區","臺中市西屯區長安國小","2026/08/31","炒四季豆(素)1150831"
"臺中市","西屯區","臺中市西屯區長安國小","2026/08/31","砂鍋豆腐(素)1150831"
"臺中市","西屯區","臺中市西屯區長安國小","2026/08/31","砂鍋魚1150831"
"臺中市","西屯區","臺中市西屯區長安國小","2026/08/31","芝麻包(素)1150831"
"臺中市","西屯區","臺中市西屯區長安國小","2026/08/31","芭樂(幼兒園)1150831"
"臺中市","西屯區","臺中市西屯區長安國小","2026/08/31","薑汁蚵白菜1150831"
"臺中市","西屯區","臺中市西屯區長安國小","2026/08/31","蘿蔔排骨湯1150831"
"臺中市","西屯區","臺中市西屯區長安國小","2026/08/31","蘿蔔玉米湯(素)1150831"
"臺中市","西屯區","臺中市西屯區長安國小","2026/08/31","蠔油素肚(素)1150831"
"臺中市","西屯區","臺中市西屯區長安國小","2026/08/31","調味料"
"臺中市","西屯區","臺中市西屯區長安國小","2026/08/31","麻婆豆腐1150831"
"臺中市","西屯區","臺中市西屯區惠來國小","2026/08/31","有機黑葉白菜"
"臺中市","西屯區","臺中市西屯區惠來國小","2026/08/31","有機黑葉白菜(素)"
"臺中市","西屯區","臺中市西屯區惠來國小","2026/08/31","椒鹽毛豆莢(素)"
"臺中市","西屯區","臺中市西屯區惠來國小","2026/08/31","沙茶什錦(素)"
"臺中市","西屯區","臺中市西屯區惠來國小","2026/08/31","白米飯"
"臺中市","西屯區","臺中市西屯區惠來國小","2026/08/31","砂糖橘"
"臺中市","西屯區","臺中市西屯區惠來國小","2026/08/31","砂鍋魚丁"
"臺中市","西屯區","臺中市西屯區惠來國小","2026/08/31","肉燥豆腐(素)"
"臺中市","西屯區","臺中市西屯區惠來國小","2026/08/31","蔬菜排(素)"
"臺中市","西屯區","臺中市西屯區惠來國小","2026/08/31","蘿蔔排骨湯"
"臺中市","西屯區","臺中市西屯區惠來國小","2026/08/31","蘿蔔湯(素)"
"臺中市","西屯區","臺中市西屯區惠來國小","2026/08/31","調味料"
"臺中市","西屯區","臺中市西屯區惠來國小","2026/08/31","霸王雞腿"
"臺中市","西屯區","臺中市西屯區惠來國小","2026/08/31","麻婆豆腐"
"臺中市","南屯區","臺中市南屯區大墩國小","2026/08/31","台式大雞腿D"
"臺中市","南屯區","臺中市南屯區大墩國小","2026/08/31","炒油菜B"
"臺中市","南屯區","臺中市南屯區大墩國小","2026/08/31","砂鍋魚"
"臺中市","南屯區","臺中市南屯區大墩國小","2026/08/31","紫米飯"
"臺中市","南屯區","臺中市南屯區大墩國小","2026/08/31","蘿蔔排骨湯"
"臺中市","南屯區","臺中市南屯區大墩國小","2026/08/31","調味料"
"臺中市","南屯區","臺中市南屯區大墩國小","2026/08/31","麻婆豆腐"
"臺中市","太平區","臺中市太平區坪林國小坪廍分校","2026/08/31","台式大雞腿"
"臺中市","太平區","臺中市太平區坪林國小坪廍分校","2026/08/31","油菜"
"臺中市","太平區","臺中市太平區坪林國小坪廍分校","2026/08/31","砂鍋魚"
"臺中市","太平區","臺中市太平區坪林國小坪廍分校","2026/08/31","胚芽飯"
"臺中市","太平區","臺中市太平區坪林國小坪廍分校","2026/08/31","蘿蔔排骨湯"
"臺中市","太平區","臺中市太平區坪林國小坪廍分校","2026/08/31","調味料"
"臺中市","太平區","臺中市太平區坪林國小坪廍分校","2026/08/31","麻婆豆腐"
"臺中市","和平區","臺中市和平區德芙蘭國小谷關分校","2026/08/31","有機空心菜"
"臺中市","和平區","臺中市和平區德芙蘭國小谷關分校","2026/08/31","砂鍋魚丁"
"臺中市","和平區","臺中市和平區德芙蘭國小谷關分校","2026/08/31","蘿蔔排骨湯"
"臺中市","和平區","臺中市和平區德芙蘭國小谷關分校","2026/08/31","霸王雞腿"
"臺中市","和平區","臺中市和平區德芙蘭國小谷關分校","2026/08/31","麥片飯"
"臺中市","和平區","臺中市和平區德芙蘭國小谷關分校","2026/08/31","麻婆豆腐"
"臺中市","和平區","臺中市和平區德芙蘭國小谷關分校","2026/08/31","龍眼"
"臺中市","和平區","臺中市和平區自由國小烏石分校","2026/08/31","有機空心菜"
"臺中市","和平區","臺中市和平區自由國小烏石分校","2026/08/31","白米飯"
"臺中市","和平區","臺中市和平區自由國小烏石分校","2026/08/31","砂糖橘"
"臺中市","和平區","臺中市和平區自由國小烏石分校","2026/08/31","砂鍋魚丁"
"臺中市","和平區","臺中市和平區自由國小烏石分校","2026/08/31","蘿蔔排骨湯"
"臺中市","和平區","臺中市和平區自由國小烏石分校","2026/08/31","調味料"
"臺中市","和平區","臺中市和平區自由國小烏石分校","2026/08/31","霸王雞腿"
"臺中市","和平區","臺中市和平區自由國小烏石分校","2026/08/31","麻婆豆腐"
"臺中市","太平區","臺中市太平區坪林國小","2026/08/31","台式大雞腿"
"臺中市","太平區","臺中市太平區坪林國小","2026/08/31","油菜"
"臺中市","太平區","臺中市太平區坪林國小","2026/08/31","砂鍋魚"
"臺中市","太平區","臺中市太平區坪林國小","2026/08/31","胚芽飯"
"臺中市","太平區","臺中市太平區坪林國小","2026/08/31","蘿蔔排骨湯"
"臺中市","太平區","臺中市太平區坪林國小","2026/08/31","調味料"
"臺中市","太平區","臺中市太平區坪林國小","2026/08/31","麻婆豆腐"
"臺中市","西屯區","臺中市西屯區東海國小","2026/08/31","(素)三杯鮑菇紫菜糕"
"臺中市","西屯區","臺中市西屯區東海國小","2026/08/31","(素)砂鍋豆腸"
"臺中市","西屯區","臺中市西屯區東海國小","2026/08/31","(素)素肉圓"
"臺中市","西屯區","臺中市西屯區東海國小","2026/08/31","(素)蘿蔔素排湯"
"臺中市","西屯區","臺中市西屯區東海國小","2026/08/31","(素)麻婆豆腐"
"臺中市","西屯區","臺中市西屯區東海國小","2026/08/31","台式大雞腿"
"臺中市","西屯區","臺中市西屯區東海國小","2026/08/31","小米飯"
"臺中市","西屯區","臺中市西屯區東海國小","2026/08/31","砂鍋魚丁"
"臺中市","西屯區","臺中市西屯區東海國小","2026/08/31","蘿蔔排骨湯"
"臺中市","西屯區","臺中市西屯區東海國小","2026/08/31","高麗菜"
"臺中市","西屯區","臺中市西屯區東海國小","2026/08/31","麻婆豆腐"
"臺中市","西屯區","臺中市西屯區私立麗喆國(中)小","2026/08/03","左宗棠雞20260803"
"臺中市","西屯區","臺中市西屯區私立麗喆國(中)小","2026/08/03","有機荷葉白菜20260803"
"臺中市","西屯區","臺中市西屯區私立麗喆國(中)小","2026/08/03","滷三角油豆腐20260803"
"臺中市","西屯區","臺中市西屯區私立麗喆國(中)小","2026/08/03","百香果20260803"
"臺中市","西屯區","臺中市西屯區私立麗喆國(中)小","2026/08/03","筍香燒肉"
"臺中市","西屯區","臺中市西屯區私立麗喆國(中)小","2026/08/03","紅藜飯20260803"
"臺中市","西屯區","臺中市西屯區私立麗喆國(中)小","2026/08/03","調味料"
"臺中市","西屯區","臺中市西屯區私立麗喆國(中)小","2026/08/03","黃瓜蛋花湯20260803"
"臺中市","西屯區","臺中市西屯區私立麗喆國(中)小","2026/08/04","五香滷蛋20260804"
"臺中市","西屯區","臺中市西屯區私立麗喆國(中)小","2026/08/04","咖哩雞20260804"
"臺中市","西屯區","臺中市西屯區私立麗喆國(中)小","2026/08/04","塔香海根"
"臺中市","西屯區","臺中市西屯區私立麗喆國(中)小","2026/08/04","小玉西瓜20260804"
"臺中市","西屯區","臺中市西屯區私立麗喆國(中)小","2026/08/04","糙米飯20260804"
"臺中市","西屯區","臺中市西屯區私立麗喆國(中)小","2026/08/04","翠綠青花菜20260804"
"臺中市","西屯區","臺中市西屯區私立麗喆國(中)小","2026/08/04","蕈菇味噌湯20260804"
"臺中市","西屯區","臺中市西屯區私立麗喆國(中)小","2026/08/04","調味料"
"臺中市","西屯區","臺中市西屯區私立麗喆國(中)小","2026/08/07","孜然雞翅20260807"
"臺中市","西屯區","臺中市西屯區私立麗喆國(中)小","2026/08/07","小米飯20260807"
"臺中市","西屯區","臺中市西屯區私立麗喆國(中)小","2026/08/07","有機青江菜20260807"
"臺中市","西屯區","臺中市西屯區私立麗喆國(中)小","2026/08/07","粉蒸肉條"
"臺中市","西屯區","臺中市西屯區私立麗喆國(中)小","2026/08/07","紅燒豆輪20260807"
"臺中市","西屯區","臺中市西屯區私立麗喆國(中)小","2026/08/07","芭樂20260807"
"臺中市","西屯區","臺中市西屯區私立麗喆國(中)小","2026/08/07","菇菇肉湯20260807"
"臺中市","西屯區","臺中市西屯區私立麗喆國(中)小","2026/08/07","調味料"
"臺中市","西屯區","臺中市西屯區私立麗喆國(中)小","2026/08/05","京都醬香肉20260805"
"臺中市","西屯區","臺中市西屯區私立麗喆國(中)小","2026/08/05","冬蝦白菜滷"
"臺中市","西屯區","臺中市西屯區私立麗喆國(中)小","2026/08/05","嘉義雞肉飯20260805"
"臺中市","西屯區","臺中市西屯區私立麗喆國(中)小","2026/08/05","有機山菠菜20260805"
"臺中市","西屯區","臺中市西屯區私立麗喆國(中)小","2026/08/05","蘿蔔排骨湯20260805"
"臺中市","西屯區","臺中市西屯區私立麗喆國(中)小","2026/08/05","調味料"
"臺中市","西屯區","臺中市西屯區私立麗喆國(中)小","2026/08/05","鳳梨20260805"
"臺中市","西屯區","臺中市西屯區私立麗喆國(中)小","2026/08/06","冬茸蒸魚20260806"
"臺中市","西屯區","臺中市西屯區私立麗喆國(中)小","2026/08/06","哈密瓜20260806"
"臺中市","西屯區","臺中市西屯區私立麗喆國(中)小","2026/08/06","白米飯20260806"
"臺中市","西屯區","臺中市西屯區私立麗喆國(中)小","2026/08/06","肉羹湯20260806"
"臺中市","西屯區","臺中市西屯區私立麗喆國(中)小","2026/08/06","脆炒高麗菜20260806"
"臺中市","西屯區","臺中市西屯區私立麗喆國(中)小","2026/08/06","調味料"
"臺中市","西屯區","臺中市西屯區私立麗喆國(中)小","2026/08/06","金沙杏鮑菇"
"臺中市","西屯區","臺中市西屯區私立麗喆國(中)小","2026/08/06","香蒜毛豆莢20260806"
"臺中市","西屯區","臺中市西屯區私立麗喆國(中)小","2026/08/10","有機山菠菜20260810"
"臺中市","西屯區","臺中市西屯區私立麗喆國(中)小","2026/08/10","玉米濃湯20260810"
"臺中市","西屯區","臺中市西屯區私立麗喆國(中)小","2026/08/10","百香果20260810"
"臺中市","西屯區","臺中市西屯區私立麗喆國(中)小","2026/08/10","芝麻飯20260810"
"臺中市","西屯區","臺中市西屯區私立麗喆國(中)小","2026/08/10","蒜泥白肉20260810"
"臺中市","西屯區","臺中市西屯區私立麗喆國(中)小","2026/08/10","調味料"
"臺中市","西屯區","臺中市西屯區私立麗喆國(中)小","2026/08/10","豇豆麵腸"
"臺中市","西屯區","臺中市西屯區私立麗喆國(中)小","2026/08/10","香滷大魚丸20260810"
"臺中市","西屯區","臺中市西屯區私立麗喆國(中)小","2026/08/11","冬瓜排骨湯20260811"
"臺中市","西屯區","臺中市西屯區私立麗喆國(中)小","2026/08/11","地瓜飯20260811"
"臺中市","西屯區","臺中市西屯區私立麗喆國(中)小","2026/08/11","有機小松菜20260811"
"臺中市","西屯區","臺中市西屯區私立麗喆國(中)小","2026/08/11","滷小豆干20260811"
"臺中市","西屯區","臺中市西屯區私立麗喆國(中)小","2026/08/11","糖醋魚丁20260811"
"臺中市","西屯區","臺中市西屯區私立麗喆國(中)小","2026/08/11","美濃瓜20260811"
"臺中市","西屯區","臺中市西屯區私立麗喆國(中)小","2026/08/11","蔗香雞翅"
"臺中市","西屯區","臺中市西屯區私立麗喆國(中)小","2026/08/11","調味料"
"臺中市","西屯區","臺中市西屯區私立麗喆國(中)小","2026/08/12","南瓜濃湯20260812"
"臺中市","西屯區","臺中市西屯區私立麗喆國(中)小","2026/08/12","火龍果20260812"
"臺中市","西屯區","臺中市西屯區私立麗喆國(中)小","2026/08/12","白醬義大利麵20260812"
"臺中市","西屯區","臺中市西屯區私立麗喆國(中)小","2026/08/12","翠綠青花菜20260812"
"臺中市","西屯區","臺中市西屯區私立麗喆國(中)小","2026/08/12","蘑菇炒蛋"
"臺中市","西屯區","臺中市西屯區私立麗喆國(中)小","2026/08/12","調味料"
"臺中市","西屯區","臺中市西屯區私立麗喆國(中)小","2026/08/12","骰子豬20260812"
"臺中市","西屯區","臺中市西屯區私立麗喆國(中)小","2026/08/13","宮保雞丁20260813"
"臺中市","西屯區","臺中市西屯區私立麗喆國(中)小","2026/08/13","小玉西瓜20260813"
"臺中市","西屯區","臺中市西屯區私立麗喆國(中)小","2026/08/13","有機青莧菜20260813"
"臺中市","西屯區","臺中市西屯區私立麗喆國(中)小","2026/08/13","糙米飯20260813"
"臺中市","西屯區","臺中市西屯區私立麗喆國(中)小","2026/08/13","蘿蔔油腐湯20260813"
"臺中市","西屯區","臺中市西屯區私立麗喆國(中)小","2026/08/13","蟳味蒸蛋20260813"
"臺中市","西屯區","臺中市西屯區私立麗喆國(中)小","2026/08/13","調味料"
"臺中市","西屯區","臺中市西屯區私立麗喆國(中)小","2026/08/13","醬烤排骨"
"臺中市","西屯區","臺中市西屯區私立麗喆國(中)小","2026/08/14","十三香炒雞丁20260814"
"臺中市","西屯區","臺中市西屯區私立麗喆國(中)小","2026/08/14","味噌蔬菜湯20260814"
"臺中市","西屯區","臺中市西屯區私立麗喆國(中)小","2026/08/14","哈密瓜20260814"
"臺中市","西屯區","臺中市西屯區私立麗喆國(中)小","2026/08/14","大瓜黑輪20260814"
"臺中市","西屯區","臺中市西屯區私立麗喆國(中)小","2026/08/14","客家小炒"
"臺中市","西屯區","臺中市西屯區私立麗喆國(中)小","2026/08/14","有機A菜20260814"
"臺中市","西屯區","臺中市西屯區私立麗喆國(中)小","2026/08/14","白米飯20260814"
"臺中市","西屯區","臺中市西屯區私立麗喆國(中)小","2026/08/14","調味料"
"臺中市","西屯區","臺中市西屯區私立麗喆國(中)小","2026/08/17","有機荷葉白菜"
"臺中市","西屯區","臺中市西屯區私立麗喆國(中)小","2026/08/17","竹筍燒雞"
"臺中市","西屯區","臺中市西屯區私立麗喆國(中)小","2026/08/17","美濃瓜"
"臺中市","西屯區","臺中市西屯區私立麗喆國(中)小","2026/08/17","蒸黃金豆腐"
"臺中市","西屯區","臺中市西屯區私立麗喆國(中)小","2026/08/17","蠔油粉絲煲"
"臺中市","西屯區","臺中市西屯區私立麗喆國(中)小","2026/08/17","調味料"
"臺中市","西屯區","臺中市西屯區私立麗喆國(中)小","2026/08/17","金針肉絲湯"
"臺中市","西屯區","臺中市西屯區私立麗喆國(中)小","2026/08/17","麥片飯"
"臺中市","西屯區","臺中市西屯區私立麗喆國(中)小","2026/08/19","BBQ炒肉"
"臺中市","西屯區","臺中市西屯區私立麗喆國(中)小","2026/08/19","大亨堡"
"臺中市","西屯區","臺中市西屯區私立麗喆國(中)小","2026/08/19","翠綠青花菜"
"臺中市","西屯區","臺中市西屯區私立麗喆國(中)小","2026/08/19","蘋果烤派"
"臺中市","西屯區","臺中市西屯區私立麗喆國(中)小","2026/08/19","蛤蜊濃湯"
"臺中市","西屯區","臺中市西屯區私立麗喆國(中)小","2026/08/19","調味料"
"臺中市","西屯區","臺中市西屯區私立麗喆國(中)小","2026/08/19","鳳梨"
"臺中市","西屯區","臺中市西屯區私立麗喆國(中)小","2026/08/18","有機青莧菜"
"臺中市","西屯區","臺中市西屯區私立麗喆國(中)小","2026/08/18","焗汁洋芋"
"臺中市","西屯區","臺中市西屯區私立麗喆國(中)小","2026/08/18","白菜三絲湯"
"臺中市","西屯區","臺中市西屯區私立麗喆國(中)小","2026/08/18","糙米飯"
"臺中市","西屯區","臺中市西屯區私立麗喆國(中)小","2026/08/18","紅燒鮮魚"
"臺中市","西屯區","臺中市西屯區私立麗喆國(中)小","2026/08/18","花生豬腳"
"臺中市","西屯區","臺中市西屯區私立麗喆國(中)小","2026/08/18","西瓜"
"臺中市","西屯區","臺中市西屯區私立麗喆國(中)小","2026/08/18","調味料"
"臺中市","西屯區","臺中市西屯區私立麗喆國(中)小","2026/08/20","有機銀芽"
"臺中市","西屯區","臺中市西屯區私立麗喆國(中)小","2026/08/20","海芽蛋花湯"
"臺中市","西屯區","臺中市西屯區私立麗喆國(中)小","2026/08/20","玉米三色"
"臺中市","西屯區","臺中市西屯區私立麗喆國(中)小","2026/08/20","百香果"
"臺中市","西屯區","臺中市西屯區私立麗喆國(中)小","2026/08/20","紅藜飯"
"臺中市","西屯區","臺中市西屯區私立麗喆國(中)小","2026/08/20","蒸肉餅"
"臺中市","西屯區","臺中市西屯區私立麗喆國(中)小","2026/08/20","西芹魷魚"
"臺中市","西屯區","臺中市西屯區私立麗喆國(中)小","2026/08/20","調味料"
"臺中市","西屯區","臺中市西屯區私立麗喆國(中)小","2026/08/21","哈密瓜"
"臺中市","西屯區","臺中市西屯區私立麗喆國(中)小","2026/08/21","小米飯"
"臺中市","西屯區","臺中市西屯區私立麗喆國(中)小","2026/08/21","有機A菜"
"臺中市","西屯區","臺中市西屯區私立麗喆國(中)小","2026/08/21","榨菜肉絲湯"
"臺中市","西屯區","臺中市西屯區私立麗喆國(中)小","2026/08/21","油燜鮮筍"
"臺中市","西屯區","臺中市西屯區私立麗喆國(中)小","2026/08/21","滑蛋蝦仁豆腐"
"臺中市","西屯區","臺中市西屯區私立麗喆國(中)小","2026/08/21","菠菜香草雞"
"臺中市","西屯區","臺中市西屯區私立麗喆國(中)小","2026/08/21","調味料"
"臺中市","西屯區","臺中市西屯區私立麗喆國(中)小","2026/08/31","味噌湯20260831"
"臺中市","西屯區","臺中市西屯區私立麗喆國(中)小","2026/08/31","小玉西瓜20260831"
"臺中市","西屯區","臺中市西屯區私立麗喆國(中)小","2026/08/31","小米飯20260831"
"臺中市","西屯區","臺中市西屯區私立麗喆國(中)小","2026/08/31","日式咖哩雞20260831"
"臺中市","西屯區","臺中市西屯區私立麗喆國(中)小","2026/08/31","椒鹽魷魚丸"
"臺中市","西屯區","臺中市西屯區私立麗喆國(中)小","2026/08/31","毛豆炒蛋20260831"
"臺中市","西屯區","臺中市西屯區私立麗喆國(中)小","2026/08/31","翠綠青花菜20260831"
"臺中市","西屯區","臺中市西屯區私立麗喆國(中)小","2026/08/31","調味料"
"臺中市","北區","臺中市北區私立育仁國小","2026/08/03","吻仔魚粥1150803"
"臺中市","北區","臺中市北區私立育仁國小","2026/08/03","熱狗大烹堡1150803"
"臺中市","北區","臺中市北區私立育仁國小","2026/08/03","蘋果1150803"
"臺中市","北區","臺中市北區私立育仁國小","2026/08/03","調味料"
"臺中市","北區","臺中市北區私立育仁國小","2026/08/03","高麗菜1150803"
"臺中市","北區","臺中市北區私立育仁國小","2026/08/03","麥克雞塊薯條1150803"
"臺中市","北區","臺中市北區私立育仁國小","2026/08/04","什錦花枝羹1150804"
"臺中市","北區","臺中市北區私立育仁國小","2026/08/04","十穀飯1150804"
"臺中市","北區","臺中市北區私立育仁國小","2026/08/04","台灣葡萄1150804"
"臺中市","北區","臺中市北區私立育仁國小","2026/08/04","有機豆芽菜1150804"
"臺中市","北區","臺中市北區私立育仁國小","2026/08/04","柚香脆雞1150804"
"臺中市","北區","臺中市北區私立育仁國小","2026/08/04","榨菜肉絲湯1150804"
"臺中市","北區","臺中市北區私立育仁國小","2026/08/04","調味料"
"臺中市","北區","臺中市北區私立育仁國小","2026/08/05","火龍果1150805"
"臺中市","北區","臺中市北區私立育仁國小","2026/08/05","紅燒烏龍麵1150805"
"臺中市","北區","臺中市北區私立育仁國小","2026/08/05","調味料"
"臺中市","北區","臺中市北區私立育仁國小","2026/08/06","冬瓜排骨湯1150806"
"臺中市","北區","臺中市北區私立育仁國小","2026/08/06","彩椒杏鮑菇1150806"
"臺中市","北區","臺中市北區私立育仁國小","2026/08/06","打抛豬肉1150806"
"臺中市","北區","臺中市北區私立育仁國小","2026/08/06","砂糖橘1150806"
"臺中市","北區","臺中市北區私立育仁國小","2026/08/06","空心菜1150806"
"臺中市","北區","臺中市北區私立育仁國小","2026/08/06","糙米飯1150806"
"臺中市","北區","臺中市北區私立育仁國小","2026/08/06","調味料"
"臺中市","北區","臺中市北區私立育仁國小","2026/08/07","小白菜1150807"
"臺中市","北區","臺中市北區私立育仁國小","2026/08/07","玉米炒蛋1150807"
"臺中市","北區","臺中市北區私立育仁國小","2026/08/07","白米飯1150807"
"臺中市","北區","臺中市北區私立育仁國小","2026/08/07","莧菜吻魚湯1150807"
"臺中市","北區","臺中市北區私立育仁國小","2026/08/07","蒲燒魚片1150807"
"臺中市","北區","臺中市北區私立育仁國小","2026/08/07","調味料"
"臺中市","北區","臺中市北區私立育仁國小","2026/08/07","香蕉1150807"
"臺中市","北區","臺中市北區私立育仁國小","2026/08/10","台灣鯛芋頭米粉1150810"
"臺中市","北區","臺中市北區私立育仁國小","2026/08/10","大陸妹1150810"
"臺中市","北區","臺中市北區私立育仁國小","2026/08/10","水梨1150810"
"臺中市","北區","臺中市北區私立育仁國小","2026/08/10","白玉魚丸湯1150810"
"臺中市","北區","臺中市北區私立育仁國小","2026/08/10","繽紛永續魷魚圈1150810"
"臺中市","北區","臺中市北區私立育仁國小","2026/08/10","調味料"
"臺中市","北區","臺中市北區私立育仁國小","2026/08/10","黃金地瓜小米飯1150810"
"臺中市","北區","臺中市北區私立育仁國小","2026/08/11","咖哩洋芋1150811"
"臺中市","北區","臺中市北區私立育仁國小","2026/08/11","有機青江菜1150811"
"臺中市","北區","臺中市北區私立育仁國小","2026/08/11","糙米飯1150811"
"臺中市","北區","臺中市北區私立育仁國小","2026/08/11","蘋果1150811"
"臺中市","北區","臺中市北區私立育仁國小","2026/08/11","調味料"
"臺中市","北區","臺中市北區私立育仁國小","2026/08/11","青木瓜枸杞湯1150811"
"臺中市","北區","臺中市北區私立育仁國小","2026/08/11","鹹水雞1150811"
"臺中市","北區","臺中市北區私立育仁國小","2026/08/12","傳統炒麵1150812"
"臺中市","北區","臺中市北區私立育仁國小","2026/08/12","美式雞柳1150812"
"臺中市","北區","臺中市北區私立育仁國小","2026/08/12","芭樂1150812"
"臺中市","北區","臺中市北區私立育仁國小","2026/08/12","調味料"
"臺中市","北區","臺中市北區私立育仁國小","2026/08/12","酸辣湯1150812"
"臺中市","北區","臺中市北區私立育仁國小","2026/08/13","火龍果1150813"
"臺中市","北區","臺中市北區私立育仁國小","2026/08/13","紫米飯1150813"
"臺中市","北區","臺中市北區私立育仁國小","2026/08/13","花瓜拌雲耳1150813"
"臺中市","北區","臺中市北區私立育仁國小","2026/08/13","莧菜1150813"
"臺中市","北區","臺中市北區私立育仁國小","2026/08/13","調味料"
"臺中市","北區","臺中市北區私立育仁國小","2026/08/13","香菇肉燥1150813"
"臺中市","北區","臺中市北區私立育仁國小","2026/08/13","麻油雞湯1150813"
"臺中市","北區","臺中市北區私立育仁國小","2026/08/14","三杯魚丁1150814"
"臺中市","北區","臺中市北區私立育仁國小","2026/08/14","南瓜炒蛋1150814"
"臺中市","北區","臺中市北區私立育仁國小","2026/08/14","白米飯1150814"
"臺中市","北區","臺中市北區私立育仁國小","2026/08/14","絲瓜蛤蜊湯1150814"
"臺中市","北區","臺中市北區私立育仁國小","2026/08/14","調味料"
"臺中市","北區","臺中市北區私立育仁國小","2026/08/14","豆芽菜1150814"
"臺中市","北區","臺中市北區私立育仁國小","2026/08/14","香蕉1150814"
"臺中市","北區","臺中市北區私立育仁國小","2026/08/17","有機小松菜1150817"
"臺中市","北區","臺中市北區私立育仁國小","2026/08/17","火龍果1150817"
"臺中市","北區","臺中市北區私立育仁國小","2026/08/17","照燒雞1150817"
"臺中市","北區","臺中市北區私立育仁國小","2026/08/17","紅藜飯1150817"
"臺中市","北區","臺中市北區私立育仁國小","2026/08/17","調味料"
"臺中市","北區","臺中市北區私立育仁國小","2026/08/17","豆干三絲1150817"
"臺中市","北區","臺中市北區私立育仁國小","2026/08/17","針菇肉絲湯1150817"
"臺中市","北區","臺中市北區私立育仁國小","2026/08/18","五穀飯1150818"
"臺中市","北區","臺中市北區私立育仁國小","2026/08/18","海苗蛋花湯1150818"
"臺中市","北區","臺中市北區私立育仁國小","2026/08/18","紅燒豬腩1150818"
"臺中市","北區","臺中市北區私立育仁國小","2026/08/18","絲瓜麵線1150818"
"臺中市","北區","臺中市北區私立育仁國小","2026/08/18","莧菜1150818"
"臺中市","北區","臺中市北區私立育仁國小","2026/08/18","調味料"
"臺中市","北區","臺中市北區私立育仁國小","2026/08/18","龍眼1150818"
"臺中市","北區","臺中市北區私立育仁國小","2026/08/19","地瓜椪1150819"
"臺中市","北區","臺中市北區私立育仁國小","2026/08/19","大滷麵1150819"
"臺中市","北區","臺中市北區私立育仁國小","2026/08/19","西瓜1150819"
"臺中市","北區","臺中市北區私立育仁國小","2026/08/19","調味料"
"臺中市","北區","臺中市北區私立育仁國小","2026/08/20","油菜1150820"
"臺中市","北區","臺中市北區私立育仁國小","2026/08/20","泡菜起司年糕1150820"
"臺中市","北區","臺中市北區私立育仁國小","2026/08/20","玉米大骨湯1150820"
"臺中市","北區","臺中市北區私立育仁國小","2026/08/20","瓜仔雞1150820"
"臺中市","北區","臺中市北區私立育仁國小","2026/08/20","胚芽飯1150820"
"臺中市","北區","臺中市北區私立育仁國小","2026/08/20","蘋果1150820"
"臺中市","北區","臺中市北區私立育仁國小","2026/08/20","調味料"
"臺中市","北區","臺中市北區私立育仁國小","2026/08/21","小白菜1150821"
"臺中市","北區","臺中市北區私立育仁國小","2026/08/21","炸柳葉魚三角薯餅1150821"
"臺中市","北區","臺中市北區私立育仁國小","2026/08/21","白米飯1150821"
"臺中市","北區","臺中市北區私立育仁國小","2026/08/21","蛤蜊蒸蛋1150821"
"臺中市","北區","臺中市北區私立育仁國小","2026/08/21","調味料"
"臺中市","北區","臺中市北區私立育仁國小","2026/08/21","香蕉1150821"
"臺中市","北區","臺中市北區私立育仁國小","2026/08/21","鮮蔬味噌湯1150821"
"臺中市","北區","臺中市北區私立育仁國小","2026/08/31","台中好菇湯1150831"
"臺中市","北區","臺中市北區私立育仁國小","2026/08/31","干貝蒸蛋1150831"
"臺中市","北區","臺中市北區私立育仁國小","2026/08/31","白米飯1150831"
"臺中市","北區","臺中市北區私立育仁國小","2026/08/31","莧菜1150831"
"臺中市","北區","臺中市北區私立育仁國小","2026/08/31","薯條1150831"
"臺中市","北區","臺中市北區私立育仁國小","2026/08/31","蘋果1150831"
"臺中市","北區","臺中市北區私立育仁國小","2026/08/31","調味料"
"臺中市","北區","臺中市北區私立育仁國小","2026/08/31","轟炸雞腿1150831"
"臺中市","北區","臺中市北區私立育仁國小","2026/08/31","麥克魚塊1150831"
"臺中市","北屯區","臺中市北屯區私立慎齋國小","2026/08/31","履歷小白菜"
"臺中市","北屯區","臺中市北屯區私立慎齋國小","2026/08/31","滷油豆腐"
"臺中市","北屯區","臺中市北屯區私立慎齋國小","2026/08/31","火龍果"
"臺中市","北屯區","臺中市北屯區私立慎齋國小","2026/08/31","白飯"
"臺中市","北屯區","臺中市北屯區私立慎齋國小","2026/08/31","調味料"
"臺中市","北屯區","臺中市北屯區私立慎齋國小","2026/08/31","金針菇龍骨湯"
"臺中市","北屯區","臺中市北屯區私立慎齋國小","2026/08/31","鹽酥貢丸"
"臺中市","潭子區","臺中市潭子區私立華盛頓國小","2026/08/31","丁香馬鈴薯小炒"
"臺中市","潭子區","臺中市潭子區私立華盛頓國小","2026/08/31","寧波炒年糕"
"臺中市","潭子區","臺中市潭子區私立華盛頓國小","2026/08/31","春川炒雞"
"臺中市","潭子區","臺中市潭子區私立華盛頓國小","2026/08/31","時令水果"
"臺中市","潭子區","臺中市潭子區私立華盛頓國小","2026/08/31","有機莧菜"
"臺中市","潭子區","臺中市潭子區私立華盛頓國小","2026/08/31","海苔拳頭飯"
"臺中市","潭子區","臺中市潭子區私立華盛頓國小","2026/08/31","調味料"
"臺中市","潭子區","臺中市潭子區私立華盛頓國小","2026/08/31","韓國炸醬麵"
"臺中市","潭子區","臺中市潭子區私立華盛頓國小","2026/08/31","韓式烤肉"
"臺中市","潭子區","臺中市潭子區私立華盛頓國小","2026/08/31","韓式豬骨湯"
"臺中市","潭子區","臺中市潭子區私立華盛頓國小","2026/08/31","香炒培根黃豆芽"
"臺中市","北屯區","臺中市北屯區私立明道普霖斯頓國小","2026/08/31","柴魚味噌湯"
"臺中市","北屯區","臺中市北屯區私立明道普霖斯頓國小","2026/08/31","濃郁湯咖哩"
"臺中市","北屯區","臺中市北屯區私立明道普霖斯頓國小","2026/08/31","白米飯"
"臺中市","北屯區","臺中市北屯區私立明道普霖斯頓國小","2026/08/31","西瓜"
"臺中市","北屯區","臺中市北屯區私立明道普霖斯頓國小","2026/08/31","調味料"
"臺中市","北屯區","臺中市北屯區私立明道普霖斯頓國小","2026/08/31","酸甜水鯊魚"
"臺中市","北屯區","臺中市北屯區私立明道普霖斯頓國小","2026/08/31","高麗菜"
"臺中市","梧棲區","臺中市梧棲區善水國中(小)","2026/08/31","保久乳"
"臺中市","梧棲區","臺中市梧棲區善水國中(小)","2026/08/31","台式大雞腿"
"臺中市","梧棲區","臺中市梧棲區善水國中(小)","2026/08/31","油菜"
"臺中市","梧棲區","臺中市梧棲區善水國中(小)","2026/08/31","砂鍋魚"
"臺中市","梧棲區","臺中市梧棲區善水國中(小)","2026/08/31","芝麻飯"
"臺中市","梧棲區","臺中市梧棲區善水國中(小)","2026/08/31","蘿蔔排骨湯"
"臺中市","梧棲區","臺中市梧棲區善水國中(小)","2026/08/31","調味料"
"臺中市","梧棲區","臺中市梧棲區善水國中(小)","2026/08/31","麻婆豆腐"
"臺中市","北屯區","臺中市北屯區廍子國小","2026/08/31","台式大雞腿"
"臺中市","北屯區","臺中市北屯區廍子國小","2026/08/31","油菜"
"臺中市","北屯區","臺中市北屯區廍子國小","2026/08/31","砂鍋魚"
"臺中市","北屯區","臺中市北屯區廍子國小","2026/08/31","胚芽飯"
"臺中市","北屯區","臺中市北屯區廍子國小","2026/08/31","蘿蔔排骨湯"
"臺中市","北屯區","臺中市北屯區廍子國小","2026/08/31","調味料"
"臺中市","北屯區","臺中市北屯區廍子國小","2026/08/31","麻婆豆腐"
"臺中市","北屯區","臺中市北屯區廍子國小","2026/08/31","台式大雞腿滷"
"臺中市","北屯區","臺中市北屯區廍子國小","2026/08/31","炒油菜"
"臺中市","北屯區","臺中市北屯區廍子國小","2026/08/31","砂鍋魚"
"臺中市","北屯區","臺中市北屯區廍子國小","2026/08/31","胚芽飯"
"臺中市","北屯區","臺中市北屯區廍子國小","2026/08/31","蘿蔔排骨湯"
"臺中市","北屯區","臺中市北屯區廍子國小","2026/08/31","調味料"
"臺中市","北屯區","臺中市北屯區廍子國小","2026/08/31","麻婆豆腐"
"臺中市","北屯區","臺中市北屯區廍子國小","2026/08/31","台式大雞腿"
"臺中市","北屯區","臺中市北屯區廍子國小","2026/08/31","油菜"
"臺中市","北屯區","臺中市北屯區廍子國小","2026/08/31","砂鍋魚"
"臺中市","北屯區","臺中市北屯區廍子國小","2026/08/31","胚芽飯"
"臺中市","北屯區","臺中市北屯區廍子國小","2026/08/31","蘿蔔排骨湯"
"臺中市","北屯區","臺中市北屯區廍子國小","2026/08/31","調味料"
"臺中市","北屯區","臺中市北屯區廍子國小","2026/08/31","麻婆豆腐"
"臺中市","太平區","臺中市太平區新高國小","2026/08/31","台式大雞腿"
"臺中市","太平區","臺中市太平區新高國小","2026/08/31","有機莧菜"
"臺中市","太平區","臺中市太平區新高國小","2026/08/31","砂鍋魚"
"臺中市","太平區","臺中市太平區新高國小","2026/08/31","糙米飯"
"臺中市","太平區","臺中市太平區新高國小","2026/08/31","蘿蔔排骨湯"
"臺中市","太平區","臺中市太平區新高國小","2026/08/31","調味料"
"臺中市","太平區","臺中市太平區新高國小","2026/08/31","麻婆豆腐"
"臺中市","太平區","臺中市太平區新高國小","2026/08/31","台式大雞腿滷"
"臺中市","太平區","臺中市太平區新高國小","2026/08/31","炒油菜"
"臺中市","太平區","臺中市太平區新高國小","2026/08/31","砂鍋魚"
"臺中市","太平區","臺中市太平區新高國小","2026/08/31","胚芽飯"
"臺中市","太平區","臺中市太平區新高國小","2026/08/31","蘿蔔排骨湯"
"臺中市","太平區","臺中市太平區新高國小","2026/08/31","調味料"
"臺中市","太平區","臺中市太平區新高國小","2026/08/31","麻婆豆腐"
"臺中市","太平區","臺中市太平區新高國小","2026/08/31","台式大雞腿"
"臺中市","太平區","臺中市太平區新高國小","2026/08/31","砂鍋魚"
"臺中市","太平區","臺中市太平區新高國小","2026/08/31","胚米飯"
"臺中市","太平區","臺中市太平區新高國小","2026/08/31","蘿蔔排骨湯"
"臺中市","太平區","臺中市太平區新高國小","2026/08/31","調味料"
"臺中市","太平區","臺中市太平區新高國小","2026/08/31","青江菜"
"臺中市","太平區","臺中市太平區新高國小","2026/08/31","麻婆豆腐"
"臺中市","南區","臺中市南區樹德國小","2026/08/31","台式大雞腿(國小加碼)"
"臺中市","南區","臺中市南區樹德國小","2026/08/31","砂鍋魚"
"臺中市","南區","臺中市南區樹德國小","2026/08/31","素砂鍋菜"
"臺中市","南區","臺中市南區樹德國小","2026/08/31","素胡麻秋葵(國小加碼)"
"臺中市","南區","臺中市南區樹德國小","2026/08/31","素芹香蘿蔔湯"
"臺中市","南區","臺中市南區樹德國小","2026/08/31","素青江菜"
"臺中市","南區","臺中市南區樹德國小","2026/08/31","素麻婆豆腐"
"臺中市","南區","臺中市南區樹德國小","2026/08/31","蘿蔔排骨湯"
"臺中市","南區","臺中市南區樹德國小","2026/08/31","調味料"
"臺中市","南區","臺中市南區樹德國小","2026/08/31","青江菜"
"臺中市","南區","臺中市南區樹德國小","2026/08/31","麥片飯"
"臺中市","南區","臺中市南區樹德國小","2026/08/31","麻婆豆腐"
"臺中市","北屯區","臺中市北屯區松強國小","2026/08/31","台式大雞腿"
"臺中市","北屯區","臺中市北屯區松強國小","2026/08/31","小米飯"
"臺中市","北屯區","臺中市北屯區松強國小","2026/08/31","炒茭白筍(素)"
"臺中市","北屯區","臺中市北屯區松強國小","2026/08/31","砂鍋魚"
"臺中市","北屯區","臺中市北屯區松強國小","2026/08/31","素雲菜捲(素)"
"臺中市","北屯區","臺中市北屯區松強國小","2026/08/31","翠綠青江菜"
"臺中市","北屯區","臺中市北屯區松強國小","2026/08/31","翠綠青江菜(素)"
"臺中市","北屯區","臺中市北屯區松強國小","2026/08/31","蘿蔔排骨湯"
"臺中市","北屯區","臺中市北屯區松強國小","2026/08/31","蘿蔔豆皮湯(素)"
"臺中市","北屯區","臺中市北屯區松強國小","2026/08/31","調味料"
"臺中市","北屯區","臺中市北屯區松強國小","2026/08/31","麻婆豆腐"
"臺中市","北屯區","臺中市北屯區松強國小","2026/08/31","麻婆豆腐(素)"
"臺中市","沙鹿區","臺中市沙鹿區鹿陽國小","2026/08/31","台式大雞腿"
"臺中市","沙鹿區","臺中市沙鹿區鹿陽國小","2026/08/31","彩繪玉米(素)"
"臺中市","沙鹿區","臺中市沙鹿區鹿陽國小","2026/08/31","有機小松菜"
"臺中市","沙鹿區","臺中市沙鹿區鹿陽國小","2026/08/31","照燒猴頭菇(素)"
"臺中市","沙鹿區","臺中市沙鹿區鹿陽國小","2026/08/31","砂鍋魚丁"
"臺中市","沙鹿區","臺中市沙鹿區鹿陽國小","2026/08/31","紅燒獅子頭(素)"
"臺中市","沙鹿區","臺中市沙鹿區鹿陽國小","2026/08/31","薑絲海根(素)"
"臺中市","沙鹿區","臺中市沙鹿區鹿陽國小","2026/08/31","蘿蔔排骨湯"
"臺中市","沙鹿區","臺中市沙鹿區鹿陽國小","2026/08/31","蘿蔔油腐湯(素)"
"臺中市","沙鹿區","臺中市沙鹿區鹿陽國小","2026/08/31","西芹豆包絲(素)"
"臺中市","沙鹿區","臺中市沙鹿區鹿陽國小","2026/08/31","調味料"
"臺中市","沙鹿區","臺中市沙鹿區鹿陽國小","2026/08/31","豆瓣豆腐(素)"
"臺中市","沙鹿區","臺中市沙鹿區鹿陽國小","2026/08/31","香Q米飯(素)"
"臺中市","沙鹿區","臺中市沙鹿區鹿陽國小","2026/08/31","麥片飯"
"臺中市","沙鹿區","臺中市沙鹿區鹿陽國小","2026/08/31","麻婆豆腐"
"臺中市","北屯區","臺中市北屯區南興國小","2026/08/31","台式大雞腿(葷)"
"臺中市","北屯區","臺中市北屯區南興國小","2026/08/31","白米飯"
"臺中市","北屯區","臺中市北屯區南興國小","2026/08/31","砂鍋魚(葷)"
"臺中市","北屯區","臺中市北屯區南興國小","2026/08/31","砂鍋麵腸(素)"
"臺中市","北屯區","臺中市北屯區南興國小","2026/08/31","素雞排(素)"
"臺中市","北屯區","臺中市北屯區南興國小","2026/08/31","薑汁蚵白菜"
"臺中市","北屯區","臺中市北屯區南興國小","2026/08/31","蘋果"
"臺中市","北屯區","臺中市北屯區南興國小","2026/08/31","蘿蔔排骨湯(葷)"
"臺中市","北屯區","臺中市北屯區南興國小","2026/08/31","蘿蔔玉米湯(素)"
"臺中市","北屯區","臺中市北屯區南興國小","2026/08/31","調味料"
"臺中市","北屯區","臺中市北屯區南興國小","2026/08/31","麻婆豆腐(素)"
"臺中市","北屯區","臺中市北屯區南興國小","2026/08/31","麻婆豆腐(葷)"
"臺中市","北屯區","臺中市北屯區南興國中","2026/08/31","台式大雞腿"
"臺中市","北屯區","臺中市北屯區南興國中","2026/08/31","彩繪猴頭菇(素)"
"臺中市","北屯區","臺中市北屯區南興國中","2026/08/31","燕麥飯"
"臺中市","北屯區","臺中市北屯區南興國中","2026/08/31","牛奶起司饅頭(素)"
"臺中市","北屯區","臺中市北屯區南興國中","2026/08/31","砂鍋豆包(素)"
"臺中市","北屯區","臺中市北屯區南興國中","2026/08/31","砂鍋魚"
"臺中市","北屯區","臺中市北屯區南興國中","2026/08/31","紅蔥蚵白菜"
"臺中市","北屯區","臺中市北屯區南興國中","2026/08/31","脆炒小瓜(素)"
"臺中市","北屯區","臺中市北屯區南興國中","2026/08/31","蘿蔔排骨湯"
"臺中市","北屯區","臺中市北屯區南興國中","2026/08/31","蘿蔔素肉湯(素)"
"臺中市","北屯區","臺中市北屯區南興國中","2026/08/31","調味料"
"臺中市","北屯區","臺中市北屯區南興國中","2026/08/31","香炒蚵仔白菜(素)"
"臺中市","北屯區","臺中市北屯區南興國中","2026/08/31","麻婆豆腐"
"臺中市","北屯區","臺中市北屯區南興國中","2026/08/31","麻婆豆腐(素)"
"臺中市","南屯區","臺中市南屯區文山國中","2026/08/31","台式大雞腿"
"臺中市","南屯區","臺中市南屯區文山國中","2026/08/31","小米飯"
"臺中市","南屯區","臺中市南屯區文山國中","2026/08/31","油菜"
"臺中市","南屯區","臺中市南屯區文山國中","2026/08/31","砂鍋魚"
"臺中市","南屯區","臺中市南屯區文山國中","2026/08/31","蘿蔔排骨湯"
"臺中市","南屯區","臺中市南屯區文山國中","2026/08/31","調味料"
"臺中市","南屯區","臺中市南屯區文山國中","2026/08/31","麻婆豆腐"
"臺中市","北屯區","臺中市北屯區廍子國中","2026/08/31","台式大雞腿"
"臺中市","北屯區","臺中市北屯區廍子國中","2026/08/31","小米飯"
"臺中市","北屯區","臺中市北屯區廍子國中","2026/08/31","砂鍋魚"
"臺中市","北屯區","臺中市北屯區廍子國中","2026/08/31","蘿蔔排骨湯"
"臺中市","北屯區","臺中市北屯區廍子國中","2026/08/31","蚵白菜"
"臺中市","北屯區","臺中市北屯區廍子國中","2026/08/31","調味料"
"臺中市","北屯區","臺中市北屯區廍子國中","2026/08/31","麻婆豆腐2"
